Route_No,Bus_Model,Fuel_Type,Avg_Speed_kmph,Fuel_Consumed_Liters,Distance_Covered_km,Year,Destination,No_of_Buses_in_Route
356C,Tata Marcopolo,CNG,48.8,34.75,142.4,2025,Majestic,40
V500C,Volvo 8400 B7RLE,Diesel,28.9,70.12,191.7,2025,ITPL,58
77E,Volvo 8400 B7RLE,Diesel,46.7,21.4,72.8,2025,KR Puram,54
279F,Volvo 9400XL,Diesel,25.5,54.57,215.8,2025,Peenya,30
60A,Volvo 9400XL,Diesel,30.3,87.68,243.1,2025,Indiranagar,44
348C,Volvo 8400 B7RLE,Diesel,32.6,30.51,100.3,2025,Marathahalli,62
252H,Tata Marcopolo,CNG,32.3,39.56,155,2025,Bommanahalli,43
77E,Eicher Skyline Pro,CNG,32.3,25.55,90.7,2025,KR Puram,72
401A,Switch EiV 12,Electric,44.6,0,160.3,2025,RT Nagar,21
60A,Ashok Leyland Viking,Diesel,37.9,30.66,103.9,2025,Indiranagar,65
213K,Eicher Skyline Pro,CNG,40.2,21.56,70.2,2025,Banerghatta,28
213K,Tata Marcopolo,CNG,48.7,16.7,74.3,2025,Banerghatta,10
K1,Eicher Skyline Pro,CNG,32.6,75.58,237.8,2025,Koramangala,54
600A,Eicher Skyline Pro,CNG,36,66.13,210.5,2025,Banashankari,34
215K,Volvo 9400XL,Diesel,25.9,43.71,168.9,2025,Kengeri,21
348C,Volvo 8400 B7RLE,Diesel,41.6,39.39,116.9,2025,Marathahalli,59
60A,Eicher Skyline Pro,CNG,38.7,53.21,174.4,2025,Indiranagar,68
213K,Eicher Skyline Pro,CNG,44.4,61.98,273.3,2025,Banerghatta,20
K1,Volvo 9400XL,Diesel,39.9,66.16,256.9,2025,Koramangala,19
12G,Volvo 8400 B7RLE,Diesel,29.9,30.96,79.5,2025,BTM Layout,37
K1,Ashok Leyland Viking,Diesel,34.7,45.27,131.6,2025,Koramangala,67
K1,Switch EiV 12,Electric,33.9,0,242.3,2025,Koramangala,72
201R,Volvo 9400XL,Diesel,38.6,44.92,121.8,2025,Yelahanka,20
600A,Tata Marcopolo,CNG,26.9,52.79,236.5,2025,Banashankari,41
60A,Switch EiV 12,Electric,30,0,229.9,2025,Indiranagar,72
60A,Volvo 9400XL,Diesel,45.4,17.19,61.2,2025,Indiranagar,24
201R,Ashok Leyland Viking,Diesel,44.3,84.41,220.4,2025,Yelahanka,78
210N,Eicher Skyline Pro,CNG,27.9,32.34,138.9,2025,Jayanagar,66
V500C,Eicher Skyline Pro,CNG,33.3,63.68,197.1,2025,ITPL,22
365B,Switch EiV 12,Electric,33.1,0,128.4,2025,Silk Board,34
96E,Eicher Skyline Pro,CNG,40.9,50.91,220.5,2025,Electronic City,53
600A,Switch EiV 12,Electric,28,0,163.9,2025,Banashankari,49
210N,Tata Marcopolo,CNG,44,56.46,216.9,2025,Jayanagar,26
77E,Tata Marcopolo,CNG,37.3,60.67,229.6,2025,KR Puram,37
348C,Tata Marcopolo,CNG,25.6,48.74,154.1,2025,Marathahalli,24
96E,Volvo 9400XL,Diesel,40.9,22.51,66.9,2025,Electronic City,41
252H,Eicher Skyline Pro,CNG,47.7,50.95,171.9,2025,Bommanahalli,40
213K,Eicher Skyline Pro,CNG,43.9,44.96,150.3,2025,Banerghatta,45
210N,Volvo 8400 B7RLE,Diesel,32.2,28.05,76.9,2025,Jayanagar,68
356C,Volvo 9400XL,Diesel,45.2,76.66,264.5,2025,Majestic,50
365B,Volvo 8400 B7RLE,Diesel,45.1,90.54,251.7,2025,Silk Board,33
279F,Ashok Leyland Viking,Diesel,38.5,69.09,256.4,2025,Peenya,45
V500C,Eicher Skyline Pro,CNG,33,81.23,257.1,2025,ITPL,73
279F,Eicher Skyline Pro,CNG,35.7,26.05,110.1,2025,Peenya,24
96E,Tata Marcopolo,CNG,25.2,66.22,249.4,2025,Electronic City,73
12G,Ashok Leyland Viking,Diesel,30.6,56.65,151.8,2025,BTM Layout,66
500D,Eicher Skyline Pro,CNG,48.6,38.54,134.3,2025,Whitefield,50
500D,Ashok Leyland Viking,Diesel,42.6,57.17,174.1,2025,Whitefield,38
210N,Volvo 8400 B7RLE,Diesel,49.1,95.15,273.8,2025,Jayanagar,43
215K,Volvo 9400XL,Diesel,32.5,57.87,169.4,2025,Kengeri,14
60A,Eicher Skyline Pro,CNG,40.2,18.14,68.1,2025,Indiranagar,10
12G,Tata Marcopolo,CNG,32,16.34,71.3,2025,BTM Layout,43
210N,Eicher Skyline Pro,CNG,28.6,30.18,112.7,2025,Jayanagar,43
96E,Volvo 9400XL,Diesel,31.1,78.9,276.8,2025,Electronic City,18
600A,Eicher Skyline Pro,CNG,30.9,55.62,227.6,2025,Banashankari,42
401A,Eicher Skyline Pro,CNG,40.8,35.67,140.9,2025,RT Nagar,13
365B,Ashok Leyland Viking,Diesel,27.3,47.4,177.9,2025,Silk Board,37
12G,Eicher Skyline Pro,CNG,29.7,42.66,130.6,2025,BTM Layout,73
401A,Tata Marcopolo,CNG,41.9,62.81,190,2025,RT Nagar,62
600A,Ashok Leyland Viking,Diesel,30.7,49.8,172.7,2025,Banashankari,72
348C,Eicher Skyline Pro,CNG,42.3,27.49,98.4,2025,Marathahalli,68
96E,Ashok Leyland Viking,Diesel,28.4,88.36,266.1,2025,Electronic City,71
77E,Ashok Leyland Viking,Diesel,48.1,22.27,85,2025,KR Puram,58
77E,Ashok Leyland Viking,Diesel,41.5,31.32,116.7,2025,KR Puram,15
348C,Switch EiV 12,Electric,38.2,0,182.1,2025,Marathahalli,10
401A,Volvo 9400XL,Diesel,27.3,29.43,113.2,2025,RT Nagar,76
600A,Ashok Leyland Viking,Diesel,40.8,85.79,258.1,2025,Banashankari,58
348C,Eicher Skyline Pro,CNG,43.1,31.48,136.8,2025,Marathahalli,23
60A,Eicher Skyline Pro,CNG,44.5,64.39,255.2,2025,Indiranagar,15
V500C,Tata Marcopolo,CNG,29,18.05,78.5,2025,ITPL,78
290E,Eicher Skyline Pro,CNG,25.2,61.35,193.4,2025,Mysuru Road,70
215K,Switch EiV 12,Electric,25.1,0,206,2025,Kengeri,21
279F,Switch EiV 12,Electric,38.7,0,95.4,2025,Peenya,25
348C,Tata Marcopolo,CNG,41.3,63.6,212.2,2025,Marathahalli,40
213K,Eicher Skyline Pro,CNG,30.9,62.13,216.7,2025,Banerghatta,35
365B,Tata Marcopolo,CNG,41.2,52.46,224.2,2025,Silk Board,29
279F,Eicher Skyline Pro,CNG,39.2,65.18,204.7,2025,Peenya,62
252H,Eicher Skyline Pro,CNG,31.6,41.86,140.9,2025,Bommanahalli,79
12G,Volvo 8400 B7RLE,Diesel,34.8,71.42,274.1,2025,BTM Layout,71
600A,Volvo 9400XL,Diesel,44.9,61.13,198.9,2025,Banashankari,12
365B,Ashok Leyland Viking,Diesel,37.3,66.92,186.9,2025,Silk Board,50
600A,Switch EiV 12,Electric,32,0,218.9,2025,Banashankari,17
60A,Volvo 9400XL,Diesel,41.1,23.61,65.3,2025,Indiranagar,64
356C,Ashok Leyland Viking,Diesel,48.8,68.93,266.9,2025,Majestic,78
213K,Ashok Leyland Viking,Diesel,25.4,36.33,141.4,2025,Banerghatta,33
401A,Tata Marcopolo,CNG,49.2,34.69,154.2,2025,RT Nagar,59
356C,Switch EiV 12,Electric,32.4,0,247.7,2025,Majestic,32
77E,Volvo 8400 B7RLE,Diesel,46.3,48.63,144.7,2025,KR Puram,60
401A,Eicher Skyline Pro,CNG,38.9,22.09,97.3,2025,RT Nagar,73
210N,Switch EiV 12,Electric,39.3,0,213.1,2025,Jayanagar,49
213K,Switch EiV 12,Electric,40.4,0,81.4,2025,Banerghatta,28
77E,Tata Marcopolo,CNG,28.5,73.54,277.8,2025,KR Puram,43
600A,Volvo 9400XL,Diesel,43.5,71.36,253,2025,Banashankari,13
279F,Ashok Leyland Viking,Diesel,34,72.95,214.5,2025,Peenya,12
348C,Volvo 8400 B7RLE,Diesel,45.3,62.65,238.1,2025,Marathahalli,17
215K,Volvo 8400 B7RLE,Diesel,37.8,80.22,260.9,2025,Kengeri,22
279F,Tata Marcopolo,CNG,41.2,58.13,235.6,2025,Peenya,72
12G,Tata Marcopolo,CNG,47.3,67.04,235.1,2025,BTM Layout,17
V500C,Ashok Leyland Viking,Diesel,27.3,42.35,142.6,2025,ITPL,35
290E,Ashok Leyland Viking,Diesel,36.6,20.49,67.9,2025,Mysuru Road,32
500D,Eicher Skyline Pro,CNG,39.8,40.38,123,2025,Whitefield,19
60A,Ashok Leyland Viking,Diesel,45.6,22.43,68.2,2025,Indiranagar,74
V500C,Switch EiV 12,Electric,38.1,0,88,2025,ITPL,61
252H,Switch EiV 12,Electric,30.4,0,229.4,2025,Bommanahalli,58
43E,Tata Marcopolo,CNG,27.1,64.01,197,2025,Hebbal,69
96E,Switch EiV 12,Electric,38.5,0,176.9,2025,Electronic City,45
365B,Volvo 8400 B7RLE,Diesel,43.2,50.51,200.2,2025,Silk Board,76
60A,Tata Marcopolo,CNG,33.1,41.4,173.6,2025,Indiranagar,53
96E,Ashok Leyland Viking,Diesel,36,45.69,119.6,2025,Electronic City,54
12G,Eicher Skyline Pro,CNG,49.1,15.42,65.6,2025,BTM Layout,35
348C,Eicher Skyline Pro,CNG,35.2,65.37,213.1,2025,Marathahalli,49
279F,Volvo 8400 B7RLE,Diesel,31.3,28.4,94.4,2025,Peenya,70
290E,Tata Marcopolo,CNG,41.5,63.51,217.2,2025,Mysuru Road,57
365B,Volvo 8400 B7RLE,Diesel,43.4,81.07,270.1,2025,Silk Board,44
12G,Ashok Leyland Viking,Diesel,35.5,67.77,194.6,2025,BTM Layout,23
213K,Ashok Leyland Viking,Diesel,43.9,54.85,138.3,2025,Banerghatta,44
348C,Ashok Leyland Viking,Diesel,26.2,33.38,85.5,2025,Marathahalli,34
213K,Tata Marcopolo,CNG,42.6,66.88,248.2,2025,Banerghatta,19
V500C,Eicher Skyline Pro,CNG,37.3,21.97,81.5,2025,ITPL,65
12G,Ashok Leyland Viking,Diesel,35.8,31.67,98.1,2025,BTM Layout,41
290E,Ashok Leyland Viking,Diesel,40.9,76.13,195.5,2025,Mysuru Road,22
213K,Switch EiV 12,Electric,40.6,0,142.4,2025,Banerghatta,78
356C,Switch EiV 12,Electric,46.4,0,170.7,2025,Majestic,11
12G,Volvo 9400XL,Diesel,29.1,78.63,204.9,2025,BTM Layout,19
279F,Volvo 9400XL,Diesel,25.7,59.58,201.3,2025,Peenya,69
348C,Switch EiV 12,Electric,39.4,0,266.9,2025,Marathahalli,12
60A,Eicher Skyline Pro,CNG,41.1,39.43,145.4,2025,Indiranagar,57
290E,Tata Marcopolo,CNG,48.5,50.29,180,2025,Mysuru Road,18
210N,Eicher Skyline Pro,CNG,47.6,82.43,271.5,2025,Jayanagar,36
201R,Volvo 9400XL,Diesel,27.5,29.79,75.3,2025,Yelahanka,39
600A,Volvo 8400 B7RLE,Diesel,42.1,31,80.8,2025,Banashankari,48
600A,Volvo 9400XL,Diesel,46.1,51.36,130.2,2025,Banashankari,60
290E,Volvo 9400XL,Diesel,32,89.35,239.2,2025,Mysuru Road,49
213K,Volvo 9400XL,Diesel,40.7,55.89,213.3,2025,Banerghatta,19
77E,Eicher Skyline Pro,CNG,45.1,64.77,221.7,2025,KR Puram,15
V500C,Ashok Leyland Viking,Diesel,43.8,26.68,99,2025,ITPL,20
401A,Volvo 9400XL,Diesel,35.3,90.88,277.9,2025,RT Nagar,80
77E,Eicher Skyline Pro,CNG,33.5,52.5,230.8,2025,KR Puram,73
210N,Eicher Skyline Pro,CNG,35.7,60.32,248.9,2025,Jayanagar,71
V500C,Switch EiV 12,Electric,27.6,0,226,2025,ITPL,70
77E,Switch EiV 12,Electric,37.6,0,258.6,2025,KR Puram,59
60A,Eicher Skyline Pro,CNG,33,55.67,241.8,2025,Indiranagar,14
213K,Switch EiV 12,Electric,25.3,0,145.6,2025,Banerghatta,59
215K,Switch EiV 12,Electric,27.3,0,259.2,2025,Kengeri,54
401A,Switch EiV 12,Electric,48.8,0,130.2,2025,RT Nagar,28
279F,Switch EiV 12,Electric,39.3,0,269.1,2025,Peenya,20
252H,Switch EiV 12,Electric,36.2,0,199,2025,Bommanahalli,66
12G,Volvo 9400XL,Diesel,33.2,35.48,124.5,2025,BTM Layout,72
500D,Tata Marcopolo,CNG,44.8,53.89,225.5,2025,Whitefield,17
401A,Eicher Skyline Pro,CNG,37.4,25.95,80.1,2025,RT Nagar,24
201R,Eicher Skyline Pro,CNG,36,41.76,180.9,2025,Yelahanka,22
96E,Volvo 8400 B7RLE,Diesel,27.9,50.54,137.2,2025,Electronic City,39
365B,Tata Marcopolo,CNG,40.5,72.18,227.5,2025,Silk Board,75
290E,Volvo 8400 B7RLE,Diesel,42.5,30.09,78.5,2025,Mysuru Road,58
365B,Volvo 9400XL,Diesel,42.7,91.84,240.8,2025,Silk Board,47
401A,Volvo 9400XL,Diesel,49.7,25.71,78.7,2025,RT Nagar,60
201R,Tata Marcopolo,CNG,45.3,32.01,141.5,2025,Yelahanka,35
356C,Switch EiV 12,Electric,43.8,0,276.9,2025,Majestic,67
201R,Volvo 8400 B7RLE,Diesel,27.1,38.96,142.8,2025,Yelahanka,38
60A,Ashok Leyland Viking,Diesel,35.6,47.36,182.8,2025,Indiranagar,78
K1,Volvo 8400 B7RLE,Diesel,37.3,33.57,84.5,2025,Koramangala,49
60A,Volvo 8400 B7RLE,Diesel,26.4,60.9,163.1,2025,Indiranagar,63
356C,Tata Marcopolo,CNG,41.2,20.85,85.9,2025,Majestic,50
77E,Tata Marcopolo,CNG,49.1,52.86,188.3,2025,KR Puram,31
60A,Ashok Leyland Viking,Diesel,46.7,43.34,122.9,2025,Indiranagar,33
43E,Volvo 9400XL,Diesel,25.3,68.75,271.9,2025,Hebbal,77
210N,Switch EiV 12,Electric,47.3,0,69.5,2025,Jayanagar,39
356C,Switch EiV 12,Electric,49.8,0,176.1,2025,Majestic,11
210N,Eicher Skyline Pro,CNG,38.8,17.11,76.2,2025,Jayanagar,58
252H,Eicher Skyline Pro,CNG,40.7,43.3,175.1,2025,Bommanahalli,74
348C,Volvo 8400 B7RLE,Diesel,40.7,47.39,160,2025,Marathahalli,66
348C,Volvo 8400 B7RLE,Diesel,26.1,88.42,258.3,2025,Marathahalli,71
356C,Ashok Leyland Viking,Diesel,47.3,84.53,269.1,2025,Majestic,27
279F,Volvo 8400 B7RLE,Diesel,31.9,70.59,196.4,2025,Peenya,50
77E,Volvo 8400 B7RLE,Diesel,33.8,47.99,162,2025,KR Puram,16
60A,Switch EiV 12,Electric,49.4,0,77.1,2025,Indiranagar,56
77E,Ashok Leyland Viking,Diesel,42.5,83.83,277,2025,KR Puram,68
12G,Switch EiV 12,Electric,45.3,0,128.1,2025,BTM Layout,50
348C,Volvo 8400 B7RLE,Diesel,29.1,54.47,210.6,2025,Marathahalli,26
213K,Switch EiV 12,Electric,48.7,0,241,2025,Banerghatta,27
365B,Volvo 8400 B7RLE,Diesel,40.3,70.25,219.7,2025,Silk Board,20
215K,Tata Marcopolo,CNG,46.7,86.45,265.2,2025,Kengeri,38
201R,Volvo 8400 B7RLE,Diesel,34.4,17.71,65.8,2025,Yelahanka,20
279F,Volvo 9400XL,Diesel,28.8,81.74,277.2,2025,Peenya,64
96E,Volvo 9400XL,Diesel,49.2,38.21,143.8,2025,Electronic City,72
213K,Volvo 9400XL,Diesel,36.7,78.28,244.4,2025,Banerghatta,18
500D,Ashok Leyland Viking,Diesel,26.4,31.63,120.1,2025,Whitefield,33
348C,Tata Marcopolo,CNG,50,53.13,238.8,2025,Marathahalli,77
213K,Switch EiV 12,Electric,44.2,0,182.2,2025,Banerghatta,51
365B,Eicher Skyline Pro,CNG,46.2,79.44,267.8,2025,Silk Board,18
290E,Switch EiV 12,Electric,28.2,0,159.1,2025,Mysuru Road,64
348C,Volvo 9400XL,Diesel,40.2,94.94,269.9,2025,Marathahalli,68
213K,Volvo 9400XL,Diesel,40.5,68.42,207.8,2025,Banerghatta,25
213K,Ashok Leyland Viking,Diesel,41.8,25.91,85,2025,Banerghatta,13
77E,Tata Marcopolo,CNG,38,53.74,229.9,2025,KR Puram,53
43E,Ashok Leyland Viking,Diesel,39,47.55,181.4,2025,Hebbal,26
600A,Volvo 9400XL,Diesel,28.4,58.51,148.8,2025,Banashankari,80
600A,Volvo 8400 B7RLE,Diesel,40.5,63.58,226.1,2025,Banashankari,46
V500C,Switch EiV 12,Electric,28.4,0,106.9,2025,ITPL,17
210N,Switch EiV 12,Electric,33.8,0,63.2,2025,Jayanagar,67
365B,Ashok Leyland Viking,Diesel,34.8,60.14,189.8,2025,Silk Board,73
210N,Volvo 9400XL,Diesel,33.7,79.15,258.9,2025,Jayanagar,50
60A,Volvo 9400XL,Diesel,34.9,67.69,232.4,2025,Indiranagar,52
V500C,Volvo 8400 B7RLE,Diesel,48.7,91.78,249.7,2025,ITPL,40
252H,Switch EiV 12,Electric,37.3,0,263.8,2025,Bommanahalli,48
77E,Eicher Skyline Pro,CNG,36.5,26.13,116.8,2025,KR Puram,24
500D,Tata Marcopolo,CNG,33.2,42.63,168.4,2025,Whitefield,27
365B,Volvo 8400 B7RLE,Diesel,26.9,41.88,112.8,2025,Silk Board,45
600A,Volvo 9400XL,Diesel,28.8,32.57,88.2,2025,Banashankari,73
K1,Ashok Leyland Viking,Diesel,29.5,66.59,201,2025,Koramangala,66
43E,Tata Marcopolo,CNG,36.8,64.3,257.3,2025,Hebbal,40
401A,Volvo 9400XL,Diesel,29.8,38.22,97.9,2025,RT Nagar,32
77E,Eicher Skyline Pro,CNG,32,29.77,97.2,2025,KR Puram,31
365B,Tata Marcopolo,CNG,28,21.54,79.5,2025,Silk Board,28
252H,Volvo 8400 B7RLE,Diesel,34.1,32.38,105.4,2025,Bommanahalli,78
60A,Volvo 8400 B7RLE,Diesel,26,57.28,211.9,2025,Indiranagar,27
500D,Ashok Leyland Viking,Diesel,27,51.99,198.1,2025,Whitefield,78
600A,Eicher Skyline Pro,CNG,26.5,76.89,262.6,2025,Banashankari,56
210N,Eicher Skyline Pro,CNG,43.7,72.45,237.4,2025,Jayanagar,29
356C,Eicher Skyline Pro,CNG,34.3,28.47,106.1,2025,Majestic,26
77E,Ashok Leyland Viking,Diesel,34.2,61.37,196,2025,KR Puram,62
43E,Eicher Skyline Pro,CNG,25.9,66.42,224.4,2025,Hebbal,77
77E,Volvo 9400XL,Diesel,47.4,66.38,216.9,2025,KR Puram,20
600A,Ashok Leyland Viking,Diesel,27.7,55.85,177.1,2025,Banashankari,49
279F,Volvo 9400XL,Diesel,31.1,61.02,177.2,2025,Peenya,23
500D,Ashok Leyland Viking,Diesel,25.5,47.94,143,2025,Whitefield,73
290E,Switch EiV 12,Electric,33.2,0,106.5,2025,Mysuru Road,76
43E,Ashok Leyland Viking,Diesel,47.3,25.45,86.3,2025,Hebbal,61
K1,Volvo 8400 B7RLE,Diesel,44.7,64.48,209.4,2025,Koramangala,76
77E,Switch EiV 12,Electric,38.4,0,79.1,2025,KR Puram,64
12G,Volvo 9400XL,Diesel,43.6,60.08,189.1,2025,BTM Layout,37
348C,Tata Marcopolo,CNG,32.1,24.85,88.1,2025,Marathahalli,66
K1,Ashok Leyland Viking,Diesel,39.3,66.61,202.1,2025,Koramangala,61
60A,Eicher Skyline Pro,CNG,40.1,82.54,277,2025,Indiranagar,60
252H,Switch EiV 12,Electric,28.8,0,82.4,2025,Bommanahalli,37
12G,Tata Marcopolo,CNG,29,34.79,114.1,2025,BTM Layout,14
356C,Ashok Leyland Viking,Diesel,29.3,31.91,122.7,2025,Majestic,40
500D,Eicher Skyline Pro,CNG,38.1,21.49,77.7,2025,Whitefield,50
356C,Volvo 9400XL,Diesel,27.8,89.16,276.1,2025,Majestic,17
365B,Ashok Leyland Viking,Diesel,46.6,73.36,273.3,2025,Silk Board,79
279F,Tata Marcopolo,CNG,29.3,29.15,116.7,2025,Peenya,19
213K,Eicher Skyline Pro,CNG,38.9,68.57,264.5,2025,Banerghatta,27
201R,Switch EiV 12,Electric,44.2,0,121.6,2025,Yelahanka,46
201R,Tata Marcopolo,CNG,33.1,27.79,101.1,2025,Yelahanka,37
279F,Switch EiV 12,Electric,31.1,0,171.7,2025,Peenya,44
213K,Switch EiV 12,Electric,40.3,0,85.3,2025,Banerghatta,37
252H,Switch EiV 12,Electric,39.5,0,123.5,2025,Bommanahalli,38
365B,Switch EiV 12,Electric,37,0,94,2025,Silk Board,16
60A,Volvo 9400XL,Diesel,26.3,58.97,177.2,2025,Indiranagar,31
290E,Eicher Skyline Pro,CNG,26.6,19.98,89.6,2025,Mysuru Road,39
290E,Switch EiV 12,Electric,45.2,0,130.9,2025,Mysuru Road,72
348C,Tata Marcopolo,CNG,42,28.02,116,2025,Marathahalli,50
365B,Ashok Leyland Viking,Diesel,36.8,61.26,191,2025,Silk Board,21
279F,Switch EiV 12,Electric,48.2,0,136.8,2025,Peenya,52
12G,Volvo 8400 B7RLE,Diesel,49.1,90.34,242.7,2025,BTM Layout,71
K1,Tata Marcopolo,CNG,48.5,67.48,220.8,2025,Koramangala,79
290E,Volvo 8400 B7RLE,Diesel,43.5,22.19,74.6,2025,Mysuru Road,66
348C,Ashok Leyland Viking,Diesel,28.5,66.4,245.2,2025,Marathahalli,73
V500C,Volvo 8400 B7RLE,Diesel,29.1,38.01,104.4,2025,ITPL,57
252H,Volvo 9400XL,Diesel,41.6,72.82,239.2,2025,Bommanahalli,27
12G,Tata Marcopolo,CNG,46.9,38.71,138.9,2025,BTM Layout,63
401A,Switch EiV 12,Electric,36,0,239.7,2025,RT Nagar,34
77E,Volvo 8400 B7RLE,Diesel,36.6,48.41,142.9,2025,KR Puram,57
210N,Volvo 9400XL,Diesel,37.6,78.82,224.5,2025,Jayanagar,13
210N,Tata Marcopolo,CNG,34.6,67.6,257.9,2025,Jayanagar,48
43E,Switch EiV 12,Electric,40.6,0,259.4,2025,Hebbal,71
96E,Ashok Leyland Viking,Diesel,48.5,24.9,85.7,2025,Electronic City,69
365B,Eicher Skyline Pro,CNG,28.5,31.9,133.7,2025,Silk Board,58
V500C,Ashok Leyland Viking,Diesel,38.3,51.13,196.4,2025,ITPL,14
348C,Tata Marcopolo,CNG,28.8,67.34,233.5,2025,Marathahalli,21
K1,Ashok Leyland Viking,Diesel,43.6,44.98,114.7,2025,Koramangala,26
K1,Volvo 8400 B7RLE,Diesel,44.1,48.6,185.4,2025,Koramangala,14
96E,Eicher Skyline Pro,CNG,45.5,42.74,135.3,2025,Electronic City,69
210N,Volvo 8400 B7RLE,Diesel,28.2,79.52,246.2,2025,Jayanagar,31
356C,Eicher Skyline Pro,CNG,28.7,70.4,235.4,2025,Majestic,15
600A,Ashok Leyland Viking,Diesel,43,63.23,218.9,2025,Banashankari,71
60A,Tata Marcopolo,CNG,38.6,62.97,212.7,2025,Indiranagar,29
77E,Switch EiV 12,Electric,29.5,0,136.1,2025,KR Puram,77
356C,Switch EiV 12,Electric,39.6,0,259.9,2025,Majestic,36
252H,Ashok Leyland Viking,Diesel,36.6,37.8,148.2,2025,Bommanahalli,65
600A,Tata Marcopolo,CNG,39.7,24.93,93.7,2025,Banashankari,45
77E,Switch EiV 12,Electric,25.5,0,194.5,2025,KR Puram,71
96E,Volvo 9400XL,Diesel,48.3,75.25,251.9,2025,Electronic City,17
43E,Volvo 9400XL,Diesel,48.1,59.9,213.3,2025,Hebbal,57
77E,Volvo 9400XL,Diesel,39.4,27.45,93.6,2025,KR Puram,64
215K,Volvo 9400XL,Diesel,43.4,39.29,153.3,2025,Kengeri,63
252H,Ashok Leyland Viking,Diesel,36.3,98.73,263.6,2025,Bommanahalli,20
210N,Volvo 9400XL,Diesel,46,102.98,276.7,2025,Jayanagar,17
500D,Switch EiV 12,Electric,46.7,0,262.6,2025,Whitefield,24
201R,Volvo 9400XL,Diesel,39.8,56.19,174.1,2025,Yelahanka,37
215K,Ashok Leyland Viking,Diesel,33.4,19.44,72,2025,Kengeri,49
60A,Volvo 9400XL,Diesel,33.3,19.69,61,2025,Indiranagar,61
12G,Ashok Leyland Viking,Diesel,48,59.02,178.2,2025,BTM Layout,21
600A,Volvo 8400 B7RLE,Diesel,43.4,42.88,136.3,2025,Banashankari,45
401A,Volvo 8400 B7RLE,Diesel,36.3,40.35,109.4,2025,RT Nagar,24
215K,Tata Marcopolo,CNG,37.5,27.23,98.8,2025,Kengeri,27
401A,Tata Marcopolo,CNG,34.1,67.5,261.3,2025,RT Nagar,25
60A,Volvo 9400XL,Diesel,25.3,56.96,199.1,2025,Indiranagar,69
252H,Eicher Skyline Pro,CNG,49,30.78,99.2,2025,Bommanahalli,74
77E,Volvo 8400 B7RLE,Diesel,27.1,37.84,151.2,2025,KR Puram,48
500D,Ashok Leyland Viking,Diesel,39.9,65.56,170.5,2025,Whitefield,78
96E,Ashok Leyland Viking,Diesel,30.2,58.49,225,2025,Electronic City,28
290E,Eicher Skyline Pro,CNG,29.8,34.4,105.1,2025,Mysuru Road,78
252H,Tata Marcopolo,CNG,39.1,52.9,163.9,2025,Bommanahalli,37
43E,Volvo 9400XL,Diesel,36.3,70.16,230.6,2025,Hebbal,20
96E,Eicher Skyline Pro,CNG,35,40.89,157,2025,Electronic City,35
279F,Switch EiV 12,Electric,29.5,0,94.2,2025,Peenya,58
279F,Volvo 8400 B7RLE,Diesel,48.7,81.57,249.6,2025,Peenya,77
77E,Ashok Leyland Viking,Diesel,41.1,38.42,119.6,2025,KR Puram,47
213K,Volvo 9400XL,Diesel,28.9,18.35,65.6,2025,Banerghatta,50
365B,Volvo 8400 B7RLE,Diesel,25.7,72.36,205,2025,Silk Board,33
279F,Tata Marcopolo,CNG,41.8,36.57,110.8,2025,Peenya,38
213K,Eicher Skyline Pro,CNG,45,25.37,82.9,2025,Banerghatta,60
600A,Volvo 9400XL,Diesel,31,76.85,203.6,2025,Banashankari,14
12G,Tata Marcopolo,CNG,43.1,26.5,113.5,2025,BTM Layout,71
279F,Volvo 9400XL,Diesel,34.9,69.27,242.6,2025,Peenya,56
290E,Ashok Leyland Viking,Diesel,32.3,27.34,105.1,2025,Mysuru Road,60
356C,Switch EiV 12,Electric,27.1,0,62.9,2025,Majestic,37
213K,Tata Marcopolo,CNG,25.7,32.3,105.7,2025,Banerghatta,14
V500C,Tata Marcopolo,CNG,35.5,43.4,188.3,2025,ITPL,26
77E,Volvo 8400 B7RLE,Diesel,33.5,83,239.8,2025,KR Puram,17
77E,Ashok Leyland Viking,Diesel,39.8,49.45,143.5,2025,KR Puram,40
96E,Ashok Leyland Viking,Diesel,35.2,59.28,197.3,2025,Electronic City,37
12G,Volvo 8400 B7RLE,Diesel,32.4,39.74,155.9,2025,BTM Layout,66
96E,Switch EiV 12,Electric,28.5,0,228,2025,Electronic City,22
60A,Volvo 8400 B7RLE,Diesel,37.2,65.36,251.1,2025,Indiranagar,19
600A,Ashok Leyland Viking,Diesel,35.6,93.14,236,2025,Banashankari,67
215K,Volvo 9400XL,Diesel,38.5,34.52,119.1,2025,Kengeri,34
356C,Eicher Skyline Pro,CNG,28.5,27.44,116.7,2025,Majestic,24
290E,Volvo 9400XL,Diesel,38.1,100.31,276.6,2025,Mysuru Road,19
V500C,Eicher Skyline Pro,CNG,25.5,27.43,119.9,2025,ITPL,32
500D,Ashok Leyland Viking,Diesel,39.4,29.51,85.9,2025,Whitefield,32
60A,Eicher Skyline Pro,CNG,41.3,42.85,181.9,2025,Indiranagar,33
600A,Tata Marcopolo,CNG,25.3,32.88,105.4,2025,Banashankari,44
V500C,Volvo 8400 B7RLE,Diesel,46.8,75.97,258,2025,ITPL,23
401A,Ashok Leyland Viking,Diesel,41.6,69.52,192.1,2025,RT Nagar,13
401A,Eicher Skyline Pro,CNG,35.5,73.07,261.2,2025,RT Nagar,22
348C,Tata Marcopolo,CNG,26.2,53.61,174.2,2025,Marathahalli,42
401A,Eicher Skyline Pro,CNG,27.1,56.96,222.4,2025,RT Nagar,49
348C,Volvo 8400 B7RLE,Diesel,34.7,38.87,114,2025,Marathahalli,49
V500C,Volvo 9400XL,Diesel,43,46.92,138.2,2025,ITPL,78
290E,Tata Marcopolo,CNG,36.9,46.2,184.6,2025,Mysuru Road,31
348C,Switch EiV 12,Electric,43.3,0,266.1,2025,Marathahalli,23
252H,Switch EiV 12,Electric,25.8,0,107.3,2025,Bommanahalli,19
60A,Ashok Leyland Viking,Diesel,39.9,45.67,117.7,2025,Indiranagar,37
401A,Ashok Leyland Viking,Diesel,39.9,56.37,169.2,2025,RT Nagar,26
401A,Switch EiV 12,Electric,27.7,0,229.6,2025,RT Nagar,59
201R,Volvo 9400XL,Diesel,43.2,23.59,76.5,2025,Yelahanka,46
600A,Volvo 9400XL,Diesel,35.9,73.67,211.4,2025,Banashankari,42
365B,Volvo 9400XL,Diesel,45,67.81,240.2,2025,Silk Board,68
12G,Ashok Leyland Viking,Diesel,39.8,39.42,119.9,2025,BTM Layout,75
210N,Volvo 9400XL,Diesel,47.9,29.61,80.1,2025,Jayanagar,56
252H,Volvo 8400 B7RLE,Diesel,36.2,96.88,269.1,2025,Bommanahalli,33
210N,Switch EiV 12,Electric,46.8,0,179.2,2025,Jayanagar,25
356C,Volvo 8400 B7RLE,Diesel,45.2,63.39,221.1,2025,Majestic,38
500D,Tata Marcopolo,CNG,46.2,62.91,212.3,2025,Whitefield,35
365B,Switch EiV 12,Electric,30.5,0,167.7,2025,Silk Board,21
96E,Switch EiV 12,Electric,48.6,0,277.3,2025,Electronic City,34
213K,Ashok Leyland Viking,Diesel,42.6,17.67,68.7,2025,Banerghatta,65
279F,Switch EiV 12,Electric,39.2,0,99.7,2025,Peenya,20
210N,Switch EiV 12,Electric,25.8,0,261.4,2025,Jayanagar,52
K1,Eicher Skyline Pro,CNG,32.4,48.65,213.4,2025,Koramangala,69
215K,Eicher Skyline Pro,CNG,48.6,73.72,273.6,2025,Kengeri,65
12G,Volvo 8400 B7RLE,Diesel,46.1,83.8,249.6,2025,BTM Layout,75
12G,Eicher Skyline Pro,CNG,25.9,62.24,242.4,2025,BTM Layout,23
12G,Eicher Skyline Pro,CNG,28,35.5,110.6,2025,BTM Layout,43
60A,Eicher Skyline Pro,CNG,33.5,52.16,213.2,2025,Indiranagar,50
252H,Tata Marcopolo,CNG,32.9,19.53,74.4,2025,Bommanahalli,55
356C,Ashok Leyland Viking,Diesel,33,68.05,234,2025,Majestic,63
96E,Volvo 8400 B7RLE,Diesel,40.4,89.46,254.9,2025,Electronic City,63
356C,Volvo 9400XL,Diesel,46.8,25.83,65.4,2025,Majestic,30
V500C,Volvo 9400XL,Diesel,38.2,64.58,252.4,2025,ITPL,18
252H,Eicher Skyline Pro,CNG,49.9,66.85,235.7,2025,Bommanahalli,28
252H,Volvo 9400XL,Diesel,35,71.06,228.8,2025,Bommanahalli,79
213K,Tata Marcopolo,CNG,46.8,44.26,198.1,2025,Banerghatta,11
213K,Ashok Leyland Viking,Diesel,35.4,73.12,229,2025,Banerghatta,47
348C,Eicher Skyline Pro,CNG,31,70.22,222.3,2025,Marathahalli,57
252H,Switch EiV 12,Electric,32.2,0,138,2025,Bommanahalli,70
252H,Ashok Leyland Viking,Diesel,30.8,48.85,125.2,2025,Bommanahalli,51
600A,Tata Marcopolo,CNG,49.7,17.55,63.9,2025,Banashankari,47
279F,Volvo 8400 B7RLE,Diesel,42,51.14,144.6,2025,Peenya,51
201R,Eicher Skyline Pro,CNG,44.7,85.83,269,2025,Yelahanka,37
201R,Eicher Skyline Pro,CNG,47,34.39,151.9,2025,Yelahanka,46
V500C,Tata Marcopolo,CNG,40.3,50.08,162.8,2025,ITPL,65
290E,Ashok Leyland Viking,Diesel,30.8,71.05,278.1,2025,Mysuru Road,56
600A,Volvo 9400XL,Diesel,40.2,62.07,202.9,2025,Banashankari,17
12G,Ashok Leyland Viking,Diesel,29.4,39.11,110.7,2025,BTM Layout,23
290E,Ashok Leyland Viking,Diesel,44.5,33.39,101,2025,Mysuru Road,59
43E,Ashok Leyland Viking,Diesel,49.2,19,72.7,2025,Hebbal,11
401A,Tata Marcopolo,CNG,49.9,80.99,264.1,2025,RT Nagar,28
348C,Ashok Leyland Viking,Diesel,44,41.53,147.2,2025,Marathahalli,45
201R,Volvo 9400XL,Diesel,45.4,33.1,93.9,2025,Yelahanka,24
215K,Ashok Leyland Viking,Diesel,38.4,32.22,109.2,2025,Kengeri,49
201R,Volvo 9400XL,Diesel,27.3,49.16,187.6,2025,Yelahanka,78
290E,Ashok Leyland Viking,Diesel,28.2,30.89,118.4,2025,Mysuru Road,65
279F,Eicher Skyline Pro,CNG,46.6,64.12,270.2,2025,Peenya,21
60A,Volvo 8400 B7RLE,Diesel,38.8,77.63,204.2,2025,Indiranagar,48
215K,Switch EiV 12,Electric,34.3,0,149.9,2025,Kengeri,67
600A,Switch EiV 12,Electric,43.1,0,117.1,2025,Banashankari,29
279F,Volvo 8400 B7RLE,Diesel,27,59.75,169.1,2025,Peenya,51
V500C,Volvo 9400XL,Diesel,26.9,55.68,210.3,2025,ITPL,13
356C,Switch EiV 12,Electric,37,0,168.9,2025,Majestic,76
96E,Volvo 9400XL,Diesel,45.6,62.98,190.3,2025,Electronic City,50
213K,Ashok Leyland Viking,Diesel,39.1,72.12,209.2,2025,Banerghatta,33
43E,Volvo 9400XL,Diesel,44.9,72.63,253.3,2025,Hebbal,33
500D,Tata Marcopolo,CNG,46.7,60.82,247.1,2025,Whitefield,60
96E,Eicher Skyline Pro,CNG,42.4,60.72,244.1,2025,Electronic City,10
348C,Eicher Skyline Pro,CNG,43.8,60.56,196.1,2025,Marathahalli,50
401A,Tata Marcopolo,CNG,46.8,83.38,253.8,2025,RT Nagar,26
201R,Tata Marcopolo,CNG,28.2,69,241.7,2025,Yelahanka,17
401A,Switch EiV 12,Electric,29,0,223.6,2025,RT Nagar,22
201R,Switch EiV 12,Electric,45.8,0,240,2025,Yelahanka,18
290E,Volvo 9400XL,Diesel,25.2,58.56,171.6,2025,Mysuru Road,54
252H,Tata Marcopolo,CNG,49.5,49.57,195.7,2025,Bommanahalli,72
213K,Switch EiV 12,Electric,40.9,0,117.2,2025,Banerghatta,46
K1,Ashok Leyland Viking,Diesel,44.5,67.21,178.8,2025,Koramangala,39
600A,Ashok Leyland Viking,Diesel,38.5,57.65,227.4,2025,Banashankari,49
290E,Switch EiV 12,Electric,40.8,0,135.2,2025,Mysuru Road,56
60A,Eicher Skyline Pro,CNG,27.6,60.15,265,2025,Indiranagar,37
60A,Ashok Leyland Viking,Diesel,26.7,71.59,211.3,2025,Indiranagar,57
213K,Tata Marcopolo,CNG,26.7,55.72,215.8,2025,Banerghatta,47
201R,Switch EiV 12,Electric,40.5,0,136.1,2025,Yelahanka,19
77E,Volvo 8400 B7RLE,Diesel,46.8,17.7,70.1,2025,KR Puram,12
290E,Ashok Leyland Viking,Diesel,43.7,101.37,273.2,2025,Mysuru Road,15
201R,Eicher Skyline Pro,CNG,25.6,74.77,226.8,2025,Yelahanka,24
279F,Ashok Leyland Viking,Diesel,37.2,35.89,131.2,2025,Peenya,54
348C,Switch EiV 12,Electric,36.1,0,210.3,2025,Marathahalli,71
96E,Volvo 8400 B7RLE,Diesel,49.9,38.29,120.2,2025,Electronic City,67
356C,Volvo 9400XL,Diesel,29.1,43.14,159.3,2025,Majestic,16
12G,Switch EiV 12,Electric,30.5,0,212.6,2025,BTM Layout,51
213K,Volvo 9400XL,Diesel,42,22.43,78.1,2025,Banerghatta,54
365B,Switch EiV 12,Electric,48.8,0,120.1,2025,Silk Board,30
600A,Tata Marcopolo,CNG,35.8,21.11,93.2,2025,Banashankari,65
96E,Switch EiV 12,Electric,41,0,152.3,2025,Electronic City,32
290E,Volvo 9400XL,Diesel,31.9,37.1,147.5,2025,Mysuru Road,12
V500C,Switch EiV 12,Electric,47.4,0,150.1,2025,ITPL,29
43E,Switch EiV 12,Electric,30.3,0,110.6,2025,Hebbal,56
V500C,Ashok Leyland Viking,Diesel,41.3,21.88,66.8,2025,ITPL,21
96E,Ashok Leyland Viking,Diesel,36.8,63.31,250.2,2025,Electronic City,67
348C,Switch EiV 12,Electric,46.7,0,100.8,2025,Marathahalli,78
43E,Tata Marcopolo,CNG,44.3,54.11,230.9,2025,Hebbal,27
600A,Volvo 9400XL,Diesel,40.7,84.32,227.4,2025,Banashankari,42
365B,Ashok Leyland Viking,Diesel,48,19.62,67.2,2025,Silk Board,45
348C,Ashok Leyland Viking,Diesel,37,87.89,235.2,2025,Marathahalli,61
401A,Ashok Leyland Viking,Diesel,42.1,27.82,87.5,2025,RT Nagar,66
365B,Volvo 8400 B7RLE,Diesel,37.3,40.1,104.1,2025,Silk Board,12
500D,Ashok Leyland Viking,Diesel,31.7,50.86,188,2025,Whitefield,31
290E,Switch EiV 12,Electric,36.4,0,128.3,2025,Mysuru Road,77
500D,Eicher Skyline Pro,CNG,26.8,17.44,62.6,2025,Whitefield,15
348C,Eicher Skyline Pro,CNG,40,48.17,165.6,2025,Marathahalli,26
V500C,Tata Marcopolo,CNG,46.5,51.06,212.9,2025,ITPL,57
600A,Eicher Skyline Pro,CNG,37,21.76,68.7,2025,Banashankari,22
215K,Eicher Skyline Pro,CNG,49.7,35.22,113.2,2025,Kengeri,40
V500C,Switch EiV 12,Electric,40.5,0,169.8,2025,ITPL,21
356C,Volvo 9400XL,Diesel,39,85.3,214.5,2025,Majestic,66
348C,Tata Marcopolo,CNG,37.9,42.08,131.8,2025,Marathahalli,55
401A,Volvo 8400 B7RLE,Diesel,25.8,52.37,137.1,2025,RT Nagar,15
210N,Eicher Skyline Pro,CNG,28.3,38.25,147.3,2025,Jayanagar,53
356C,Volvo 8400 B7RLE,Diesel,45,75.6,211.7,2025,Majestic,58
600A,Eicher Skyline Pro,CNG,27.6,24.48,96.8,2025,Banashankari,59
290E,Ashok Leyland Viking,Diesel,25.8,55.17,215.4,2025,Mysuru Road,48
43E,Volvo 8400 B7RLE,Diesel,38.5,20.04,71.4,2025,Hebbal,25
213K,Volvo 9400XL,Diesel,42.9,67.95,251.6,2025,Banerghatta,23
77E,Ashok Leyland Viking,Diesel,45.4,51.41,134.7,2025,KR Puram,80
12G,Volvo 9400XL,Diesel,38.7,68.95,256.9,2025,BTM Layout,17
290E,Volvo 9400XL,Diesel,41.1,48.49,159.5,2025,Mysuru Road,77
96E,Volvo 9400XL,Diesel,27,85.27,220.9,2025,Electronic City,51
96E,Tata Marcopolo,CNG,29,26.56,114.4,2025,Electronic City,78
201R,Tata Marcopolo,CNG,49.4,30.87,108.2,2025,Yelahanka,79
348C,Volvo 9400XL,Diesel,44.7,28.7,100.1,2025,Marathahalli,20
356C,Eicher Skyline Pro,CNG,38.9,41.58,169.6,2025,Majestic,63
12G,Ashok Leyland Viking,Diesel,49.9,27.84,110.3,2025,BTM Layout,79
K1,Switch EiV 12,Electric,30,0,203.1,2025,Koramangala,22
V500C,Ashok Leyland Viking,Diesel,26.8,82.37,209.7,2025,ITPL,14
500D,Volvo 9400XL,Diesel,36.6,30.69,116.7,2025,Whitefield,39
348C,Volvo 8400 B7RLE,Diesel,43.6,70.1,220,2025,Marathahalli,53
V500C,Eicher Skyline Pro,CNG,34.3,30.37,136.1,2025,ITPL,37
600A,Tata Marcopolo,CNG,46.7,17.79,68.8,2025,Banashankari,33
96E,Volvo 8400 B7RLE,Diesel,43.1,48.45,156.5,2025,Electronic City,70
290E,Ashok Leyland Viking,Diesel,47.5,80.51,252.2,2025,Mysuru Road,53
348C,Tata Marcopolo,CNG,39.8,27.68,120.9,2025,Marathahalli,66
600A,Switch EiV 12,Electric,40.6,0,106.3,2025,Banashankari,14
43E,Volvo 9400XL,Diesel,43.3,73.74,198.9,2025,Hebbal,33
401A,Tata Marcopolo,CNG,47.7,66.52,217.5,2025,RT Nagar,65
12G,Volvo 8400 B7RLE,Diesel,49.3,40.52,112.3,2025,BTM Layout,58
290E,Switch EiV 12,Electric,37.3,0,248,2025,Mysuru Road,39
96E,Volvo 8400 B7RLE,Diesel,46.8,36.11,114.4,2025,Electronic City,45
V500C,Tata Marcopolo,CNG,34,44.56,173.3,2025,ITPL,40
356C,Volvo 9400XL,Diesel,34.8,24.28,96,2025,Majestic,56
96E,Eicher Skyline Pro,CNG,41.4,33.49,116.8,2025,Electronic City,29
210N,Volvo 8400 B7RLE,Diesel,28.3,58.21,230.2,2025,Jayanagar,80
60A,Eicher Skyline Pro,CNG,30.9,51.38,159.8,2025,Indiranagar,76
365B,Tata Marcopolo,CNG,38,27.76,97.3,2025,Silk Board,79
96E,Tata Marcopolo,CNG,35.8,71.86,242.4,2025,Electronic City,78
252H,Volvo 8400 B7RLE,Diesel,42.7,71.19,195.8,2025,Bommanahalli,12
V500C,Ashok Leyland Viking,Diesel,25.9,26.88,96.9,2025,ITPL,19
401A,Volvo 9400XL,Diesel,36.9,54.7,206,2025,RT Nagar,65
252H,Tata Marcopolo,CNG,39.6,55.13,237.2,2025,Bommanahalli,54
252H,Switch EiV 12,Electric,27.8,0,105.3,2025,Bommanahalli,65
279F,Switch EiV 12,Electric,26.4,0,119.3,2025,Peenya,16
252H,Switch EiV 12,Electric,48.4,0,176.9,2025,Bommanahalli,30
500D,Ashok Leyland Viking,Diesel,28.1,21.62,68.7,2025,Whitefield,67
96E,Volvo 8400 B7RLE,Diesel,32.9,81.42,265.5,2025,Electronic City,23
348C,Volvo 9400XL,Diesel,28.7,17.36,69.1,2025,Marathahalli,24
201R,Tata Marcopolo,CNG,25.1,61.5,272.3,2025,Yelahanka,10
365B,Volvo 8400 B7RLE,Diesel,46.7,63.04,200.6,2025,Silk Board,54
401A,Volvo 8400 B7RLE,Diesel,37.2,49.54,173.4,2025,RT Nagar,63
500D,Ashok Leyland Viking,Diesel,25.7,30.62,90.7,2025,Whitefield,61
V500C,Eicher Skyline Pro,CNG,30,53.61,215,2025,ITPL,44
V500C,Ashok Leyland Viking,Diesel,27.3,77.92,273.4,2025,ITPL,34
356C,Volvo 8400 B7RLE,Diesel,46.7,56.98,157.6,2025,Majestic,20
43E,Eicher Skyline Pro,CNG,46,48.09,212.4,2025,Hebbal,31
215K,Ashok Leyland Viking,Diesel,37.4,61.37,210.3,2025,Kengeri,75
279F,Ashok Leyland Viking,Diesel,39.3,98.68,251.2,2025,Peenya,77
60A,Ashok Leyland Viking,Diesel,42.2,75.34,264.8,2025,Indiranagar,35
210N,Tata Marcopolo,CNG,41.5,29.91,107.4,2025,Jayanagar,37
77E,Eicher Skyline Pro,CNG,27.7,50.99,203.3,2025,KR Puram,12
V500C,Switch EiV 12,Electric,26.2,0,279.9,2025,ITPL,59
365B,Tata Marcopolo,CNG,35.2,63.86,275,2025,Silk Board,14
60A,Volvo 8400 B7RLE,Diesel,39.2,64.34,232.1,2025,Indiranagar,29
77E,Volvo 8400 B7RLE,Diesel,35.1,84.7,253.3,2025,KR Puram,20
V500C,Eicher Skyline Pro,CNG,45.2,49.93,206.9,2025,ITPL,65
290E,Tata Marcopolo,CNG,35.9,55.72,235.5,2025,Mysuru Road,48
K1,Eicher Skyline Pro,CNG,38.6,28.72,86.4,2025,Koramangala,54
96E,Volvo 8400 B7RLE,Diesel,34.2,42.47,131.4,2025,Electronic City,51
290E,Eicher Skyline Pro,CNG,34.7,57.99,213,2025,Mysuru Road,78
V500C,Volvo 9400XL,Diesel,34.3,39.53,112.3,2025,ITPL,38
201R,Volvo 9400XL,Diesel,40.1,21.73,76.1,2025,Yelahanka,54
252H,Tata Marcopolo,CNG,36.6,54.99,196.3,2025,Bommanahalli,67
356C,Eicher Skyline Pro,CNG,38,67.2,249.9,2025,Majestic,34
500D,Tata Marcopolo,CNG,33.5,18.37,65.6,2025,Whitefield,47
210N,Eicher Skyline Pro,CNG,39.5,38.86,147.7,2025,Jayanagar,52
252H,Tata Marcopolo,CNG,44.1,45.91,193.7,2025,Bommanahalli,41
600A,Eicher Skyline Pro,CNG,48.9,72.01,218,2025,Banashankari,17
600A,Eicher Skyline Pro,CNG,25.2,25.96,103.1,2025,Banashankari,31
43E,Switch EiV 12,Electric,31.1,0,257.6,2025,Hebbal,48
210N,Ashok Leyland Viking,Diesel,26.5,67.64,263.9,2025,Jayanagar,25
348C,Volvo 9400XL,Diesel,27.5,42.55,137.4,2025,Marathahalli,69
348C,Eicher Skyline Pro,CNG,32.1,33.66,116.5,2025,Marathahalli,80
201R,Volvo 8400 B7RLE,Diesel,38.5,79.78,236.7,2025,Yelahanka,17
365B,Switch EiV 12,Electric,42.9,0,194.3,2025,Silk Board,50
290E,Volvo 9400XL,Diesel,35.3,44.73,120,2025,Mysuru Road,60
77E,Volvo 8400 B7RLE,Diesel,42,36.04,99.9,2025,KR Puram,42
215K,Tata Marcopolo,CNG,42.7,55.53,175.5,2025,Kengeri,11
348C,Volvo 8400 B7RLE,Diesel,31.4,46.85,184.8,2025,Marathahalli,22
V500C,Eicher Skyline Pro,CNG,45.1,43.5,166.4,2025,ITPL,42
279F,Ashok Leyland Viking,Diesel,40.8,17.72,69.6,2025,Peenya,44
96E,Tata Marcopolo,CNG,45.5,44.47,192.4,2025,Electronic City,46
401A,Tata Marcopolo,CNG,30.3,28.14,110.2,2025,RT Nagar,66
290E,Volvo 8400 B7RLE,Diesel,46,39.06,150.4,2025,Mysuru Road,36
60A,Ashok Leyland Viking,Diesel,30.9,37.54,137.8,2025,Indiranagar,35
365B,Volvo 8400 B7RLE,Diesel,45.6,38.43,120.5,2025,Silk Board,32
77E,Volvo 8400 B7RLE,Diesel,27.4,60.22,206.9,2025,KR Puram,21
60A,Volvo 9400XL,Diesel,39.7,57.92,159.4,2025,Indiranagar,67
60A,Ashok Leyland Viking,Diesel,46.6,78.62,222.1,2025,Indiranagar,52
365B,Eicher Skyline Pro,CNG,25.6,20.46,81.1,2025,Silk Board,31
252H,Volvo 9400XL,Diesel,38.7,67.98,193.6,2025,Bommanahalli,30
279F,Ashok Leyland Viking,Diesel,39.9,44.99,146,2025,Peenya,70
356C,Volvo 8400 B7RLE,Diesel,28.4,78.27,277.3,2025,Majestic,42
77E,Eicher Skyline Pro,CNG,35.7,36.55,149,2025,KR Puram,27
600A,Ashok Leyland Viking,Diesel,49.8,78.85,212.3,2025,Banashankari,65
12G,Eicher Skyline Pro,CNG,43.1,21.43,82.9,2025,BTM Layout,42
290E,Volvo 8400 B7RLE,Diesel,27,45.77,120.3,2025,Mysuru Road,71
V500C,Volvo 9400XL,Diesel,29.8,85.99,256.7,2025,ITPL,28
12G,Volvo 8400 B7RLE,Diesel,33.9,42.2,109.9,2025,BTM Layout,60
401A,Ashok Leyland Viking,Diesel,26.7,47.07,174.2,2025,RT Nagar,46
279F,Volvo 9400XL,Diesel,38.5,29.16,111.4,2025,Peenya,21
215K,Switch EiV 12,Electric,38.3,0,203.2,2025,Kengeri,62
401A,Eicher Skyline Pro,CNG,33.3,32.82,131.4,2025,RT Nagar,37
213K,Volvo 9400XL,Diesel,41.5,83.53,278.7,2025,Banerghatta,28
12G,Ashok Leyland Viking,Diesel,36.6,85.21,220.7,2025,BTM Layout,69
600A,Ashok Leyland Viking,Diesel,48.9,66.49,183.7,2025,Banashankari,31
77E,Ashok Leyland Viking,Diesel,30,64.11,211.8,2025,KR Puram,27
401A,Tata Marcopolo,CNG,36.3,19.67,81.3,2025,RT Nagar,77
96E,Volvo 8400 B7RLE,Diesel,41.6,36.96,136.5,2025,Electronic City,17
401A,Eicher Skyline Pro,CNG,30.9,73.35,264,2025,RT Nagar,56
43E,Eicher Skyline Pro,CNG,49.8,21.3,93.5,2025,Hebbal,54
279F,Ashok Leyland Viking,Diesel,46.1,54.49,178.8,2025,Peenya,68
213K,Volvo 8400 B7RLE,Diesel,27.2,54.28,197.2,2025,Banerghatta,53
210N,Volvo 9400XL,Diesel,45.7,23.99,88.1,2025,Jayanagar,30
279F,Ashok Leyland Viking,Diesel,25.9,73.07,215.9,2025,Peenya,79
290E,Eicher Skyline Pro,CNG,34,37.65,117.9,2025,Mysuru Road,52
60A,Tata Marcopolo,CNG,38.8,76.95,266.1,2025,Indiranagar,58
12G,Switch EiV 12,Electric,36.2,0,147.3,2025,BTM Layout,73
96E,Volvo 8400 B7RLE,Diesel,37.9,49.52,192.1,2025,Electronic City,63
V500C,Volvo 8400 B7RLE,Diesel,49.8,44.82,169.3,2025,ITPL,26
12G,Volvo 8400 B7RLE,Diesel,48.3,39.6,105.9,2025,BTM Layout,27
K1,Switch EiV 12,Electric,34.5,0,239.8,2025,Koramangala,53
K1,Volvo 8400 B7RLE,Diesel,46.7,68.27,253.2,2025,Koramangala,72
279F,Eicher Skyline Pro,CNG,32.6,74.9,233.8,2025,Peenya,51
600A,Switch EiV 12,Electric,29.3,0,148.7,2025,Banashankari,66
252H,Switch EiV 12,Electric,33.7,0,212.9,2025,Bommanahalli,41
12G,Ashok Leyland Viking,Diesel,41,73.55,274.6,2025,BTM Layout,73
348C,Switch EiV 12,Electric,46.6,0,89.2,2025,Marathahalli,35
210N,Tata Marcopolo,CNG,37.2,67.27,263,2025,Jayanagar,47
290E,Volvo 9400XL,Diesel,29.4,70.16,228.3,2025,Mysuru Road,43
K1,Ashok Leyland Viking,Diesel,28.7,48.41,147.7,2025,Koramangala,48
252H,Ashok Leyland Viking,Diesel,25.6,27.75,75,2025,Bommanahalli,10
96E,Ashok Leyland Viking,Diesel,38.7,68.86,271.9,2025,Electronic City,74
356C,Ashok Leyland Viking,Diesel,32.8,47.59,155.1,2025,Majestic,63
96E,Volvo 9400XL,Diesel,27.6,45.27,156.7,2025,Electronic City,42
356C,Volvo 9400XL,Diesel,40.5,30.93,107.5,2025,Majestic,45
96E,Volvo 9400XL,Diesel,26.5,25.44,93.4,2025,Electronic City,60
348C,Switch EiV 12,Electric,26.5,0,161.2,2025,Marathahalli,43
V500C,Ashok Leyland Viking,Diesel,26.4,78.73,278.9,2025,ITPL,49
201R,Ashok Leyland Viking,Diesel,31,101.87,276.4,2025,Yelahanka,22
215K,Volvo 8400 B7RLE,Diesel,32.6,32.7,86.7,2025,Kengeri,52
K1,Volvo 9400XL,Diesel,26.6,65.04,212.3,2025,Koramangala,54
96E,Switch EiV 12,Electric,45.3,0,279.3,2025,Electronic City,11
279F,Ashok Leyland Viking,Diesel,32.7,56.84,195.3,2025,Peenya,65
43E,Switch EiV 12,Electric,35.7,0,175.9,2025,Hebbal,22
600A,Eicher Skyline Pro,CNG,47.2,24.17,88.8,2025,Banashankari,10
365B,Volvo 9400XL,Diesel,34.2,32.94,102.8,2025,Silk Board,65
201R,Volvo 9400XL,Diesel,43.3,66.26,242.1,2025,Yelahanka,20
279F,Ashok Leyland Viking,Diesel,35.4,19.37,62.4,2025,Peenya,17
500D,Ashok Leyland Viking,Diesel,31.5,17.64,64.2,2025,Whitefield,32
77E,Eicher Skyline Pro,CNG,38.4,27.15,90.2,2025,KR Puram,15
252H,Ashok Leyland Viking,Diesel,31,15.82,62.7,2025,Bommanahalli,19
V500C,Eicher Skyline Pro,CNG,49,63.32,236.3,2025,ITPL,53
348C,Volvo 9400XL,Diesel,38.7,26.43,84.1,2025,Marathahalli,43
77E,Switch EiV 12,Electric,27.5,0,245.8,2025,KR Puram,60
600A,Eicher Skyline Pro,CNG,28.8,48.01,167.4,2025,Banashankari,25
201R,Ashok Leyland Viking,Diesel,36.9,72.52,222.2,2025,Yelahanka,68
500D,Eicher Skyline Pro,CNG,36.5,35.14,146.8,2025,Whitefield,12
279F,Ashok Leyland Viking,Diesel,48.9,69.64,256.3,2025,Peenya,21
43E,Ashok Leyland Viking,Diesel,42.2,41,129.4,2025,Hebbal,49
401A,Volvo 8400 B7RLE,Diesel,46,45.35,116,2025,RT Nagar,67
252H,Switch EiV 12,Electric,36.5,0,258.4,2025,Bommanahalli,57
12G,Volvo 8400 B7RLE,Diesel,41.5,52.1,200.2,2025,BTM Layout,73
215K,Eicher Skyline Pro,CNG,40.3,64.55,200.1,2025,Kengeri,12
77E,Ashok Leyland Viking,Diesel,28.8,48.25,174,2025,KR Puram,53
279F,Volvo 9400XL,Diesel,42,67.39,172.7,2025,Peenya,34
213K,Tata Marcopolo,CNG,42.9,25.32,78.7,2025,Banerghatta,56
201R,Ashok Leyland Viking,Diesel,25.3,19.24,75.7,2025,Yelahanka,18
356C,Volvo 9400XL,Diesel,33.8,75.49,222.3,2025,Majestic,10
215K,Tata Marcopolo,CNG,44.4,34.29,136.9,2025,Kengeri,32
365B,Volvo 9400XL,Diesel,29.4,38.03,100.7,2025,Silk Board,65
213K,Volvo 8400 B7RLE,Diesel,44.1,70.85,205.3,2025,Banerghatta,66
365B,Eicher Skyline Pro,CNG,27.1,14.51,64.6,2025,Silk Board,20
401A,Tata Marcopolo,CNG,44.2,31.75,125,2025,RT Nagar,10
215K,Volvo 9400XL,Diesel,30.1,53.69,144,2025,Kengeri,42
365B,Eicher Skyline Pro,CNG,44.4,49.25,195.3,2025,Silk Board,23
96E,Volvo 9400XL,Diesel,26,44.7,176.7,2025,Electronic City,11
V500C,Volvo 9400XL,Diesel,32.3,59.37,235.7,2025,ITPL,45
600A,Switch EiV 12,Electric,39.6,0,192.4,2025,Banashankari,17
V500C,Volvo 9400XL,Diesel,45.3,64.45,224.6,2025,ITPL,23
348C,Volvo 8400 B7RLE,Diesel,33.5,22.66,88.2,2025,Marathahalli,44
43E,Switch EiV 12,Electric,34.3,0,109.4,2025,Hebbal,44
290E,Tata Marcopolo,CNG,36,39.57,155.1,2025,Mysuru Road,18
356C,Eicher Skyline Pro,CNG,31,84.06,267.5,2025,Majestic,40
348C,Ashok Leyland Viking,Diesel,47.2,29.81,103.4,2025,Marathahalli,42
201R,Volvo 9400XL,Diesel,45.4,32.41,122.9,2025,Yelahanka,36
365B,Volvo 9400XL,Diesel,48,85.53,246.2,2025,Silk Board,64
356C,Switch EiV 12,Electric,36.5,0,226.1,2025,Majestic,21
600A,Volvo 9400XL,Diesel,43.2,66.91,245.2,2025,Banashankari,25
213K,Tata Marcopolo,CNG,29.4,53.54,204.4,2025,Banerghatta,46
213K,Tata Marcopolo,CNG,48.4,90.25,276.6,2025,Banerghatta,37
210N,Ashok Leyland Viking,Diesel,28.3,26.83,96.3,2025,Jayanagar,43
213K,Eicher Skyline Pro,CNG,30.3,63.82,239.9,2025,Banerghatta,68
290E,Switch EiV 12,Electric,43.3,0,245,2025,Mysuru Road,14
600A,Volvo 8400 B7RLE,Diesel,39.8,54.96,179.3,2025,Banashankari,41
365B,Volvo 9400XL,Diesel,39.1,35.52,125.5,2025,Silk Board,14
401A,Ashok Leyland Viking,Diesel,40.9,69.23,252.1,2025,RT Nagar,43
210N,Eicher Skyline Pro,CNG,36.5,31.59,95.2,2025,Jayanagar,69
77E,Tata Marcopolo,CNG,43.2,25.47,114.3,2025,KR Puram,54
348C,Switch EiV 12,Electric,35,0,81.8,2025,Marathahalli,59
252H,Tata Marcopolo,CNG,30.1,61.58,236,2025,Bommanahalli,10
K1,Eicher Skyline Pro,CNG,40.4,67.43,221.3,2025,Koramangala,44
401A,Tata Marcopolo,CNG,44.6,36.07,138.2,2025,RT Nagar,76
V500C,Ashok Leyland Viking,Diesel,44,23.97,61.2,2025,ITPL,75
348C,Volvo 9400XL,Diesel,30.1,56.92,224.1,2025,Marathahalli,45
43E,Eicher Skyline Pro,CNG,33.2,43.71,140.9,2025,Hebbal,25
348C,Switch EiV 12,Electric,46.9,0,127.2,2025,Marathahalli,41
201R,Tata Marcopolo,CNG,34.2,76.02,279.2,2025,Yelahanka,19
348C,Volvo 8400 B7RLE,Diesel,47.2,64.58,218.9,2025,Marathahalli,79
V500C,Ashok Leyland Viking,Diesel,35.3,41.23,146.1,2025,ITPL,43
290E,Switch EiV 12,Electric,40.5,0,60.7,2025,Mysuru Road,69
401A,Volvo 9400XL,Diesel,44.9,52.36,138.2,2025,RT Nagar,15
201R,Volvo 9400XL,Diesel,37,54.68,189.4,2025,Yelahanka,52
213K,Eicher Skyline Pro,CNG,39.5,19.34,74.3,2025,Banerghatta,62
348C,Eicher Skyline Pro,CNG,40.1,45.66,183.3,2025,Marathahalli,74
348C,Tata Marcopolo,CNG,31.7,55.95,237.1,2025,Marathahalli,50
500D,Volvo 8400 B7RLE,Diesel,26.9,65.54,169.6,2025,Whitefield,25
252H,Ashok Leyland Viking,Diesel,44.6,37.48,133.5,2025,Bommanahalli,43
500D,Switch EiV 12,Electric,37.9,0,233.5,2025,Whitefield,22
279F,Volvo 9400XL,Diesel,28.7,52.4,156.8,2025,Peenya,80
60A,Eicher Skyline Pro,CNG,27.2,46.68,155.5,2025,Indiranagar,17
252H,Ashok Leyland Viking,Diesel,43.4,47.93,191.6,2025,Bommanahalli,19
401A,Eicher Skyline Pro,CNG,41.1,73.05,265.3,2025,RT Nagar,73
V500C,Ashok Leyland Viking,Diesel,44.6,74.7,200,2025,ITPL,50
201R,Volvo 9400XL,Diesel,46,48.83,150.2,2025,Yelahanka,63
279F,Volvo 9400XL,Diesel,39.7,66.91,185.8,2025,Peenya,62
201R,Ashok Leyland Viking,Diesel,33.4,55.02,139.7,2025,Yelahanka,47
600A,Ashok Leyland Viking,Diesel,45.8,22.44,65.3,2025,Banashankari,72
43E,Tata Marcopolo,CNG,32.5,39.45,174,2025,Hebbal,52
290E,Switch EiV 12,Electric,35.7,0,117,2025,Mysuru Road,12
252H,Switch EiV 12,Electric,46,0,252,2025,Bommanahalli,23
K1,Switch EiV 12,Electric,45.1,0,100.9,2025,Koramangala,17
213K,Volvo 9400XL,Diesel,37.1,59.55,160.8,2025,Banerghatta,11
60A,Volvo 9400XL,Diesel,43.2,23.95,77.7,2025,Indiranagar,53
43E,Volvo 9400XL,Diesel,43.2,42.79,156.1,2025,Hebbal,16
279F,Ashok Leyland Viking,Diesel,40.3,35.15,95,2025,Peenya,44
252H,Switch EiV 12,Electric,41.4,0,225.3,2025,Bommanahalli,72
365B,Volvo 9400XL,Diesel,26.7,104.62,270.5,2025,Silk Board,15
348C,Ashok Leyland Viking,Diesel,31.5,42.54,122.1,2025,Marathahalli,35
279F,Eicher Skyline Pro,CNG,31.2,76.12,259.4,2025,Peenya,48
356C,Volvo 9400XL,Diesel,36.2,61.96,227.1,2025,Majestic,51
348C,Ashok Leyland Viking,Diesel,37.2,29.17,74.4,2025,Marathahalli,11
43E,Eicher Skyline Pro,CNG,47.7,23,73.8,2025,Hebbal,76
500D,Volvo 8400 B7RLE,Diesel,35.3,58.62,177.1,2025,Whitefield,70
43E,Switch EiV 12,Electric,25.5,0,258,2025,Hebbal,73
96E,Tata Marcopolo,CNG,49.1,53.64,206,2025,Electronic City,52
348C,Volvo 8400 B7RLE,Diesel,26.3,85.07,266.1,2025,Marathahalli,65
252H,Switch EiV 12,Electric,43.3,0,117.2,2025,Bommanahalli,50
77E,Switch EiV 12,Electric,31.4,0,275.9,2025,KR Puram,44
600A,Ashok Leyland Viking,Diesel,30,60.9,203.9,2025,Banashankari,80
96E,Switch EiV 12,Electric,49.3,0,162.1,2025,Electronic City,22
252H,Volvo 9400XL,Diesel,33.7,72.59,193.9,2025,Bommanahalli,26
K1,Switch EiV 12,Electric,30.6,0,93.3,2025,Koramangala,58
600A,Volvo 9400XL,Diesel,46.3,34.47,115.2,2025,Banashankari,43
43E,Volvo 8400 B7RLE,Diesel,27.9,46.2,175.1,2025,Hebbal,76
356C,Switch EiV 12,Electric,26.7,0,219,2025,Majestic,72
252H,Eicher Skyline Pro,CNG,38.6,69.08,215.7,2025,Bommanahalli,43
279F,Volvo 8400 B7RLE,Diesel,37.1,58.5,160.8,2025,Peenya,71
279F,Volvo 9400XL,Diesel,46.2,76.52,268.1,2025,Peenya,28
401A,Tata Marcopolo,CNG,35.3,40.66,161.7,2025,RT Nagar,18
365B,Switch EiV 12,Electric,26.6,0,180,2025,Silk Board,44
348C,Volvo 9400XL,Diesel,45.2,54.19,172.8,2025,Marathahalli,52
213K,Ashok Leyland Viking,Diesel,44.7,25.48,71.4,2025,Banerghatta,14
96E,Tata Marcopolo,CNG,29.1,33.44,116.9,2025,Electronic City,56
210N,Switch EiV 12,Electric,38,0,226.5,2025,Jayanagar,80
43E,Tata Marcopolo,CNG,46.9,24.33,105.1,2025,Hebbal,10
600A,Eicher Skyline Pro,CNG,31,68.4,251.5,2025,Banashankari,43
K1,Volvo 9400XL,Diesel,44.3,108.9,276.7,2025,Koramangala,46
60A,Tata Marcopolo,CNG,36.6,17.03,74.3,2025,Indiranagar,13
96E,Eicher Skyline Pro,CNG,37.4,56.52,178.5,2025,Electronic City,64
60A,Eicher Skyline Pro,CNG,45.6,57.27,204.5,2025,Indiranagar,61
500D,Switch EiV 12,Electric,49.1,0,230.6,2025,Whitefield,12
600A,Ashok Leyland Viking,Diesel,38.1,35.76,104.8,2025,Banashankari,41
V500C,Ashok Leyland Viking,Diesel,39.4,67.91,234.4,2025,ITPL,77
348C,Volvo 8400 B7RLE,Diesel,34.9,60.81,235.5,2025,Marathahalli,11
201R,Volvo 9400XL,Diesel,28.9,50.03,177.3,2025,Yelahanka,44
401A,Volvo 9400XL,Diesel,32.9,61.94,234.5,2025,RT Nagar,28
215K,Eicher Skyline Pro,CNG,31.9,57.96,259.4,2025,Kengeri,38
210N,Volvo 8400 B7RLE,Diesel,30.1,32.78,91,2025,Jayanagar,74
43E,Tata Marcopolo,CNG,41.4,79.52,256.7,2025,Hebbal,17
43E,Volvo 8400 B7RLE,Diesel,40.4,59.77,156.9,2025,Hebbal,58
210N,Tata Marcopolo,CNG,45.1,67.62,254.1,2025,Jayanagar,46
500D,Volvo 8400 B7RLE,Diesel,35.4,68.61,272.8,2025,Whitefield,36
12G,Volvo 8400 B7RLE,Diesel,40.9,75.27,206.9,2025,BTM Layout,32
348C,Eicher Skyline Pro,CNG,35.7,78.31,254,2025,Marathahalli,62
12G,Eicher Skyline Pro,CNG,39,16.57,62.8,2025,BTM Layout,29
290E,Tata Marcopolo,CNG,47.3,69.99,218.3,2025,Mysuru Road,13
12G,Eicher Skyline Pro,CNG,29.7,51.52,220.9,2025,BTM Layout,32
213K,Tata Marcopolo,CNG,38.5,59.08,240.2,2025,Banerghatta,67
252H,Eicher Skyline Pro,CNG,36.8,30.53,129.2,2025,Bommanahalli,40
K1,Volvo 8400 B7RLE,Diesel,33.9,49.67,161,2025,Koramangala,57
348C,Switch EiV 12,Electric,33.4,0,242.2,2025,Marathahalli,75
600A,Switch EiV 12,Electric,42.8,0,98.2,2025,Banashankari,39
500D,Volvo 9400XL,Diesel,27.5,84.52,241.7,2025,Whitefield,38
43E,Ashok Leyland Viking,Diesel,33.7,28.72,91.2,2025,Hebbal,73
V500C,Volvo 9400XL,Diesel,41.3,65.48,224.7,2025,ITPL,21
60A,Tata Marcopolo,CNG,46,37.09,137.5,2025,Indiranagar,69
215K,Tata Marcopolo,CNG,40.9,86.35,275.4,2025,Kengeri,53
365B,Volvo 9400XL,Diesel,33.1,59.16,208.8,2025,Silk Board,27
201R,Volvo 8400 B7RLE,Diesel,29.4,19.9,75.3,2025,Yelahanka,33
210N,Tata Marcopolo,CNG,45.9,32.17,110,2025,Jayanagar,69
348C,Tata Marcopolo,CNG,42.4,53.44,201.4,2025,Marathahalli,27
500D,Eicher Skyline Pro,CNG,30.3,41.71,127.2,2025,Whitefield,40
210N,Switch EiV 12,Electric,41.3,0,126.9,2025,Jayanagar,45
290E,Switch EiV 12,Electric,46.8,0,266.4,2025,Mysuru Road,16
215K,Eicher Skyline Pro,CNG,44.7,57.16,228.5,2025,Kengeri,25
279F,Tata Marcopolo,CNG,47.7,29.28,117.3,2025,Peenya,58
60A,Volvo 9400XL,Diesel,27.8,57.81,183.3,2025,Indiranagar,56
290E,Ashok Leyland Viking,Diesel,46.6,48.58,161.3,2025,Mysuru Road,66
252H,Ashok Leyland Viking,Diesel,49.4,53.9,143.7,2025,Bommanahalli,76
60A,Eicher Skyline Pro,CNG,26.1,37.23,153,2025,Indiranagar,59
213K,Switch EiV 12,Electric,32,0,262,2025,Banerghatta,41
401A,Volvo 8400 B7RLE,Diesel,32.3,64.35,248.8,2025,RT Nagar,40
215K,Volvo 8400 B7RLE,Diesel,45.1,89.39,225.9,2025,Kengeri,78
401A,Volvo 9400XL,Diesel,43.2,91.91,271.8,2025,RT Nagar,19
401A,Volvo 8400 B7RLE,Diesel,32,63.66,242.5,2025,RT Nagar,69
201R,Ashok Leyland Viking,Diesel,42.6,25.61,84.8,2025,Yelahanka,31
500D,Eicher Skyline Pro,CNG,31,26.9,81.2,2025,Whitefield,20
600A,Tata Marcopolo,CNG,32.5,41.85,163.1,2025,Banashankari,73
356C,Volvo 9400XL,Diesel,32.5,34.69,125.4,2025,Majestic,47
43E,Tata Marcopolo,CNG,47.6,16.5,70.6,2025,Hebbal,15
213K,Ashok Leyland Viking,Diesel,39.8,53.9,206.9,2025,Banerghatta,55
96E,Volvo 8400 B7RLE,Diesel,27,35.25,100.8,2025,Electronic City,67
365B,Ashok Leyland Viking,Diesel,25.9,69.59,234.8,2025,Silk Board,66
77E,Volvo 9400XL,Diesel,46.4,85,279,2025,KR Puram,27
210N,Volvo 9400XL,Diesel,45.8,21.77,74,2025,Jayanagar,30
K1,Switch EiV 12,Electric,27.3,0,85.3,2025,Koramangala,63
201R,Eicher Skyline Pro,CNG,41.7,61.29,260.1,2025,Yelahanka,21
348C,Volvo 8400 B7RLE,Diesel,39.3,77.35,253.4,2025,Marathahalli,27
60A,Volvo 9400XL,Diesel,32.9,49.08,154.7,2025,Indiranagar,28
210N,Eicher Skyline Pro,CNG,40,53.08,230.3,2025,Jayanagar,11
201R,Volvo 9400XL,Diesel,40.2,45.69,157.5,2025,Yelahanka,64
213K,Volvo 8400 B7RLE,Diesel,42.6,66.59,190.2,2025,Banerghatta,31
12G,Eicher Skyline Pro,CNG,27.6,48.28,172.7,2025,BTM Layout,17
500D,Switch EiV 12,Electric,41.3,0,167.3,2025,Whitefield,63
348C,Eicher Skyline Pro,CNG,40,65.39,269.1,2025,Marathahalli,38
279F,Ashok Leyland Viking,Diesel,40.9,65.76,171.4,2025,Peenya,80
252H,Tata Marcopolo,CNG,34,31.28,116,2025,Bommanahalli,39
215K,Ashok Leyland Viking,Diesel,28.5,24.01,70,2025,Kengeri,52
77E,Volvo 8400 B7RLE,Diesel,33.3,84.92,273.7,2025,KR Puram,13
600A,Eicher Skyline Pro,CNG,40.3,30.14,103.1,2025,Banashankari,53
252H,Tata Marcopolo,CNG,37.9,35.07,105.5,2025,Bommanahalli,40
12G,Volvo 8400 B7RLE,Diesel,30.5,24.15,61.7,2025,BTM Layout,54
213K,Ashok Leyland Viking,Diesel,33.5,22.62,83.8,2025,Banerghatta,12
500D,Eicher Skyline Pro,CNG,37.8,54.04,185.9,2025,Whitefield,26
600A,Switch EiV 12,Electric,34.9,0,265,2025,Banashankari,53
600A,Ashok Leyland Viking,Diesel,40.4,29.65,79.2,2025,Banashankari,27
290E,Ashok Leyland Viking,Diesel,37.7,35.66,135.9,2025,Mysuru Road,78
60A,Volvo 9400XL,Diesel,42.6,42.26,168.6,2025,Indiranagar,43
12G,Eicher Skyline Pro,CNG,31.9,24.75,88.9,2025,BTM Layout,40
210N,Ashok Leyland Viking,Diesel,35.3,39.57,152.8,2025,Jayanagar,22
252H,Volvo 8400 B7RLE,Diesel,40.2,73.24,217.1,2025,Bommanahalli,74
365B,Eicher Skyline Pro,CNG,48.9,57,241.2,2025,Silk Board,34
401A,Volvo 9400XL,Diesel,40.9,23.4,60.3,2025,RT Nagar,33
96E,Eicher Skyline Pro,CNG,26.5,29.88,116.7,2025,Electronic City,59
356C,Switch EiV 12,Electric,27.9,0,211,2025,Majestic,36
43E,Volvo 9400XL,Diesel,36.4,47.29,144.4,2025,Hebbal,34
77E,Volvo 8400 B7RLE,Diesel,35.5,23.88,86.6,2025,KR Puram,63
213K,Eicher Skyline Pro,CNG,27,21.4,75.6,2025,Banerghatta,23
K1,Volvo 8400 B7RLE,Diesel,41.7,75.95,267.2,2025,Koramangala,58
356C,Volvo 9400XL,Diesel,39.8,55.5,139.6,2025,Majestic,30
215K,Tata Marcopolo,CNG,47.8,51.01,199.9,2025,Kengeri,28
356C,Switch EiV 12,Electric,43.1,0,252.2,2025,Majestic,54
500D,Tata Marcopolo,CNG,47.6,27.91,86.5,2025,Whitefield,79
365B,Volvo 9400XL,Diesel,28.6,70.5,177.5,2025,Silk Board,71
600A,Volvo 9400XL,Diesel,32.4,47.32,152.8,2025,Banashankari,46
43E,Tata Marcopolo,CNG,26.1,58.72,187,2025,Hebbal,80
365B,Tata Marcopolo,CNG,33.6,44.68,182.9,2025,Silk Board,26
12G,Switch EiV 12,Electric,46.1,0,203.5,2025,BTM Layout,56
12G,Ashok Leyland Viking,Diesel,35.7,60.49,212.3,2025,BTM Layout,74
348C,Switch EiV 12,Electric,32.7,0,120.6,2025,Marathahalli,54
252H,Tata Marcopolo,CNG,36.2,55.65,233.6,2025,Bommanahalli,25
43E,Switch EiV 12,Electric,46.4,0,240.9,2025,Hebbal,30
365B,Tata Marcopolo,CNG,35.8,75.24,261.7,2025,Silk Board,13
210N,Ashok Leyland Viking,Diesel,34.3,55.3,188.1,2025,Jayanagar,56
365B,Volvo 9400XL,Diesel,42.2,70.28,215.2,2025,Silk Board,38
96E,Tata Marcopolo,CNG,35.8,30.09,96.7,2025,Electronic City,46
77E,Switch EiV 12,Electric,33.6,0,255.8,2025,KR Puram,72
96E,Tata Marcopolo,CNG,25.6,23.69,94,2025,Electronic City,29
600A,Switch EiV 12,Electric,33.5,0,200.1,2025,Banashankari,58
V500C,Eicher Skyline Pro,CNG,35.2,21.86,75.8,2025,ITPL,62
356C,Ashok Leyland Viking,Diesel,40.1,68.59,209,2025,Majestic,73
12G,Ashok Leyland Viking,Diesel,49.7,33.92,107.9,2025,BTM Layout,26
215K,Volvo 9400XL,Diesel,28.5,65.48,211.4,2025,Kengeri,55
500D,Tata Marcopolo,CNG,37.6,14.87,66.1,2025,Whitefield,52
201R,Switch EiV 12,Electric,26,0,144.5,2025,Yelahanka,61
77E,Eicher Skyline Pro,CNG,34.7,20.62,66.8,2025,KR Puram,61
215K,Eicher Skyline Pro,CNG,43.9,17.65,65.1,2025,Kengeri,18
V500C,Ashok Leyland Viking,Diesel,47.5,46.22,123.6,2025,ITPL,57
252H,Eicher Skyline Pro,CNG,32.8,62.39,270.3,2025,Bommanahalli,70
401A,Volvo 9400XL,Diesel,45.7,48.44,192.6,2025,RT Nagar,78
356C,Switch EiV 12,Electric,49,0,123.4,2025,Majestic,61
96E,Eicher Skyline Pro,CNG,34.6,41.5,145.7,2025,Electronic City,41
K1,Volvo 8400 B7RLE,Diesel,28.9,53.77,179.1,2025,Koramangala,79
V500C,Volvo 8400 B7RLE,Diesel,44,47.78,179.2,2025,ITPL,41
279F,Switch EiV 12,Electric,32.6,0,156.9,2025,Peenya,23
348C,Volvo 8400 B7RLE,Diesel,29.9,45.27,117.1,2025,Marathahalli,59
K1,Eicher Skyline Pro,CNG,31.8,30.41,135.3,2025,Koramangala,73
252H,Eicher Skyline Pro,CNG,33.7,47.2,182.7,2025,Bommanahalli,39
348C,Ashok Leyland Viking,Diesel,36.1,26.34,90.6,2025,Marathahalli,77
279F,Eicher Skyline Pro,CNG,35,37.32,167.6,2025,Peenya,64
60A,Tata Marcopolo,CNG,40.6,65.83,253.7,2025,Indiranagar,10
96E,Ashok Leyland Viking,Diesel,30,63.54,196.5,2025,Electronic City,59
K1,Volvo 9400XL,Diesel,36.9,20.73,68.7,2025,Koramangala,62
V500C,Ashok Leyland Viking,Diesel,49.1,28.49,110.1,2025,ITPL,16
60A,Switch EiV 12,Electric,38.3,0,218.9,2025,Indiranagar,25
290E,Tata Marcopolo,CNG,28.3,60.06,251.4,2025,Mysuru Road,17
290E,Volvo 9400XL,Diesel,44.9,30.03,87.5,2025,Mysuru Road,38
60A,Volvo 8400 B7RLE,Diesel,48.6,92.91,253,2025,Indiranagar,34
43E,Ashok Leyland Viking,Diesel,49.5,50.17,161.8,2025,Hebbal,24
500D,Tata Marcopolo,CNG,39.7,70.17,250,2025,Whitefield,61
96E,Tata Marcopolo,CNG,30.1,29.67,122.9,2025,Electronic City,13
210N,Switch EiV 12,Electric,37.8,0,145,2025,Jayanagar,76
60A,Tata Marcopolo,CNG,39.4,39.15,168.3,2025,Indiranagar,29
213K,Switch EiV 12,Electric,35.2,0,275.8,2025,Banerghatta,60
210N,Volvo 8400 B7RLE,Diesel,44.1,72.05,242.1,2025,Jayanagar,32
365B,Volvo 8400 B7RLE,Diesel,30,101.47,270.3,2025,Silk Board,72
12G,Switch EiV 12,Electric,36,0,247.9,2025,BTM Layout,55
V500C,Switch EiV 12,Electric,47.3,0,246.3,2025,ITPL,63
365B,Eicher Skyline Pro,CNG,47.1,20.07,73.7,2025,Silk Board,41
K1,Switch EiV 12,Electric,40.7,0,172.3,2025,Koramangala,48
201R,Eicher Skyline Pro,CNG,25.5,71,263.8,2025,Yelahanka,11
252H,Tata Marcopolo,CNG,43.1,52.32,211.3,2025,Bommanahalli,11
279F,Eicher Skyline Pro,CNG,32.5,25.32,89.6,2025,Peenya,17
V500C,Eicher Skyline Pro,CNG,32,71.47,237,2025,ITPL,42
213K,Eicher Skyline Pro,CNG,25.2,60.18,270.6,2025,Banerghatta,69
201R,Ashok Leyland Viking,Diesel,45.7,71.01,208.9,2025,Yelahanka,24
96E,Volvo 8400 B7RLE,Diesel,43.4,16.82,63.1,2025,Electronic City,21
279F,Volvo 9400XL,Diesel,28.6,61.4,222.9,2025,Peenya,49
213K,Ashok Leyland Viking,Diesel,41.5,62.81,229.2,2025,Banerghatta,62
201R,Switch EiV 12,Electric,40.3,0,246.1,2025,Yelahanka,79
290E,Tata Marcopolo,CNG,37.2,25.51,79.5,2025,Mysuru Road,56
V500C,Volvo 8400 B7RLE,Diesel,35.2,57.6,149.7,2025,ITPL,51
600A,Tata Marcopolo,CNG,27.8,32.45,136.7,2025,Banashankari,59
60A,Volvo 9400XL,Diesel,26.8,68.27,268.5,2025,Indiranagar,32
60A,Tata Marcopolo,CNG,32.5,56.17,175,2025,Indiranagar,30
500D,Volvo 9400XL,Diesel,44.9,47.77,170.1,2025,Whitefield,55
43E,Tata Marcopolo,CNG,26.8,19.7,71,2025,Hebbal,74
12G,Eicher Skyline Pro,CNG,30.8,36.53,125,2025,BTM Layout,42
201R,Volvo 9400XL,Diesel,48.2,76.2,236.8,2025,Yelahanka,14
215K,Ashok Leyland Viking,Diesel,33,80.66,259.3,2025,Kengeri,14
V500C,Eicher Skyline Pro,CNG,41,24.55,109.7,2025,ITPL,27
213K,Switch EiV 12,Electric,33.9,0,192.8,2025,Banerghatta,14
K1,Volvo 9400XL,Diesel,28.1,52.83,202.5,2025,Koramangala,30
348C,Tata Marcopolo,CNG,36.2,44.01,170.7,2025,Marathahalli,11
60A,Volvo 8400 B7RLE,Diesel,26.8,56.05,197.5,2025,Indiranagar,71
V500C,Ashok Leyland Viking,Diesel,42.8,30.32,113.2,2025,ITPL,17
201R,Volvo 8400 B7RLE,Diesel,38.8,72.22,236.9,2025,Yelahanka,61
12G,Tata Marcopolo,CNG,44.4,26.83,91.4,2025,BTM Layout,58
210N,Volvo 8400 B7RLE,Diesel,32.1,62.69,169.3,2025,Jayanagar,79
252H,Switch EiV 12,Electric,26.4,0,198.5,2025,Bommanahalli,59
279F,Ashok Leyland Viking,Diesel,32.9,89.87,224.7,2025,Peenya,64
77E,Volvo 8400 B7RLE,Diesel,26.2,59.16,172.4,2025,KR Puram,71
365B,Ashok Leyland Viking,Diesel,26.6,57.33,215.5,2025,Silk Board,73
401A,Volvo 8400 B7RLE,Diesel,31.2,16.84,60.8,2025,RT Nagar,44
252H,Volvo 8400 B7RLE,Diesel,27.5,42.63,129.6,2025,Bommanahalli,26
K1,Tata Marcopolo,CNG,46.1,34.44,119.5,2025,Koramangala,18
279F,Volvo 8400 B7RLE,Diesel,47.3,74.14,233.6,2025,Peenya,11
96E,Switch EiV 12,Electric,34.4,0,260.2,2025,Electronic City,75
279F,Eicher Skyline Pro,CNG,27.2,67.51,272.1,2025,Peenya,66
600A,Tata Marcopolo,CNG,34.7,42.69,168.6,2025,Banashankari,27
96E,Eicher Skyline Pro,CNG,25.1,66.08,214.8,2025,Electronic City,59
215K,Switch EiV 12,Electric,41.7,0,216.9,2025,Kengeri,18
600A,Ashok Leyland Viking,Diesel,44,69.41,272.5,2025,Banashankari,64
215K,Eicher Skyline Pro,CNG,32.5,67.95,214.6,2025,Kengeri,14
201R,Switch EiV 12,Electric,41.1,0,232,2025,Yelahanka,43
77E,Volvo 8400 B7RLE,Diesel,34,17.94,70.6,2025,KR Puram,78
96E,Volvo 9400XL,Diesel,35.8,53.38,170.1,2025,Electronic City,68
V500C,Tata Marcopolo,CNG,34.2,29.82,106,2025,ITPL,37
290E,Tata Marcopolo,CNG,44.2,19.73,71.5,2025,Mysuru Road,30
12G,Volvo 9400XL,Diesel,46.3,85.49,240.9,2025,BTM Layout,17
60A,Ashok Leyland Viking,Diesel,36.8,53.56,204.6,2025,Indiranagar,47
356C,Eicher Skyline Pro,CNG,41.9,27.48,107.5,2025,Majestic,41
12G,Volvo 9400XL,Diesel,28.4,35.95,125,2025,BTM Layout,29
600A,Volvo 9400XL,Diesel,32.9,64.17,222.5,2025,Banashankari,43
290E,Ashok Leyland Viking,Diesel,42.8,52.49,146.9,2025,Mysuru Road,20
290E,Volvo 9400XL,Diesel,32.2,83.82,255.8,2025,Mysuru Road,40
77E,Tata Marcopolo,CNG,27.8,19.29,72.8,2025,KR Puram,30
V500C,Eicher Skyline Pro,CNG,45.9,39.34,118.9,2025,ITPL,13
500D,Volvo 8400 B7RLE,Diesel,33.4,56.7,143.4,2025,Whitefield,21
77E,Switch EiV 12,Electric,35.3,0,87.4,2025,KR Puram,18
213K,Ashok Leyland Viking,Diesel,35.1,51.09,168.4,2025,Banerghatta,49
348C,Tata Marcopolo,CNG,25.2,51.65,190.9,2025,Marathahalli,29
V500C,Tata Marcopolo,CNG,38,67.72,272,2025,ITPL,60
96E,Switch EiV 12,Electric,44.3,0,128.6,2025,Electronic City,56
348C,Volvo 9400XL,Diesel,38,58.02,230,2025,Marathahalli,68
290E,Volvo 8400 B7RLE,Diesel,25.4,23.97,87.6,2025,Mysuru Road,59
60A,Volvo 8400 B7RLE,Diesel,28,81.98,237.6,2025,Indiranagar,55
356C,Volvo 9400XL,Diesel,32.3,17.46,63.9,2025,Majestic,33
96E,Switch EiV 12,Electric,33.7,0,174,2025,Electronic City,52
12G,Switch EiV 12,Electric,25,0,141.8,2025,BTM Layout,49
210N,Volvo 8400 B7RLE,Diesel,41.2,31.81,126,2025,Jayanagar,26
252H,Ashok Leyland Viking,Diesel,25.6,64.04,246.4,2025,Bommanahalli,35
K1,Ashok Leyland Viking,Diesel,44.5,72.89,232.3,2025,Koramangala,24
290E,Volvo 9400XL,Diesel,32.6,56.8,147.6,2025,Mysuru Road,61
252H,Volvo 9400XL,Diesel,31.2,34.16,110.2,2025,Bommanahalli,39
V500C,Switch EiV 12,Electric,36.8,0,224.4,2025,ITPL,42
12G,Tata Marcopolo,CNG,48.9,16.47,72.7,2025,BTM Layout,67
12G,Switch EiV 12,Electric,49.8,0,232.7,2025,BTM Layout,65
290E,Switch EiV 12,Electric,49.1,0,179.8,2025,Mysuru Road,65
96E,Eicher Skyline Pro,CNG,34.1,22.95,76.6,2025,Electronic City,56
V500C,Tata Marcopolo,CNG,28.5,26.21,103.1,2025,ITPL,28
K1,Volvo 9400XL,Diesel,39.5,85.24,231.9,2025,Koramangala,54
500D,Volvo 8400 B7RLE,Diesel,40.9,77.35,238.4,2025,Whitefield,57
201R,Volvo 9400XL,Diesel,31.5,69.02,208.3,2025,Yelahanka,60
348C,Switch EiV 12,Electric,32.3,0,261.8,2025,Marathahalli,56
V500C,Ashok Leyland Viking,Diesel,47.3,45.88,163.4,2025,ITPL,74
213K,Tata Marcopolo,CNG,28.7,24.47,73.7,2025,Banerghatta,70
600A,Volvo 8400 B7RLE,Diesel,36.2,73.59,198.8,2025,Banashankari,69
96E,Switch EiV 12,Electric,38.2,0,270.7,2025,Electronic City,33
12G,Ashok Leyland Viking,Diesel,37.5,32.16,113.2,2025,BTM Layout,45
356C,Ashok Leyland Viking,Diesel,31.9,20.7,76.8,2025,Majestic,34
213K,Eicher Skyline Pro,CNG,38.7,44.15,161.1,2025,Banerghatta,40
201R,Switch EiV 12,Electric,29.1,0,69.7,2025,Yelahanka,73
213K,Switch EiV 12,Electric,30.2,0,158,2025,Banerghatta,26
12G,Eicher Skyline Pro,CNG,46.1,15.88,71,2025,BTM Layout,24
348C,Volvo 8400 B7RLE,Diesel,46.3,81.91,234.5,2025,Marathahalli,24
210N,Eicher Skyline Pro,CNG,29.9,61.28,271.3,2025,Jayanagar,66
401A,Volvo 9400XL,Diesel,42.8,70.22,278.9,2025,RT Nagar,19
215K,Volvo 8400 B7RLE,Diesel,31.5,58.72,185.3,2025,Kengeri,69
252H,Volvo 8400 B7RLE,Diesel,26.8,55.51,190.6,2025,Bommanahalli,15
213K,Tata Marcopolo,CNG,29.8,65.86,275.9,2025,Banerghatta,38
401A,Ashok Leyland Viking,Diesel,48.6,65.91,259.7,2025,RT Nagar,14
V500C,Tata Marcopolo,CNG,49.4,42.24,174.7,2025,ITPL,69
348C,Eicher Skyline Pro,CNG,36.9,23.45,95.6,2025,Marathahalli,10
96E,Tata Marcopolo,CNG,41,28.6,114.4,2025,Electronic City,60
500D,Volvo 9400XL,Diesel,39.1,26.19,95.8,2025,Whitefield,75
252H,Volvo 8400 B7RLE,Diesel,25.3,67.55,169.8,2025,Bommanahalli,51
210N,Eicher Skyline Pro,CNG,48.2,41.43,138.5,2025,Jayanagar,33
252H,Switch EiV 12,Electric,30.6,0,199.6,2025,Bommanahalli,77
401A,Eicher Skyline Pro,CNG,46.2,31.95,130.8,2025,RT Nagar,50
356C,Volvo 8400 B7RLE,Diesel,35.7,31.84,81,2025,Majestic,27
V500C,Volvo 8400 B7RLE,Diesel,41.6,61.92,165.8,2025,ITPL,43
252H,Volvo 8400 B7RLE,Diesel,34.9,31.86,123.6,2025,Bommanahalli,17
96E,Switch EiV 12,Electric,26.1,0,278.5,2025,Electronic City,68
201R,Volvo 8400 B7RLE,Diesel,34.3,73.62,227.4,2025,Yelahanka,14
K1,Tata Marcopolo,CNG,48,51.03,225.9,2025,Koramangala,21
96E,Switch EiV 12,Electric,33.9,0,187,2025,Electronic City,76
77E,Switch EiV 12,Electric,31.3,0,233.3,2025,KR Puram,73
279F,Ashok Leyland Viking,Diesel,34,52.83,184.1,2025,Peenya,22
600A,Volvo 8400 B7RLE,Diesel,29.8,29.12,112.9,2025,Banashankari,79
279F,Tata Marcopolo,CNG,37.6,24.74,82.4,2025,Peenya,62
V500C,Ashok Leyland Viking,Diesel,25.9,24.83,68.6,2025,ITPL,53
12G,Eicher Skyline Pro,CNG,32.1,56.65,250.7,2025,BTM Layout,76
60A,Ashok Leyland Viking,Diesel,35.9,55.78,188,2025,Indiranagar,70
348C,Volvo 9400XL,Diesel,44,59.41,173.7,2025,Marathahalli,10
77E,Volvo 9400XL,Diesel,47.4,35.13,137.7,2025,KR Puram,73
365B,Eicher Skyline Pro,CNG,35.5,61.48,256.4,2025,Silk Board,32
210N,Tata Marcopolo,CNG,37.4,49.83,164.8,2025,Jayanagar,39
365B,Tata Marcopolo,CNG,29.7,54.33,190,2025,Silk Board,70
500D,Switch EiV 12,Electric,30.2,0,248.1,2025,Whitefield,34
213K,Volvo 9400XL,Diesel,26.7,19.35,75.7,2025,Banerghatta,71
213K,Ashok Leyland Viking,Diesel,35.2,46.15,171.5,2025,Banerghatta,36
600A,Ashok Leyland Viking,Diesel,33.3,68.89,243.9,2025,Banashankari,59
356C,Switch EiV 12,Electric,41.4,0,229.6,2025,Majestic,12
290E,Switch EiV 12,Electric,46.9,0,93.4,2025,Mysuru Road,61
348C,Tata Marcopolo,CNG,32.1,49.1,178.6,2025,Marathahalli,53
365B,Ashok Leyland Viking,Diesel,28.2,18.72,68.3,2025,Silk Board,65
290E,Tata Marcopolo,CNG,35.4,15.86,60,2025,Mysuru Road,36
60A,Volvo 8400 B7RLE,Diesel,49.3,25.36,72,2025,Indiranagar,48
12G,Switch EiV 12,Electric,32.6,0,126.9,2025,BTM Layout,21
348C,Eicher Skyline Pro,CNG,25,27.04,110.7,2025,Marathahalli,34
12G,Ashok Leyland Viking,Diesel,30.6,78.04,272.7,2025,BTM Layout,79
210N,Switch EiV 12,Electric,46.2,0,223.2,2025,Jayanagar,44
96E,Switch EiV 12,Electric,32.6,0,153,2025,Electronic City,30
60A,Tata Marcopolo,CNG,42.8,31.15,131.6,2025,Indiranagar,63
43E,Ashok Leyland Viking,Diesel,34.3,25.95,100,2025,Hebbal,57
96E,Switch EiV 12,Electric,49.6,0,237.5,2025,Electronic City,11
500D,Switch EiV 12,Electric,34.8,0,225.9,2025,Whitefield,31
201R,Volvo 9400XL,Diesel,41.5,72.55,189.9,2025,Yelahanka,69
43E,Switch EiV 12,Electric,42.7,0,179.8,2025,Hebbal,27
201R,Switch EiV 12,Electric,44.5,0,96.8,2025,Yelahanka,45
215K,Eicher Skyline Pro,CNG,48.8,61.5,188.4,2025,Kengeri,67
12G,Eicher Skyline Pro,CNG,40,34.37,118.4,2025,BTM Layout,66
365B,Tata Marcopolo,CNG,44,68.87,217.2,2025,Silk Board,21
401A,Tata Marcopolo,CNG,37.7,48.68,173,2025,RT Nagar,39
43E,Switch EiV 12,Electric,45.7,0,265.2,2025,Hebbal,70
201R,Tata Marcopolo,CNG,42.9,57.79,213.4,2025,Yelahanka,66
365B,Switch EiV 12,Electric,42.4,0,262.6,2025,Silk Board,38
401A,Ashok Leyland Viking,Diesel,46.5,75.71,220.4,2025,RT Nagar,55
500D,Eicher Skyline Pro,CNG,29.9,67.54,237.6,2025,Whitefield,52
365B,Tata Marcopolo,CNG,49.5,31.23,133.8,2025,Silk Board,10
96E,Tata Marcopolo,CNG,43.2,55.76,214.3,2025,Electronic City,59
96E,Ashok Leyland Viking,Diesel,37.4,87.4,268.4,2025,Electronic City,49
V500C,Switch EiV 12,Electric,44.7,0,95.9,2025,ITPL,57
12G,Volvo 8400 B7RLE,Diesel,34.6,87.32,221.6,2025,BTM Layout,51
K1,Volvo 9400XL,Diesel,25.3,68.79,244.6,2025,Koramangala,62
201R,Switch EiV 12,Electric,35.9,0,273.5,2025,Yelahanka,26
96E,Tata Marcopolo,CNG,42.6,26.43,111.7,2025,Electronic City,63
60A,Volvo 9400XL,Diesel,49.2,69.91,180.2,2025,Indiranagar,70
252H,Volvo 8400 B7RLE,Diesel,43,45.1,171.1,2025,Bommanahalli,68
77E,Ashok Leyland Viking,Diesel,45,29.86,99.4,2025,KR Puram,53
252H,Tata Marcopolo,CNG,28.3,34.25,147.2,2025,Bommanahalli,49
348C,Volvo 9400XL,Diesel,32.7,32.23,94.6,2025,Marathahalli,43
201R,Switch EiV 12,Electric,41.8,0,251.7,2025,Yelahanka,21
210N,Eicher Skyline Pro,CNG,31.3,59.76,235.3,2025,Jayanagar,74
77E,Tata Marcopolo,CNG,45.8,42.62,185.8,2025,KR Puram,58
213K,Switch EiV 12,Electric,41.9,0,62.7,2025,Banerghatta,63
290E,Eicher Skyline Pro,CNG,38.7,20.81,71.4,2025,Mysuru Road,18
600A,Tata Marcopolo,CNG,33.8,32.43,127.5,2025,Banashankari,49
60A,Volvo 8400 B7RLE,Diesel,43.3,42.97,133.5,2025,Indiranagar,43
201R,Tata Marcopolo,CNG,44.6,21.87,75,2025,Yelahanka,24
290E,Eicher Skyline Pro,CNG,42.1,44.36,155.2,2025,Mysuru Road,72
500D,Switch EiV 12,Electric,34.3,0,72.4,2025,Whitefield,53
V500C,Switch EiV 12,Electric,41,0,267.8,2025,ITPL,70
213K,Switch EiV 12,Electric,40.8,0,207.7,2025,Banerghatta,22
365B,Volvo 8400 B7RLE,Diesel,35.5,28.62,103.8,2025,Silk Board,63
77E,Volvo 8400 B7RLE,Diesel,31.9,28.24,82.3,2025,KR Puram,25
290E,Volvo 8400 B7RLE,Diesel,49.5,59.59,155,2025,Mysuru Road,13
77E,Tata Marcopolo,CNG,29.5,39.07,174.1,2025,KR Puram,50
401A,Switch EiV 12,Electric,35.1,0,84.9,2025,RT Nagar,28
K1,Ashok Leyland Viking,Diesel,42.6,70.93,222.3,2025,Koramangala,75
356C,Tata Marcopolo,CNG,34.9,40.1,136.2,2025,Majestic,18
213K,Volvo 9400XL,Diesel,37.1,36.24,105.2,2025,Banerghatta,51
252H,Switch EiV 12,Electric,41.4,0,123.2,2025,Bommanahalli,45
500D,Ashok Leyland Viking,Diesel,40.1,104.42,273.1,2025,Whitefield,22
210N,Tata Marcopolo,CNG,48.8,22.23,76.6,2025,Jayanagar,21
600A,Ashok Leyland Viking,Diesel,40,23.37,80.3,2025,Banashankari,13
600A,Volvo 8400 B7RLE,Diesel,31.7,80.35,202.7,2025,Banashankari,22
201R,Volvo 8400 B7RLE,Diesel,31.3,77.49,272.3,2025,Yelahanka,23
77E,Volvo 8400 B7RLE,Diesel,40.3,72.57,215.5,2025,KR Puram,66
43E,Tata Marcopolo,CNG,39.9,27.82,119.6,2025,Hebbal,27
215K,Switch EiV 12,Electric,27.6,0,268.3,2025,Kengeri,24
348C,Switch EiV 12,Electric,48.6,0,94.1,2025,Marathahalli,37
290E,Volvo 9400XL,Diesel,47.1,79.17,222,2025,Mysuru Road,62
77E,Switch EiV 12,Electric,42.5,0,189.3,2025,KR Puram,67
365B,Switch EiV 12,Electric,35.2,0,209.6,2025,Silk Board,54
213K,Volvo 8400 B7RLE,Diesel,39.6,22.02,63.4,2025,Banerghatta,76
215K,Ashok Leyland Viking,Diesel,48.9,51.35,159.1,2025,Kengeri,74
252H,Volvo 9400XL,Diesel,29.7,69.77,244.8,2025,Bommanahalli,49
77E,Eicher Skyline Pro,CNG,27.5,91.25,274.9,2025,KR Puram,43
215K,Ashok Leyland Viking,Diesel,27.3,42.9,155.4,2025,Kengeri,20
96E,Volvo 9400XL,Diesel,35.9,90.44,261.2,2025,Electronic City,66
252H,Eicher Skyline Pro,CNG,43.1,51.63,155.6,2025,Bommanahalli,60
290E,Eicher Skyline Pro,CNG,40.3,47.95,189.7,2025,Mysuru Road,78
210N,Ashok Leyland Viking,Diesel,42.9,42.93,113.2,2025,Jayanagar,49
77E,Volvo 9400XL,Diesel,46.9,28.77,103.8,2025,KR Puram,14
210N,Volvo 9400XL,Diesel,31.2,22.33,63,2025,Jayanagar,41
252H,Tata Marcopolo,CNG,31.2,38.66,119.6,2025,Bommanahalli,26
43E,Volvo 9400XL,Diesel,43.3,47.21,161,2025,Hebbal,77
60A,Eicher Skyline Pro,CNG,27,46.98,208,2025,Indiranagar,35
210N,Ashok Leyland Viking,Diesel,45.1,65.47,244.5,2025,Jayanagar,50
210N,Volvo 9400XL,Diesel,38.6,94.7,265.2,2025,Jayanagar,57
77E,Volvo 8400 B7RLE,Diesel,43.6,54.26,195.7,2025,KR Puram,19
290E,Switch EiV 12,Electric,26.7,0,174.7,2025,Mysuru Road,37
356C,Tata Marcopolo,CNG,48,36.53,141.6,2025,Majestic,38
201R,Tata Marcopolo,CNG,31.7,50.22,178.4,2025,Yelahanka,76
60A,Tata Marcopolo,CNG,41.7,61.47,257,2025,Indiranagar,25
279F,Ashok Leyland Viking,Diesel,40.8,55.7,160,2025,Peenya,42
500D,Volvo 8400 B7RLE,Diesel,35.7,68.02,215.2,2025,Whitefield,51
365B,Ashok Leyland Viking,Diesel,48.4,78.16,202.9,2025,Silk Board,32
600A,Eicher Skyline Pro,CNG,32.3,65.85,241.4,2025,Banashankari,24
60A,Switch EiV 12,Electric,32.5,0,64.8,2025,Indiranagar,25
213K,Switch EiV 12,Electric,26.4,0,170.6,2025,Banerghatta,27
600A,Volvo 9400XL,Diesel,48.2,63.2,168,2025,Banashankari,75
215K,Volvo 9400XL,Diesel,35.2,65.52,228.2,2025,Kengeri,22
210N,Tata Marcopolo,CNG,29,36.2,117.3,2025,Jayanagar,50
43E,Volvo 8400 B7RLE,Diesel,29.6,21.59,75.5,2025,Hebbal,41
215K,Volvo 9400XL,Diesel,45.4,72,254,2025,Kengeri,46
96E,Eicher Skyline Pro,CNG,32.2,24.33,84.3,2025,Electronic City,29
600A,Volvo 9400XL,Diesel,37.9,34.81,115,2025,Banashankari,15
K1,Ashok Leyland Viking,Diesel,33.8,37,138.5,2025,Koramangala,11
356C,Tata Marcopolo,CNG,32.7,53.45,233.6,2025,Majestic,44
K1,Volvo 9400XL,Diesel,33.2,88.93,269.6,2025,Koramangala,28
V500C,Ashok Leyland Viking,Diesel,48.5,44.88,171.2,2025,ITPL,49
60A,Switch EiV 12,Electric,34.8,0,82.6,2025,Indiranagar,49
600A,Eicher Skyline Pro,CNG,37.6,55.21,181.7,2025,Banashankari,49
V500C,Tata Marcopolo,CNG,41.9,58.47,248.9,2025,ITPL,62
348C,Switch EiV 12,Electric,43.7,0,248.9,2025,Marathahalli,52
290E,Volvo 8400 B7RLE,Diesel,40.3,57.14,156.6,2025,Mysuru Road,40
600A,Volvo 8400 B7RLE,Diesel,29.5,58.8,208.2,2025,Banashankari,19
252H,Eicher Skyline Pro,CNG,27.9,34.02,110.5,2025,Bommanahalli,42
348C,Tata Marcopolo,CNG,43,14.74,60.4,2025,Marathahalli,56
12G,Switch EiV 12,Electric,29,0,173.3,2025,BTM Layout,37
201R,Volvo 8400 B7RLE,Diesel,25.5,28.52,78.4,2025,Yelahanka,72
600A,Ashok Leyland Viking,Diesel,31,84.45,256,2025,Banashankari,46
600A,Volvo 9400XL,Diesel,30.6,25.37,83.2,2025,Banashankari,79
V500C,Volvo 8400 B7RLE,Diesel,31.1,74.89,193.7,2025,ITPL,50
12G,Tata Marcopolo,CNG,30.9,43.85,146,2025,BTM Layout,51
77E,Eicher Skyline Pro,CNG,40.4,70.71,271.2,2025,KR Puram,31
210N,Switch EiV 12,Electric,35.7,0,151.5,2025,Jayanagar,11
600A,Volvo 8400 B7RLE,Diesel,42.4,50.38,179,2025,Banashankari,30
V500C,Volvo 9400XL,Diesel,37.5,31.37,97.8,2025,ITPL,55
43E,Switch EiV 12,Electric,40.8,0,251.5,2025,Hebbal,44
356C,Switch EiV 12,Electric,27.9,0,177.2,2025,Majestic,19
365B,Eicher Skyline Pro,CNG,27.9,55.11,193.2,2025,Silk Board,40
356C,Volvo 9400XL,Diesel,42.3,32.53,91.4,2025,Majestic,68
12G,Switch EiV 12,Electric,47.4,0,146.2,2025,BTM Layout,45
279F,Volvo 9400XL,Diesel,37.7,33.53,104.9,2025,Peenya,76
K1,Eicher Skyline Pro,CNG,44.8,20.62,64,2025,Koramangala,46
201R,Tata Marcopolo,CNG,39,41.67,164.3,2025,Yelahanka,46
252H,Switch EiV 12,Electric,31.3,0,211.5,2025,Bommanahalli,77
213K,Tata Marcopolo,CNG,43.1,16.35,62.2,2025,Banerghatta,68
77E,Switch EiV 12,Electric,45.5,0,243.9,2025,KR Puram,71
96E,Switch EiV 12,Electric,37.1,0,245.5,2025,Electronic City,48
356C,Volvo 9400XL,Diesel,44.8,41.99,133.4,2025,Majestic,22
60A,Ashok Leyland Viking,Diesel,46.4,26.26,100.4,2025,Indiranagar,67
401A,Volvo 8400 B7RLE,Diesel,26.9,52.76,162.6,2025,RT Nagar,72
210N,Volvo 8400 B7RLE,Diesel,47.5,84.41,236.8,2025,Jayanagar,62
356C,Ashok Leyland Viking,Diesel,46.9,24.22,74.7,2025,Majestic,52
201R,Switch EiV 12,Electric,49.2,0,179.2,2025,Yelahanka,69
96E,Tata Marcopolo,CNG,41.2,23.98,74.6,2025,Electronic City,27
60A,Ashok Leyland Viking,Diesel,45.1,45.27,142.6,2025,Indiranagar,23
348C,Volvo 9400XL,Diesel,39,93.7,279.4,2025,Marathahalli,73
401A,Volvo 9400XL,Diesel,33.8,35.44,108.4,2025,RT Nagar,60
348C,Volvo 8400 B7RLE,Diesel,34.2,23.5,75.1,2025,Marathahalli,62
365B,Volvo 9400XL,Diesel,41.4,61.46,219,2025,Silk Board,80
96E,Ashok Leyland Viking,Diesel,30.4,17.69,61.8,2025,Electronic City,59
365B,Eicher Skyline Pro,CNG,25.1,39.58,166.5,2025,Silk Board,54
600A,Eicher Skyline Pro,CNG,38.7,74.2,230,2025,Banashankari,58
500D,Eicher Skyline Pro,CNG,39.6,54.78,228.6,2025,Whitefield,59
210N,Volvo 8400 B7RLE,Diesel,45.1,68.78,225.4,2025,Jayanagar,68
201R,Volvo 8400 B7RLE,Diesel,41.8,26.5,90.9,2025,Yelahanka,53
348C,Ashok Leyland Viking,Diesel,29.2,79.97,223.3,2025,Marathahalli,54
77E,Switch EiV 12,Electric,43.7,0,255.9,2025,KR Puram,79
213K,Eicher Skyline Pro,CNG,44,66.69,259.8,2025,Banerghatta,39
500D,Switch EiV 12,Electric,47.2,0,203.9,2025,Whitefield,80
201R,Eicher Skyline Pro,CNG,40.8,57.9,187.3,2025,Yelahanka,16
600A,Eicher Skyline Pro,CNG,42.9,48.23,164.3,2025,Banashankari,74
365B,Ashok Leyland Viking,Diesel,32.8,36.51,104.5,2025,Silk Board,11
77E,Ashok Leyland Viking,Diesel,35.6,27.79,107.3,2025,KR Puram,45
12G,Switch EiV 12,Electric,29.7,0,171.6,2025,BTM Layout,14
43E,Eicher Skyline Pro,CNG,42.4,21.52,76.9,2025,Hebbal,33
356C,Volvo 9400XL,Diesel,41.5,65.18,240.8,2025,Majestic,77
43E,Switch EiV 12,Electric,42.3,0,119.8,2025,Hebbal,10
215K,Volvo 8400 B7RLE,Diesel,48.5,34.19,118.1,2025,Kengeri,24
201R,Ashok Leyland Viking,Diesel,31.7,47.16,131.4,2025,Yelahanka,25
K1,Ashok Leyland Viking,Diesel,30.5,62.72,212.8,2025,Koramangala,34
600A,Ashok Leyland Viking,Diesel,41.5,31.75,118.2,2025,Banashankari,61
356C,Volvo 9400XL,Diesel,44,83.12,231.2,2025,Majestic,41
365B,Volvo 9400XL,Diesel,42.5,26.01,79.4,2025,Silk Board,63
K1,Eicher Skyline Pro,CNG,25.8,45.76,155.1,2025,Koramangala,14
252H,Volvo 8400 B7RLE,Diesel,47,23.52,67.4,2025,Bommanahalli,12
12G,Eicher Skyline Pro,CNG,26,45.65,182.6,2025,BTM Layout,73
Route_No,Bus_Model,Fuel_Type,Avg_Speed_kmph,Fuel_Consumed_Liters,Distance_Covered_km,Year,Destination,No_of_Buses_in_Route
356C,Tata Marcopolo,CNG,48.8,34.75,142.4,2025,Majestic,40
V500C,Volvo 8400 B7RLE,Diesel,28.9,70.12,191.7,2025,ITPL,58
77E,Volvo 8400 B7RLE,Diesel,46.7,21.4,72.8,2025,KR Puram,54
279F,Volvo 9400XL,Diesel,25.5,54.57,215.8,2025,Peenya,30
60A,Volvo 9400XL,Diesel,30.3,87.68,243.1,2025,Indiranagar,44
348C,Volvo 8400 B7RLE,Diesel,32.6,30.51,100.3,2025,Marathahalli,62
252H,Tata Marcopolo,CNG,32.3,39.56,155,2025,Bommanahalli,43
77E,Eicher Skyline Pro,CNG,32.3,25.55,90.7,2025,KR Puram,72
401A,Switch EiV 12,Electric,44.6,0,160.3,2025,RT Nagar,21
60A,Ashok Leyland Viking,Diesel,37.9,30.66,103.9,2025,Indiranagar,65
213K,Eicher Skyline Pro,CNG,40.2,21.56,70.2,2025,Banerghatta,28
213K,Tata Marcopolo,CNG,48.7,16.7,74.3,2025,Banerghatta,10
K1,Eicher Skyline Pro,CNG,32.6,75.58,237.8,2025,Koramangala,54
600A,Eicher Skyline Pro,CNG,36,66.13,210.5,2025,Banashankari,34
215K,Volvo 9400XL,Diesel,25.9,43.71,168.9,2025,Kengeri,21
348C,Volvo 8400 B7RLE,Diesel,41.6,39.39,116.9,2025,Marathahalli,59
60A,Eicher Skyline Pro,CNG,38.7,53.21,174.4,2025,Indiranagar,68
213K,Eicher Skyline Pro,CNG,44.4,61.98,273.3,2025,Banerghatta,20
K1,Volvo 9400XL,Diesel,39.9,66.16,256.9,2025,Koramangala,19
12G,Volvo 8400 B7RLE,Diesel,29.9,30.96,79.5,2025,BTM Layout,37
K1,Ashok Leyland Viking,Diesel,34.7,45.27,131.6,2025,Koramangala,67
K1,Switch EiV 12,Electric,33.9,0,242.3,2025,Koramangala,72
201R,Volvo 9400XL,Diesel,38.6,44.92,121.8,2025,Yelahanka,20
600A,Tata Marcopolo,CNG,26.9,52.79,236.5,2025,Banashankari,41
60A,Switch EiV 12,Electric,30,0,229.9,2025,Indiranagar,72
60A,Volvo 9400XL,Diesel,45.4,17.19,61.2,2025,Indiranagar,24
201R,Ashok Leyland Viking,Diesel,44.3,84.41,220.4,2025,Yelahanka,78
210N,Eicher Skyline Pro,CNG,27.9,32.34,138.9,2025,Jayanagar,66
V500C,Eicher Skyline Pro,CNG,33.3,63.68,197.1,2025,ITPL,22
365B,Switch EiV 12,Electric,33.1,0,128.4,2025,Silk Board,34
96E,Eicher Skyline Pro,CNG,40.9,50.91,220.5,2025,Electronic City,53
600A,Switch EiV 12,Electric,28,0,163.9,2025,Banashankari,49
210N,Tata Marcopolo,CNG,44,56.46,216.9,2025,Jayanagar,26
77E,Tata Marcopolo,CNG,37.3,60.67,229.6,2025,KR Puram,37
348C,Tata Marcopolo,CNG,25.6,48.74,154.1,2025,Marathahalli,24
96E,Volvo 9400XL,Diesel,40.9,22.51,66.9,2025,Electronic City,41
252H,Eicher Skyline Pro,CNG,47.7,50.95,171.9,2025,Bommanahalli,40
213K,Eicher Skyline Pro,CNG,43.9,44.96,150.3,2025,Banerghatta,45
210N,Volvo 8400 B7RLE,Diesel,32.2,28.05,76.9,2025,Jayanagar,68
356C,Volvo 9400XL,Diesel,45.2,76.66,264.5,2025,Majestic,50
365B,Volvo 8400 B7RLE,Diesel,45.1,90.54,251.7,2025,Silk Board,33
279F,Ashok Leyland Viking,Diesel,38.5,69.09,256.4,2025,Peenya,45
V500C,Eicher Skyline Pro,CNG,33,81.23,257.1,2025,ITPL,73
279F,Eicher Skyline Pro,CNG,35.7,26.05,110.1,2025,Peenya,24
96E,Tata Marcopolo,CNG,25.2,66.22,249.4,2025,Electronic City,73
12G,Ashok Leyland Viking,Diesel,30.6,56.65,151.8,2025,BTM Layout,66
500D,Eicher Skyline Pro,CNG,48.6,38.54,134.3,2025,Whitefield,50
500D,Ashok Leyland Viking,Diesel,42.6,57.17,174.1,2025,Whitefield,38
210N,Volvo 8400 B7RLE,Diesel,49.1,95.15,273.8,2025,Jayanagar,43
215K,Volvo 9400XL,Diesel,32.5,57.87,169.4,2025,Kengeri,14
60A,Eicher Skyline Pro,CNG,40.2,18.14,68.1,2025,Indiranagar,10
12G,Tata Marcopolo,CNG,32,16.34,71.3,2025,BTM Layout,43
210N,Eicher Skyline Pro,CNG,28.6,30.18,112.7,2025,Jayanagar,43
96E,Volvo 9400XL,Diesel,31.1,78.9,276.8,2025,Electronic City,18
600A,Eicher Skyline Pro,CNG,30.9,55.62,227.6,2025,Banashankari,42
401A,Eicher Skyline Pro,CNG,40.8,35.67,140.9,2025,RT Nagar,13
365B,Ashok Leyland Viking,Diesel,27.3,47.4,177.9,2025,Silk Board,37
12G,Eicher Skyline Pro,CNG,29.7,42.66,130.6,2025,BTM Layout,73
401A,Tata Marcopolo,CNG,41.9,62.81,190,2025,RT Nagar,62
600A,Ashok Leyland Viking,Diesel,30.7,49.8,172.7,2025,Banashankari,72
348C,Eicher Skyline Pro,CNG,42.3,27.49,98.4,2025,Marathahalli,68
96E,Ashok Leyland Viking,Diesel,28.4,88.36,266.1,2025,Electronic City,71
77E,Ashok Leyland Viking,Diesel,48.1,22.27,85,2025,KR Puram,58
77E,Ashok Leyland Viking,Diesel,41.5,31.32,116.7,2025,KR Puram,15
348C,Switch EiV 12,Electric,38.2,0,182.1,2025,Marathahalli,10
401A,Volvo 9400XL,Diesel,27.3,29.43,113.2,2025,RT Nagar,76
600A,Ashok Leyland Viking,Diesel,40.8,85.79,258.1,2025,Banashankari,58
348C,Eicher Skyline Pro,CNG,43.1,31.48,136.8,2025,Marathahalli,23
60A,Eicher Skyline Pro,CNG,44.5,64.39,255.2,2025,Indiranagar,15
V500C,Tata Marcopolo,CNG,29,18.05,78.5,2025,ITPL,78
290E,Eicher Skyline Pro,CNG,25.2,61.35,193.4,2025,Mysuru Road,70
215K,Switch EiV 12,Electric,25.1,0,206,2025,Kengeri,21
279F,Switch EiV 12,Electric,38.7,0,95.4,2025,Peenya,25
348C,Tata Marcopolo,CNG,41.3,63.6,212.2,2025,Marathahalli,40
213K,Eicher Skyline Pro,CNG,30.9,62.13,216.7,2025,Banerghatta,35
365B,Tata Marcopolo,CNG,41.2,52.46,224.2,2025,Silk Board,29
279F,Eicher Skyline Pro,CNG,39.2,65.18,204.7,2025,Peenya,62
252H,Eicher Skyline Pro,CNG,31.6,41.86,140.9,2025,Bommanahalli,79
12G,Volvo 8400 B7RLE,Diesel,34.8,71.42,274.1,2025,BTM Layout,71
600A,Volvo 9400XL,Diesel,44.9,61.13,198.9,2025,Banashankari,12
365B,Ashok Leyland Viking,Diesel,37.3,66.92,186.9,2025,Silk Board,50
600A,Switch EiV 12,Electric,32,0,218.9,2025,Banashankari,17
60A,Volvo 9400XL,Diesel,41.1,23.61,65.3,2025,Indiranagar,64
356C,Ashok Leyland Viking,Diesel,48.8,68.93,266.9,2025,Majestic,78
213K,Ashok Leyland Viking,Diesel,25.4,36.33,141.4,2025,Banerghatta,33
401A,Tata Marcopolo,CNG,49.2,34.69,154.2,2025,RT Nagar,59
356C,Switch EiV 12,Electric,32.4,0,247.7,2025,Majestic,32
77E,Volvo 8400 B7RLE,Diesel,46.3,48.63,144.7,2025,KR Puram,60
401A,Eicher Skyline Pro,CNG,38.9,22.09,97.3,2025,RT Nagar,73
210N,Switch EiV 12,Electric,39.3,0,213.1,2025,Jayanagar,49
213K,Switch EiV 12,Electric,40.4,0,81.4,2025,Banerghatta,28
77E,Tata Marcopolo,CNG,28.5,73.54,277.8,2025,KR Puram,43
600A,Volvo 9400XL,Diesel,43.5,71.36,253,2025,Banashankari,13
279F,Ashok Leyland Viking,Diesel,34,72.95,214.5,2025,Peenya,12
348C,Volvo 8400 B7RLE,Diesel,45.3,62.65,238.1,2025,Marathahalli,17
215K,Volvo 8400 B7RLE,Diesel,37.8,80.22,260.9,2025,Kengeri,22
279F,Tata Marcopolo,CNG,41.2,58.13,235.6,2025,Peenya,72
12G,Tata Marcopolo,CNG,47.3,67.04,235.1,2025,BTM Layout,17
V500C,Ashok Leyland Viking,Diesel,27.3,42.35,142.6,2025,ITPL,35
290E,Ashok Leyland Viking,Diesel,36.6,20.49,67.9,2025,Mysuru Road,32
500D,Eicher Skyline Pro,CNG,39.8,40.38,123,2025,Whitefield,19
60A,Ashok Leyland Viking,Diesel,45.6,22.43,68.2,2025,Indiranagar,74
V500C,Switch EiV 12,Electric,38.1,0,88,2025,ITPL,61
252H,Switch EiV 12,Electric,30.4,0,229.4,2025,Bommanahalli,58
43E,Tata Marcopolo,CNG,27.1,64.01,197,2025,Hebbal,69
96E,Switch EiV 12,Electric,38.5,0,176.9,2025,Electronic City,45
365B,Volvo 8400 B7RLE,Diesel,43.2,50.51,200.2,2025,Silk Board,76
60A,Tata Marcopolo,CNG,33.1,41.4,173.6,2025,Indiranagar,53
96E,Ashok Leyland Viking,Diesel,36,45.69,119.6,2025,Electronic City,54
12G,Eicher Skyline Pro,CNG,49.1,15.42,65.6,2025,BTM Layout,35
348C,Eicher Skyline Pro,CNG,35.2,65.37,213.1,2025,Marathahalli,49
279F,Volvo 8400 B7RLE,Diesel,31.3,28.4,94.4,2025,Peenya,70
290E,Tata Marcopolo,CNG,41.5,63.51,217.2,2025,Mysuru Road,57
365B,Volvo 8400 B7RLE,Diesel,43.4,81.07,270.1,2025,Silk Board,44
12G,Ashok Leyland Viking,Diesel,35.5,67.77,194.6,2025,BTM Layout,23
213K,Ashok Leyland Viking,Diesel,43.9,54.85,138.3,2025,Banerghatta,44
348C,Ashok Leyland Viking,Diesel,26.2,33.38,85.5,2025,Marathahalli,34
213K,Tata Marcopolo,CNG,42.6,66.88,248.2,2025,Banerghatta,19
V500C,Eicher Skyline Pro,CNG,37.3,21.97,81.5,2025,ITPL,65
12G,Ashok Leyland Viking,Diesel,35.8,31.67,98.1,2025,BTM Layout,41
290E,Ashok Leyland Viking,Diesel,40.9,76.13,195.5,2025,Mysuru Road,22
213K,Switch EiV 12,Electric,40.6,0,142.4,2025,Banerghatta,78
356C,Switch EiV 12,Electric,46.4,0,170.7,2025,Majestic,11
12G,Volvo 9400XL,Diesel,29.1,78.63,204.9,2025,BTM Layout,19
279F,Volvo 9400XL,Diesel,25.7,59.58,201.3,2025,Peenya,69
348C,Switch EiV 12,Electric,39.4,0,266.9,2025,Marathahalli,12
60A,Eicher Skyline Pro,CNG,41.1,39.43,145.4,2025,Indiranagar,57
290E,Tata Marcopolo,CNG,48.5,50.29,180,2025,Mysuru Road,18
210N,Eicher Skyline Pro,CNG,47.6,82.43,271.5,2025,Jayanagar,36
201R,Volvo 9400XL,Diesel,27.5,29.79,75.3,2025,Yelahanka,39
600A,Volvo 8400 B7RLE,Diesel,42.1,31,80.8,2025,Banashankari,48
600A,Volvo 9400XL,Diesel,46.1,51.36,130.2,2025,Banashankari,60
290E,Volvo 9400XL,Diesel,32,89.35,239.2,2025,Mysuru Road,49
213K,Volvo 9400XL,Diesel,40.7,55.89,213.3,2025,Banerghatta,19
77E,Eicher Skyline Pro,CNG,45.1,64.77,221.7,2025,KR Puram,15
V500C,Ashok Leyland Viking,Diesel,43.8,26.68,99,2025,ITPL,20
401A,Volvo 9400XL,Diesel,35.3,90.88,277.9,2025,RT Nagar,80
77E,Eicher Skyline Pro,CNG,33.5,52.5,230.8,2025,KR Puram,73
210N,Eicher Skyline Pro,CNG,35.7,60.32,248.9,2025,Jayanagar,71
V500C,Switch EiV 12,Electric,27.6,0,226,2025,ITPL,70
77E,Switch EiV 12,Electric,37.6,0,258.6,2025,KR Puram,59
60A,Eicher Skyline Pro,CNG,33,55.67,241.8,2025,Indiranagar,14
213K,Switch EiV 12,Electric,25.3,0,145.6,2025,Banerghatta,59
215K,Switch EiV 12,Electric,27.3,0,259.2,2025,Kengeri,54
401A,Switch EiV 12,Electric,48.8,0,130.2,2025,RT Nagar,28
279F,Switch EiV 12,Electric,39.3,0,269.1,2025,Peenya,20
252H,Switch EiV 12,Electric,36.2,0,199,2025,Bommanahalli,66
12G,Volvo 9400XL,Diesel,33.2,35.48,124.5,2025,BTM Layout,72
500D,Tata Marcopolo,CNG,44.8,53.89,225.5,2025,Whitefield,17
401A,Eicher Skyline Pro,CNG,37.4,25.95,80.1,2025,RT Nagar,24
201R,Eicher Skyline Pro,CNG,36,41.76,180.9,2025,Yelahanka,22
96E,Volvo 8400 B7RLE,Diesel,27.9,50.54,137.2,2025,Electronic City,39
365B,Tata Marcopolo,CNG,40.5,72.18,227.5,2025,Silk Board,75
290E,Volvo 8400 B7RLE,Diesel,42.5,30.09,78.5,2025,Mysuru Road,58
365B,Volvo 9400XL,Diesel,42.7,91.84,240.8,2025,Silk Board,47
401A,Volvo 9400XL,Diesel,49.7,25.71,78.7,2025,RT Nagar,60
201R,Tata Marcopolo,CNG,45.3,32.01,141.5,2025,Yelahanka,35
356C,Switch EiV 12,Electric,43.8,0,276.9,2025,Majestic,67
201R,Volvo 8400 B7RLE,Diesel,27.1,38.96,142.8,2025,Yelahanka,38
60A,Ashok Leyland Viking,Diesel,35.6,47.36,182.8,2025,Indiranagar,78
K1,Volvo 8400 B7RLE,Diesel,37.3,33.57,84.5,2025,Koramangala,49
60A,Volvo 8400 B7RLE,Diesel,26.4,60.9,163.1,2025,Indiranagar,63
356C,Tata Marcopolo,CNG,41.2,20.85,85.9,2025,Majestic,50
77E,Tata Marcopolo,CNG,49.1,52.86,188.3,2025,KR Puram,31
60A,Ashok Leyland Viking,Diesel,46.7,43.34,122.9,2025,Indiranagar,33
43E,Volvo 9400XL,Diesel,25.3,68.75,271.9,2025,Hebbal,77
210N,Switch EiV 12,Electric,47.3,0,69.5,2025,Jayanagar,39
356C,Switch EiV 12,Electric,49.8,0,176.1,2025,Majestic,11
210N,Eicher Skyline Pro,CNG,38.8,17.11,76.2,2025,Jayanagar,58
252H,Eicher Skyline Pro,CNG,40.7,43.3,175.1,2025,Bommanahalli,74
348C,Volvo 8400 B7RLE,Diesel,40.7,47.39,160,2025,Marathahalli,66
348C,Volvo 8400 B7RLE,Diesel,26.1,88.42,258.3,2025,Marathahalli,71
356C,Ashok Leyland Viking,Diesel,47.3,84.53,269.1,2025,Majestic,27
279F,Volvo 8400 B7RLE,Diesel,31.9,70.59,196.4,2025,Peenya,50
77E,Volvo 8400 B7RLE,Diesel,33.8,47.99,162,2025,KR Puram,16
60A,Switch EiV 12,Electric,49.4,0,77.1,2025,Indiranagar,56
77E,Ashok Leyland Viking,Diesel,42.5,83.83,277,2025,KR Puram,68
12G,Switch EiV 12,Electric,45.3,0,128.1,2025,BTM Layout,50
348C,Volvo 8400 B7RLE,Diesel,29.1,54.47,210.6,2025,Marathahalli,26
213K,Switch EiV 12,Electric,48.7,0,241,2025,Banerghatta,27
365B,Volvo 8400 B7RLE,Diesel,40.3,70.25,219.7,2025,Silk Board,20
215K,Tata Marcopolo,CNG,46.7,86.45,265.2,2025,Kengeri,38
201R,Volvo 8400 B7RLE,Diesel,34.4,17.71,65.8,2025,Yelahanka,20
279F,Volvo 9400XL,Diesel,28.8,81.74,277.2,2025,Peenya,64
96E,Volvo 9400XL,Diesel,49.2,38.21,143.8,2025,Electronic City,72
213K,Volvo 9400XL,Diesel,36.7,78.28,244.4,2025,Banerghatta,18
500D,Ashok Leyland Viking,Diesel,26.4,31.63,120.1,2025,Whitefield,33
348C,Tata Marcopolo,CNG,50,53.13,238.8,2025,Marathahalli,77
213K,Switch EiV 12,Electric,44.2,0,182.2,2025,Banerghatta,51
365B,Eicher Skyline Pro,CNG,46.2,79.44,267.8,2025,Silk Board,18
290E,Switch EiV 12,Electric,28.2,0,159.1,2025,Mysuru Road,64
348C,Volvo 9400XL,Diesel,40.2,94.94,269.9,2025,Marathahalli,68
213K,Volvo 9400XL,Diesel,40.5,68.42,207.8,2025,Banerghatta,25
213K,Ashok Leyland Viking,Diesel,41.8,25.91,85,2025,Banerghatta,13
77E,Tata Marcopolo,CNG,38,53.74,229.9,2025,KR Puram,53
43E,Ashok Leyland Viking,Diesel,39,47.55,181.4,2025,Hebbal,26
600A,Volvo 9400XL,Diesel,28.4,58.51,148.8,2025,Banashankari,80
600A,Volvo 8400 B7RLE,Diesel,40.5,63.58,226.1,2025,Banashankari,46
V500C,Switch EiV 12,Electric,28.4,0,106.9,2025,ITPL,17
210N,Switch EiV 12,Electric,33.8,0,63.2,2025,Jayanagar,67
365B,Ashok Leyland Viking,Diesel,34.8,60.14,189.8,2025,Silk Board,73
210N,Volvo 9400XL,Diesel,33.7,79.15,258.9,2025,Jayanagar,50
60A,Volvo 9400XL,Diesel,34.9,67.69,232.4,2025,Indiranagar,52
V500C,Volvo 8400 B7RLE,Diesel,48.7,91.78,249.7,2025,ITPL,40
252H,Switch EiV 12,Electric,37.3,0,263.8,2025,Bommanahalli,48
77E,Eicher Skyline Pro,CNG,36.5,26.13,116.8,2025,KR Puram,24
500D,Tata Marcopolo,CNG,33.2,42.63,168.4,2025,Whitefield,27
365B,Volvo 8400 B7RLE,Diesel,26.9,41.88,112.8,2025,Silk Board,45
600A,Volvo 9400XL,Diesel,28.8,32.57,88.2,2025,Banashankari,73
K1,Ashok Leyland Viking,Diesel,29.5,66.59,201,2025,Koramangala,66
43E,Tata Marcopolo,CNG,36.8,64.3,257.3,2025,Hebbal,40
401A,Volvo 9400XL,Diesel,29.8,38.22,97.9,2025,RT Nagar,32
77E,Eicher Skyline Pro,CNG,32,29.77,97.2,2025,KR Puram,31
365B,Tata Marcopolo,CNG,28,21.54,79.5,2025,Silk Board,28
252H,Volvo 8400 B7RLE,Diesel,34.1,32.38,105.4,2025,Bommanahalli,78
60A,Volvo 8400 B7RLE,Diesel,26,57.28,211.9,2025,Indiranagar,27
500D,Ashok Leyland Viking,Diesel,27,51.99,198.1,2025,Whitefield,78
600A,Eicher Skyline Pro,CNG,26.5,76.89,262.6,2025,Banashankari,56
210N,Eicher Skyline Pro,CNG,43.7,72.45,237.4,2025,Jayanagar,29
356C,Eicher Skyline Pro,CNG,34.3,28.47,106.1,2025,Majestic,26
77E,Ashok Leyland Viking,Diesel,34.2,61.37,196,2025,KR Puram,62
43E,Eicher Skyline Pro,CNG,25.9,66.42,224.4,2025,Hebbal,77
77E,Volvo 9400XL,Diesel,47.4,66.38,216.9,2025,KR Puram,20
600A,Ashok Leyland Viking,Diesel,27.7,55.85,177.1,2025,Banashankari,49
279F,Volvo 9400XL,Diesel,31.1,61.02,177.2,2025,Peenya,23
500D,Ashok Leyland Viking,Diesel,25.5,47.94,143,2025,Whitefield,73
290E,Switch EiV 12,Electric,33.2,0,106.5,2025,Mysuru Road,76
43E,Ashok Leyland Viking,Diesel,47.3,25.45,86.3,2025,Hebbal,61
K1,Volvo 8400 B7RLE,Diesel,44.7,64.48,209.4,2025,Koramangala,76
77E,Switch EiV 12,Electric,38.4,0,79.1,2025,KR Puram,64
12G,Volvo 9400XL,Diesel,43.6,60.08,189.1,2025,BTM Layout,37
348C,Tata Marcopolo,CNG,32.1,24.85,88.1,2025,Marathahalli,66
K1,Ashok Leyland Viking,Diesel,39.3,66.61,202.1,2025,Koramangala,61
60A,Eicher Skyline Pro,CNG,40.1,82.54,277,2025,Indiranagar,60
252H,Switch EiV 12,Electric,28.8,0,82.4,2025,Bommanahalli,37
12G,Tata Marcopolo,CNG,29,34.79,114.1,2025,BTM Layout,14
356C,Ashok Leyland Viking,Diesel,29.3,31.91,122.7,2025,Majestic,40
500D,Eicher Skyline Pro,CNG,38.1,21.49,77.7,2025,Whitefield,50
356C,Volvo 9400XL,Diesel,27.8,89.16,276.1,2025,Majestic,17
365B,Ashok Leyland Viking,Diesel,46.6,73.36,273.3,2025,Silk Board,79
279F,Tata Marcopolo,CNG,29.3,29.15,116.7,2025,Peenya,19
213K,Eicher Skyline Pro,CNG,38.9,68.57,264.5,2025,Banerghatta,27
201R,Switch EiV 12,Electric,44.2,0,121.6,2025,Yelahanka,46
201R,Tata Marcopolo,CNG,33.1,27.79,101.1,2025,Yelahanka,37
279F,Switch EiV 12,Electric,31.1,0,171.7,2025,Peenya,44
213K,Switch EiV 12,Electric,40.3,0,85.3,2025,Banerghatta,37
252H,Switch EiV 12,Electric,39.5,0,123.5,2025,Bommanahalli,38
365B,Switch EiV 12,Electric,37,0,94,2025,Silk Board,16
60A,Volvo 9400XL,Diesel,26.3,58.97,177.2,2025,Indiranagar,31
290E,Eicher Skyline Pro,CNG,26.6,19.98,89.6,2025,Mysuru Road,39
290E,Switch EiV 12,Electric,45.2,0,130.9,2025,Mysuru Road,72
348C,Tata Marcopolo,CNG,42,28.02,116,2025,Marathahalli,50
365B,Ashok Leyland Viking,Diesel,36.8,61.26,191,2025,Silk Board,21
279F,Switch EiV 12,Electric,48.2,0,136.8,2025,Peenya,52
12G,Volvo 8400 B7RLE,Diesel,49.1,90.34,242.7,2025,BTM Layout,71
K1,Tata Marcopolo,CNG,48.5,67.48,220.8,2025,Koramangala,79
290E,Volvo 8400 B7RLE,Diesel,43.5,22.19,74.6,2025,Mysuru Road,66
348C,Ashok Leyland Viking,Diesel,28.5,66.4,245.2,2025,Marathahalli,73
V500C,Volvo 8400 B7RLE,Diesel,29.1,38.01,104.4,2025,ITPL,57
252H,Volvo 9400XL,Diesel,41.6,72.82,239.2,2025,Bommanahalli,27
12G,Tata Marcopolo,CNG,46.9,38.71,138.9,2025,BTM Layout,63
401A,Switch EiV 12,Electric,36,0,239.7,2025,RT Nagar,34
77E,Volvo 8400 B7RLE,Diesel,36.6,48.41,142.9,2025,KR Puram,57
210N,Volvo 9400XL,Diesel,37.6,78.82,224.5,2025,Jayanagar,13
210N,Tata Marcopolo,CNG,34.6,67.6,257.9,2025,Jayanagar,48
43E,Switch EiV 12,Electric,40.6,0,259.4,2025,Hebbal,71
96E,Ashok Leyland Viking,Diesel,48.5,24.9,85.7,2025,Electronic City,69
365B,Eicher Skyline Pro,CNG,28.5,31.9,133.7,2025,Silk Board,58
V500C,Ashok Leyland Viking,Diesel,38.3,51.13,196.4,2025,ITPL,14
348C,Tata Marcopolo,CNG,28.8,67.34,233.5,2025,Marathahalli,21
K1,Ashok Leyland Viking,Diesel,43.6,44.98,114.7,2025,Koramangala,26
K1,Volvo 8400 B7RLE,Diesel,44.1,48.6,185.4,2025,Koramangala,14
96E,Eicher Skyline Pro,CNG,45.5,42.74,135.3,2025,Electronic City,69
210N,Volvo 8400 B7RLE,Diesel,28.2,79.52,246.2,2025,Jayanagar,31
356C,Eicher Skyline Pro,CNG,28.7,70.4,235.4,2025,Majestic,15
600A,Ashok Leyland Viking,Diesel,43,63.23,218.9,2025,Banashankari,71
60A,Tata Marcopolo,CNG,38.6,62.97,212.7,2025,Indiranagar,29
77E,Switch EiV 12,Electric,29.5,0,136.1,2025,KR Puram,77
356C,Switch EiV 12,Electric,39.6,0,259.9,2025,Majestic,36
252H,Ashok Leyland Viking,Diesel,36.6,37.8,148.2,2025,Bommanahalli,65
600A,Tata Marcopolo,CNG,39.7,24.93,93.7,2025,Banashankari,45
77E,Switch EiV 12,Electric,25.5,0,194.5,2025,KR Puram,71
96E,Volvo 9400XL,Diesel,48.3,75.25,251.9,2025,Electronic City,17
43E,Volvo 9400XL,Diesel,48.1,59.9,213.3,2025,Hebbal,57
77E,Volvo 9400XL,Diesel,39.4,27.45,93.6,2025,KR Puram,64
215K,Volvo 9400XL,Diesel,43.4,39.29,153.3,2025,Kengeri,63
252H,Ashok Leyland Viking,Diesel,36.3,98.73,263.6,2025,Bommanahalli,20
210N,Volvo 9400XL,Diesel,46,102.98,276.7,2025,Jayanagar,17
500D,Switch EiV 12,Electric,46.7,0,262.6,2025,Whitefield,24
201R,Volvo 9400XL,Diesel,39.8,56.19,174.1,2025,Yelahanka,37
215K,Ashok Leyland Viking,Diesel,33.4,19.44,72,2025,Kengeri,49
60A,Volvo 9400XL,Diesel,33.3,19.69,61,2025,Indiranagar,61
12G,Ashok Leyland Viking,Diesel,48,59.02,178.2,2025,BTM Layout,21
600A,Volvo 8400 B7RLE,Diesel,43.4,42.88,136.3,2025,Banashankari,45
401A,Volvo 8400 B7RLE,Diesel,36.3,40.35,109.4,2025,RT Nagar,24
215K,Tata Marcopolo,CNG,37.5,27.23,98.8,2025,Kengeri,27
401A,Tata Marcopolo,CNG,34.1,67.5,261.3,2025,RT Nagar,25
60A,Volvo 9400XL,Diesel,25.3,56.96,199.1,2025,Indiranagar,69
252H,Eicher Skyline Pro,CNG,49,30.78,99.2,2025,Bommanahalli,74
77E,Volvo 8400 B7RLE,Diesel,27.1,37.84,151.2,2025,KR Puram,48
500D,Ashok Leyland Viking,Diesel,39.9,65.56,170.5,2025,Whitefield,78
96E,Ashok Leyland Viking,Diesel,30.2,58.49,225,2025,Electronic City,28
290E,Eicher Skyline Pro,CNG,29.8,34.4,105.1,2025,Mysuru Road,78
252H,Tata Marcopolo,CNG,39.1,52.9,163.9,2025,Bommanahalli,37
43E,Volvo 9400XL,Diesel,36.3,70.16,230.6,2025,Hebbal,20
96E,Eicher Skyline Pro,CNG,35,40.89,157,2025,Electronic City,35
279F,Switch EiV 12,Electric,29.5,0,94.2,2025,Peenya,58
279F,Volvo 8400 B7RLE,Diesel,48.7,81.57,249.6,2025,Peenya,77
77E,Ashok Leyland Viking,Diesel,41.1,38.42,119.6,2025,KR Puram,47
213K,Volvo 9400XL,Diesel,28.9,18.35,65.6,2025,Banerghatta,50
365B,Volvo 8400 B7RLE,Diesel,25.7,72.36,205,2025,Silk Board,33
279F,Tata Marcopolo,CNG,41.8,36.57,110.8,2025,Peenya,38
213K,Eicher Skyline Pro,CNG,45,25.37,82.9,2025,Banerghatta,60
600A,Volvo 9400XL,Diesel,31,76.85,203.6,2025,Banashankari,14
12G,Tata Marcopolo,CNG,43.1,26.5,113.5,2025,BTM Layout,71
279F,Volvo 9400XL,Diesel,34.9,69.27,242.6,2025,Peenya,56
290E,Ashok Leyland Viking,Diesel,32.3,27.34,105.1,2025,Mysuru Road,60
356C,Switch EiV 12,Electric,27.1,0,62.9,2025,Majestic,37
213K,Tata Marcopolo,CNG,25.7,32.3,105.7,2025,Banerghatta,14
V500C,Tata Marcopolo,CNG,35.5,43.4,188.3,2025,ITPL,26
77E,Volvo 8400 B7RLE,Diesel,33.5,83,239.8,2025,KR Puram,17
77E,Ashok Leyland Viking,Diesel,39.8,49.45,143.5,2025,KR Puram,40
96E,Ashok Leyland Viking,Diesel,35.2,59.28,197.3,2025,Electronic City,37
12G,Volvo 8400 B7RLE,Diesel,32.4,39.74,155.9,2025,BTM Layout,66
96E,Switch EiV 12,Electric,28.5,0,228,2025,Electronic City,22
60A,Volvo 8400 B7RLE,Diesel,37.2,65.36,251.1,2025,Indiranagar,19
600A,Ashok Leyland Viking,Diesel,35.6,93.14,236,2025,Banashankari,67
215K,Volvo 9400XL,Diesel,38.5,34.52,119.1,2025,Kengeri,34
356C,Eicher Skyline Pro,CNG,28.5,27.44,116.7,2025,Majestic,24
290E,Volvo 9400XL,Diesel,38.1,100.31,276.6,2025,Mysuru Road,19
V500C,Eicher Skyline Pro,CNG,25.5,27.43,119.9,2025,ITPL,32
500D,Ashok Leyland Viking,Diesel,39.4,29.51,85.9,2025,Whitefield,32
60A,Eicher Skyline Pro,CNG,41.3,42.85,181.9,2025,Indiranagar,33
600A,Tata Marcopolo,CNG,25.3,32.88,105.4,2025,Banashankari,44
V500C,Volvo 8400 B7RLE,Diesel,46.8,75.97,258,2025,ITPL,23
401A,Ashok Leyland Viking,Diesel,41.6,69.52,192.1,2025,RT Nagar,13
401A,Eicher Skyline Pro,CNG,35.5,73.07,261.2,2025,RT Nagar,22
348C,Tata Marcopolo,CNG,26.2,53.61,174.2,2025,Marathahalli,42
401A,Eicher Skyline Pro,CNG,27.1,56.96,222.4,2025,RT Nagar,49
348C,Volvo 8400 B7RLE,Diesel,34.7,38.87,114,2025,Marathahalli,49
V500C,Volvo 9400XL,Diesel,43,46.92,138.2,2025,ITPL,78
290E,Tata Marcopolo,CNG,36.9,46.2,184.6,2025,Mysuru Road,31
348C,Switch EiV 12,Electric,43.3,0,266.1,2025,Marathahalli,23
252H,Switch EiV 12,Electric,25.8,0,107.3,2025,Bommanahalli,19
60A,Ashok Leyland Viking,Diesel,39.9,45.67,117.7,2025,Indiranagar,37
401A,Ashok Leyland Viking,Diesel,39.9,56.37,169.2,2025,RT Nagar,26
401A,Switch EiV 12,Electric,27.7,0,229.6,2025,RT Nagar,59
201R,Volvo 9400XL,Diesel,43.2,23.59,76.5,2025,Yelahanka,46
600A,Volvo 9400XL,Diesel,35.9,73.67,211.4,2025,Banashankari,42
365B,Volvo 9400XL,Diesel,45,67.81,240.2,2025,Silk Board,68
12G,Ashok Leyland Viking,Diesel,39.8,39.42,119.9,2025,BTM Layout,75
210N,Volvo 9400XL,Diesel,47.9,29.61,80.1,2025,Jayanagar,56
252H,Volvo 8400 B7RLE,Diesel,36.2,96.88,269.1,2025,Bommanahalli,33
210N,Switch EiV 12,Electric,46.8,0,179.2,2025,Jayanagar,25
356C,Volvo 8400 B7RLE,Diesel,45.2,63.39,221.1,2025,Majestic,38
500D,Tata Marcopolo,CNG,46.2,62.91,212.3,2025,Whitefield,35
365B,Switch EiV 12,Electric,30.5,0,167.7,2025,Silk Board,21
96E,Switch EiV 12,Electric,48.6,0,277.3,2025,Electronic City,34
213K,Ashok Leyland Viking,Diesel,42.6,17.67,68.7,2025,Banerghatta,65
279F,Switch EiV 12,Electric,39.2,0,99.7,2025,Peenya,20
210N,Switch EiV 12,Electric,25.8,0,261.4,2025,Jayanagar,52
K1,Eicher Skyline Pro,CNG,32.4,48.65,213.4,2025,Koramangala,69
215K,Eicher Skyline Pro,CNG,48.6,73.72,273.6,2025,Kengeri,65
12G,Volvo 8400 B7RLE,Diesel,46.1,83.8,249.6,2025,BTM Layout,75
12G,Eicher Skyline Pro,CNG,25.9,62.24,242.4,2025,BTM Layout,23
12G,Eicher Skyline Pro,CNG,28,35.5,110.6,2025,BTM Layout,43
60A,Eicher Skyline Pro,CNG,33.5,52.16,213.2,2025,Indiranagar,50
252H,Tata Marcopolo,CNG,32.9,19.53,74.4,2025,Bommanahalli,55
356C,Ashok Leyland Viking,Diesel,33,68.05,234,2025,Majestic,63
96E,Volvo 8400 B7RLE,Diesel,40.4,89.46,254.9,2025,Electronic City,63
356C,Volvo 9400XL,Diesel,46.8,25.83,65.4,2025,Majestic,30
V500C,Volvo 9400XL,Diesel,38.2,64.58,252.4,2025,ITPL,18
252H,Eicher Skyline Pro,CNG,49.9,66.85,235.7,2025,Bommanahalli,28
252H,Volvo 9400XL,Diesel,35,71.06,228.8,2025,Bommanahalli,79
213K,Tata Marcopolo,CNG,46.8,44.26,198.1,2025,Banerghatta,11
213K,Ashok Leyland Viking,Diesel,35.4,73.12,229,2025,Banerghatta,47
348C,Eicher Skyline Pro,CNG,31,70.22,222.3,2025,Marathahalli,57
252H,Switch EiV 12,Electric,32.2,0,138,2025,Bommanahalli,70
252H,Ashok Leyland Viking,Diesel,30.8,48.85,125.2,2025,Bommanahalli,51
600A,Tata Marcopolo,CNG,49.7,17.55,63.9,2025,Banashankari,47
279F,Volvo 8400 B7RLE,Diesel,42,51.14,144.6,2025,Peenya,51
201R,Eicher Skyline Pro,CNG,44.7,85.83,269,2025,Yelahanka,37
201R,Eicher Skyline Pro,CNG,47,34.39,151.9,2025,Yelahanka,46
V500C,Tata Marcopolo,CNG,40.3,50.08,162.8,2025,ITPL,65
290E,Ashok Leyland Viking,Diesel,30.8,71.05,278.1,2025,Mysuru Road,56
600A,Volvo 9400XL,Diesel,40.2,62.07,202.9,2025,Banashankari,17
12G,Ashok Leyland Viking,Diesel,29.4,39.11,110.7,2025,BTM Layout,23
290E,Ashok Leyland Viking,Diesel,44.5,33.39,101,2025,Mysuru Road,59
43E,Ashok Leyland Viking,Diesel,49.2,19,72.7,2025,Hebbal,11
401A,Tata Marcopolo,CNG,49.9,80.99,264.1,2025,RT Nagar,28
348C,Ashok Leyland Viking,Diesel,44,41.53,147.2,2025,Marathahalli,45
201R,Volvo 9400XL,Diesel,45.4,33.1,93.9,2025,Yelahanka,24
215K,Ashok Leyland Viking,Diesel,38.4,32.22,109.2,2025,Kengeri,49
201R,Volvo 9400XL,Diesel,27.3,49.16,187.6,2025,Yelahanka,78
290E,Ashok Leyland Viking,Diesel,28.2,30.89,118.4,2025,Mysuru Road,65
279F,Eicher Skyline Pro,CNG,46.6,64.12,270.2,2025,Peenya,21
60A,Volvo 8400 B7RLE,Diesel,38.8,77.63,204.2,2025,Indiranagar,48
215K,Switch EiV 12,Electric,34.3,0,149.9,2025,Kengeri,67
600A,Switch EiV 12,Electric,43.1,0,117.1,2025,Banashankari,29
279F,Volvo 8400 B7RLE,Diesel,27,59.75,169.1,2025,Peenya,51
V500C,Volvo 9400XL,Diesel,26.9,55.68,210.3,2025,ITPL,13
356C,Switch EiV 12,Electric,37,0,168.9,2025,Majestic,76
96E,Volvo 9400XL,Diesel,45.6,62.98,190.3,2025,Electronic City,50
213K,Ashok Leyland Viking,Diesel,39.1,72.12,209.2,2025,Banerghatta,33
43E,Volvo 9400XL,Diesel,44.9,72.63,253.3,2025,Hebbal,33
500D,Tata Marcopolo,CNG,46.7,60.82,247.1,2025,Whitefield,60
96E,Eicher Skyline Pro,CNG,42.4,60.72,244.1,2025,Electronic City,10
348C,Eicher Skyline Pro,CNG,43.8,60.56,196.1,2025,Marathahalli,50
401A,Tata Marcopolo,CNG,46.8,83.38,253.8,2025,RT Nagar,26
201R,Tata Marcopolo,CNG,28.2,69,241.7,2025,Yelahanka,17
401A,Switch EiV 12,Electric,29,0,223.6,2025,RT Nagar,22
201R,Switch EiV 12,Electric,45.8,0,240,2025,Yelahanka,18
290E,Volvo 9400XL,Diesel,25.2,58.56,171.6,2025,Mysuru Road,54
252H,Tata Marcopolo,CNG,49.5,49.57,195.7,2025,Bommanahalli,72
213K,Switch EiV 12,Electric,40.9,0,117.2,2025,Banerghatta,46
K1,Ashok Leyland Viking,Diesel,44.5,67.21,178.8,2025,Koramangala,39
600A,Ashok Leyland Viking,Diesel,38.5,57.65,227.4,2025,Banashankari,49
290E,Switch EiV 12,Electric,40.8,0,135.2,2025,Mysuru Road,56
60A,Eicher Skyline Pro,CNG,27.6,60.15,265,2025,Indiranagar,37
60A,Ashok Leyland Viking,Diesel,26.7,71.59,211.3,2025,Indiranagar,57
213K,Tata Marcopolo,CNG,26.7,55.72,215.8,2025,Banerghatta,47
201R,Switch EiV 12,Electric,40.5,0,136.1,2025,Yelahanka,19
77E,Volvo 8400 B7RLE,Diesel,46.8,17.7,70.1,2025,KR Puram,12
290E,Ashok Leyland Viking,Diesel,43.7,101.37,273.2,2025,Mysuru Road,15
201R,Eicher Skyline Pro,CNG,25.6,74.77,226.8,2025,Yelahanka,24
279F,Ashok Leyland Viking,Diesel,37.2,35.89,131.2,2025,Peenya,54
348C,Switch EiV 12,Electric,36.1,0,210.3,2025,Marathahalli,71
96E,Volvo 8400 B7RLE,Diesel,49.9,38.29,120.2,2025,Electronic City,67
356C,Volvo 9400XL,Diesel,29.1,43.14,159.3,2025,Majestic,16
12G,Switch EiV 12,Electric,30.5,0,212.6,2025,BTM Layout,51
213K,Volvo 9400XL,Diesel,42,22.43,78.1,2025,Banerghatta,54
365B,Switch EiV 12,Electric,48.8,0,120.1,2025,Silk Board,30
600A,Tata Marcopolo,CNG,35.8,21.11,93.2,2025,Banashankari,65
96E,Switch EiV 12,Electric,41,0,152.3,2025,Electronic City,32
290E,Volvo 9400XL,Diesel,31.9,37.1,147.5,2025,Mysuru Road,12
V500C,Switch EiV 12,Electric,47.4,0,150.1,2025,ITPL,29
43E,Switch EiV 12,Electric,30.3,0,110.6,2025,Hebbal,56
V500C,Ashok Leyland Viking,Diesel,41.3,21.88,66.8,2025,ITPL,21
96E,Ashok Leyland Viking,Diesel,36.8,63.31,250.2,2025,Electronic City,67
348C,Switch EiV 12,Electric,46.7,0,100.8,2025,Marathahalli,78
43E,Tata Marcopolo,CNG,44.3,54.11,230.9,2025,Hebbal,27
600A,Volvo 9400XL,Diesel,40.7,84.32,227.4,2025,Banashankari,42
365B,Ashok Leyland Viking,Diesel,48,19.62,67.2,2025,Silk Board,45
348C,Ashok Leyland Viking,Diesel,37,87.89,235.2,2025,Marathahalli,61
401A,Ashok Leyland Viking,Diesel,42.1,27.82,87.5,2025,RT Nagar,66
365B,Volvo 8400 B7RLE,Diesel,37.3,40.1,104.1,2025,Silk Board,12
500D,Ashok Leyland Viking,Diesel,31.7,50.86,188,2025,Whitefield,31
290E,Switch EiV 12,Electric,36.4,0,128.3,2025,Mysuru Road,77
500D,Eicher Skyline Pro,CNG,26.8,17.44,62.6,2025,Whitefield,15
348C,Eicher Skyline Pro,CNG,40,48.17,165.6,2025,Marathahalli,26
V500C,Tata Marcopolo,CNG,46.5,51.06,212.9,2025,ITPL,57
600A,Eicher Skyline Pro,CNG,37,21.76,68.7,2025,Banashankari,22
215K,Eicher Skyline Pro,CNG,49.7,35.22,113.2,2025,Kengeri,40
V500C,Switch EiV 12,Electric,40.5,0,169.8,2025,ITPL,21
356C,Volvo 9400XL,Diesel,39,85.3,214.5,2025,Majestic,66
348C,Tata Marcopolo,CNG,37.9,42.08,131.8,2025,Marathahalli,55
401A,Volvo 8400 B7RLE,Diesel,25.8,52.37,137.1,2025,RT Nagar,15
210N,Eicher Skyline Pro,CNG,28.3,38.25,147.3,2025,Jayanagar,53
356C,Volvo 8400 B7RLE,Diesel,45,75.6,211.7,2025,Majestic,58
600A,Eicher Skyline Pro,CNG,27.6,24.48,96.8,2025,Banashankari,59
290E,Ashok Leyland Viking,Diesel,25.8,55.17,215.4,2025,Mysuru Road,48
43E,Volvo 8400 B7RLE,Diesel,38.5,20.04,71.4,2025,Hebbal,25
213K,Volvo 9400XL,Diesel,42.9,67.95,251.6,2025,Banerghatta,23
77E,Ashok Leyland Viking,Diesel,45.4,51.41,134.7,2025,KR Puram,80
12G,Volvo 9400XL,Diesel,38.7,68.95,256.9,2025,BTM Layout,17
290E,Volvo 9400XL,Diesel,41.1,48.49,159.5,2025,Mysuru Road,77
96E,Volvo 9400XL,Diesel,27,85.27,220.9,2025,Electronic City,51
96E,Tata Marcopolo,CNG,29,26.56,114.4,2025,Electronic City,78
201R,Tata Marcopolo,CNG,49.4,30.87,108.2,2025,Yelahanka,79
348C,Volvo 9400XL,Diesel,44.7,28.7,100.1,2025,Marathahalli,20
356C,Eicher Skyline Pro,CNG,38.9,41.58,169.6,2025,Majestic,63
12G,Ashok Leyland Viking,Diesel,49.9,27.84,110.3,2025,BTM Layout,79
K1,Switch EiV 12,Electric,30,0,203.1,2025,Koramangala,22
V500C,Ashok Leyland Viking,Diesel,26.8,82.37,209.7,2025,ITPL,14
500D,Volvo 9400XL,Diesel,36.6,30.69,116.7,2025,Whitefield,39
348C,Volvo 8400 B7RLE,Diesel,43.6,70.1,220,2025,Marathahalli,53
V500C,Eicher Skyline Pro,CNG,34.3,30.37,136.1,2025,ITPL,37
600A,Tata Marcopolo,CNG,46.7,17.79,68.8,2025,Banashankari,33
96E,Volvo 8400 B7RLE,Diesel,43.1,48.45,156.5,2025,Electronic City,70
290E,Ashok Leyland Viking,Diesel,47.5,80.51,252.2,2025,Mysuru Road,53
348C,Tata Marcopolo,CNG,39.8,27.68,120.9,2025,Marathahalli,66
600A,Switch EiV 12,Electric,40.6,0,106.3,2025,Banashankari,14
43E,Volvo 9400XL,Diesel,43.3,73.74,198.9,2025,Hebbal,33
401A,Tata Marcopolo,CNG,47.7,66.52,217.5,2025,RT Nagar,65
12G,Volvo 8400 B7RLE,Diesel,49.3,40.52,112.3,2025,BTM Layout,58
290E,Switch EiV 12,Electric,37.3,0,248,2025,Mysuru Road,39
96E,Volvo 8400 B7RLE,Diesel,46.8,36.11,114.4,2025,Electronic City,45
V500C,Tata Marcopolo,CNG,34,44.56,173.3,2025,ITPL,40
356C,Volvo 9400XL,Diesel,34.8,24.28,96,2025,Majestic,56
96E,Eicher Skyline Pro,CNG,41.4,33.49,116.8,2025,Electronic City,29
210N,Volvo 8400 B7RLE,Diesel,28.3,58.21,230.2,2025,Jayanagar,80
60A,Eicher Skyline Pro,CNG,30.9,51.38,159.8,2025,Indiranagar,76
365B,Tata Marcopolo,CNG,38,27.76,97.3,2025,Silk Board,79
96E,Tata Marcopolo,CNG,35.8,71.86,242.4,2025,Electronic City,78
252H,Volvo 8400 B7RLE,Diesel,42.7,71.19,195.8,2025,Bommanahalli,12
V500C,Ashok Leyland Viking,Diesel,25.9,26.88,96.9,2025,ITPL,19
401A,Volvo 9400XL,Diesel,36.9,54.7,206,2025,RT Nagar,65
252H,Tata Marcopolo,CNG,39.6,55.13,237.2,2025,Bommanahalli,54
252H,Switch EiV 12,Electric,27.8,0,105.3,2025,Bommanahalli,65
279F,Switch EiV 12,Electric,26.4,0,119.3,2025,Peenya,16
252H,Switch EiV 12,Electric,48.4,0,176.9,2025,Bommanahalli,30
500D,Ashok Leyland Viking,Diesel,28.1,21.62,68.7,2025,Whitefield,67
96E,Volvo 8400 B7RLE,Diesel,32.9,81.42,265.5,2025,Electronic City,23
348C,Volvo 9400XL,Diesel,28.7,17.36,69.1,2025,Marathahalli,24
201R,Tata Marcopolo,CNG,25.1,61.5,272.3,2025,Yelahanka,10
365B,Volvo 8400 B7RLE,Diesel,46.7,63.04,200.6,2025,Silk Board,54
401A,Volvo 8400 B7RLE,Diesel,37.2,49.54,173.4,2025,RT Nagar,63
500D,Ashok Leyland Viking,Diesel,25.7,30.62,90.7,2025,Whitefield,61
V500C,Eicher Skyline Pro,CNG,30,53.61,215,2025,ITPL,44
V500C,Ashok Leyland Viking,Diesel,27.3,77.92,273.4,2025,ITPL,34
356C,Volvo 8400 B7RLE,Diesel,46.7,56.98,157.6,2025,Majestic,20
43E,Eicher Skyline Pro,CNG,46,48.09,212.4,2025,Hebbal,31
215K,Ashok Leyland Viking,Diesel,37.4,61.37,210.3,2025,Kengeri,75
279F,Ashok Leyland Viking,Diesel,39.3,98.68,251.2,2025,Peenya,77
60A,Ashok Leyland Viking,Diesel,42.2,75.34,264.8,2025,Indiranagar,35
210N,Tata Marcopolo,CNG,41.5,29.91,107.4,2025,Jayanagar,37
77E,Eicher Skyline Pro,CNG,27.7,50.99,203.3,2025,KR Puram,12
V500C,Switch EiV 12,Electric,26.2,0,279.9,2025,ITPL,59
365B,Tata Marcopolo,CNG,35.2,63.86,275,2025,Silk Board,14
60A,Volvo 8400 B7RLE,Diesel,39.2,64.34,232.1,2025,Indiranagar,29
77E,Volvo 8400 B7RLE,Diesel,35.1,84.7,253.3,2025,KR Puram,20
V500C,Eicher Skyline Pro,CNG,45.2,49.93,206.9,2025,ITPL,65
290E,Tata Marcopolo,CNG,35.9,55.72,235.5,2025,Mysuru Road,48
K1,Eicher Skyline Pro,CNG,38.6,28.72,86.4,2025,Koramangala,54
96E,Volvo 8400 B7RLE,Diesel,34.2,42.47,131.4,2025,Electronic City,51
290E,Eicher Skyline Pro,CNG,34.7,57.99,213,2025,Mysuru Road,78
V500C,Volvo 9400XL,Diesel,34.3,39.53,112.3,2025,ITPL,38
201R,Volvo 9400XL,Diesel,40.1,21.73,76.1,2025,Yelahanka,54
252H,Tata Marcopolo,CNG,36.6,54.99,196.3,2025,Bommanahalli,67
356C,Eicher Skyline Pro,CNG,38,67.2,249.9,2025,Majestic,34
500D,Tata Marcopolo,CNG,33.5,18.37,65.6,2025,Whitefield,47
210N,Eicher Skyline Pro,CNG,39.5,38.86,147.7,2025,Jayanagar,52
252H,Tata Marcopolo,CNG,44.1,45.91,193.7,2025,Bommanahalli,41
600A,Eicher Skyline Pro,CNG,48.9,72.01,218,2025,Banashankari,17
600A,Eicher Skyline Pro,CNG,25.2,25.96,103.1,2025,Banashankari,31
43E,Switch EiV 12,Electric,31.1,0,257.6,2025,Hebbal,48
210N,Ashok Leyland Viking,Diesel,26.5,67.64,263.9,2025,Jayanagar,25
348C,Volvo 9400XL,Diesel,27.5,42.55,137.4,2025,Marathahalli,69
348C,Eicher Skyline Pro,CNG,32.1,33.66,116.5,2025,Marathahalli,80
201R,Volvo 8400 B7RLE,Diesel,38.5,79.78,236.7,2025,Yelahanka,17
365B,Switch EiV 12,Electric,42.9,0,194.3,2025,Silk Board,50
290E,Volvo 9400XL,Diesel,35.3,44.73,120,2025,Mysuru Road,60
77E,Volvo 8400 B7RLE,Diesel,42,36.04,99.9,2025,KR Puram,42
215K,Tata Marcopolo,CNG,42.7,55.53,175.5,2025,Kengeri,11
348C,Volvo 8400 B7RLE,Diesel,31.4,46.85,184.8,2025,Marathahalli,22
V500C,Eicher Skyline Pro,CNG,45.1,43.5,166.4,2025,ITPL,42
279F,Ashok Leyland Viking,Diesel,40.8,17.72,69.6,2025,Peenya,44
96E,Tata Marcopolo,CNG,45.5,44.47,192.4,2025,Electronic City,46
401A,Tata Marcopolo,CNG,30.3,28.14,110.2,2025,RT Nagar,66
290E,Volvo 8400 B7RLE,Diesel,46,39.06,150.4,2025,Mysuru Road,36
60A,Ashok Leyland Viking,Diesel,30.9,37.54,137.8,2025,Indiranagar,35
365B,Volvo 8400 B7RLE,Diesel,45.6,38.43,120.5,2025,Silk Board,32
77E,Volvo 8400 B7RLE,Diesel,27.4,60.22,206.9,2025,KR Puram,21
60A,Volvo 9400XL,Diesel,39.7,57.92,159.4,2025,Indiranagar,67
60A,Ashok Leyland Viking,Diesel,46.6,78.62,222.1,2025,Indiranagar,52
365B,Eicher Skyline Pro,CNG,25.6,20.46,81.1,2025,Silk Board,31
252H,Volvo 9400XL,Diesel,38.7,67.98,193.6,2025,Bommanahalli,30
279F,Ashok Leyland Viking,Diesel,39.9,44.99,146,2025,Peenya,70
356C,Volvo 8400 B7RLE,Diesel,28.4,78.27,277.3,2025,Majestic,42
77E,Eicher Skyline Pro,CNG,35.7,36.55,149,2025,KR Puram,27
600A,Ashok Leyland Viking,Diesel,49.8,78.85,212.3,2025,Banashankari,65
12G,Eicher Skyline Pro,CNG,43.1,21.43,82.9,2025,BTM Layout,42
290E,Volvo 8400 B7RLE,Diesel,27,45.77,120.3,2025,Mysuru Road,71
V500C,Volvo 9400XL,Diesel,29.8,85.99,256.7,2025,ITPL,28
12G,Volvo 8400 B7RLE,Diesel,33.9,42.2,109.9,2025,BTM Layout,60
401A,Ashok Leyland Viking,Diesel,26.7,47.07,174.2,2025,RT Nagar,46
279F,Volvo 9400XL,Diesel,38.5,29.16,111.4,2025,Peenya,21
215K,Switch EiV 12,Electric,38.3,0,203.2,2025,Kengeri,62
401A,Eicher Skyline Pro,CNG,33.3,32.82,131.4,2025,RT Nagar,37
213K,Volvo 9400XL,Diesel,41.5,83.53,278.7,2025,Banerghatta,28
12G,Ashok Leyland Viking,Diesel,36.6,85.21,220.7,2025,BTM Layout,69
600A,Ashok Leyland Viking,Diesel,48.9,66.49,183.7,2025,Banashankari,31
77E,Ashok Leyland Viking,Diesel,30,64.11,211.8,2025,KR Puram,27
401A,Tata Marcopolo,CNG,36.3,19.67,81.3,2025,RT Nagar,77
96E,Volvo 8400 B7RLE,Diesel,41.6,36.96,136.5,2025,Electronic City,17
401A,Eicher Skyline Pro,CNG,30.9,73.35,264,2025,RT Nagar,56
43E,Eicher Skyline Pro,CNG,49.8,21.3,93.5,2025,Hebbal,54
279F,Ashok Leyland Viking,Diesel,46.1,54.49,178.8,2025,Peenya,68
213K,Volvo 8400 B7RLE,Diesel,27.2,54.28,197.2,2025,Banerghatta,53
210N,Volvo 9400XL,Diesel,45.7,23.99,88.1,2025,Jayanagar,30
279F,Ashok Leyland Viking,Diesel,25.9,73.07,215.9,2025,Peenya,79
290E,Eicher Skyline Pro,CNG,34,37.65,117.9,2025,Mysuru Road,52
60A,Tata Marcopolo,CNG,38.8,76.95,266.1,2025,Indiranagar,58
12G,Switch EiV 12,Electric,36.2,0,147.3,2025,BTM Layout,73
96E,Volvo 8400 B7RLE,Diesel,37.9,49.52,192.1,2025,Electronic City,63
V500C,Volvo 8400 B7RLE,Diesel,49.8,44.82,169.3,2025,ITPL,26
12G,Volvo 8400 B7RLE,Diesel,48.3,39.6,105.9,2025,BTM Layout,27
K1,Switch EiV 12,Electric,34.5,0,239.8,2025,Koramangala,53
K1,Volvo 8400 B7RLE,Diesel,46.7,68.27,253.2,2025,Koramangala,72
279F,Eicher Skyline Pro,CNG,32.6,74.9,233.8,2025,Peenya,51
600A,Switch EiV 12,Electric,29.3,0,148.7,2025,Banashankari,66
252H,Switch EiV 12,Electric,33.7,0,212.9,2025,Bommanahalli,41
12G,Ashok Leyland Viking,Diesel,41,73.55,274.6,2025,BTM Layout,73
348C,Switch EiV 12,Electric,46.6,0,89.2,2025,Marathahalli,35
210N,Tata Marcopolo,CNG,37.2,67.27,263,2025,Jayanagar,47
290E,Volvo 9400XL,Diesel,29.4,70.16,228.3,2025,Mysuru Road,43
K1,Ashok Leyland Viking,Diesel,28.7,48.41,147.7,2025,Koramangala,48
252H,Ashok Leyland Viking,Diesel,25.6,27.75,75,2025,Bommanahalli,10
96E,Ashok Leyland Viking,Diesel,38.7,68.86,271.9,2025,Electronic City,74
356C,Ashok Leyland Viking,Diesel,32.8,47.59,155.1,2025,Majestic,63
96E,Volvo 9400XL,Diesel,27.6,45.27,156.7,2025,Electronic City,42
356C,Volvo 9400XL,Diesel,40.5,30.93,107.5,2025,Majestic,45
96E,Volvo 9400XL,Diesel,26.5,25.44,93.4,2025,Electronic City,60
348C,Switch EiV 12,Electric,26.5,0,161.2,2025,Marathahalli,43
V500C,Ashok Leyland Viking,Diesel,26.4,78.73,278.9,2025,ITPL,49
201R,Ashok Leyland Viking,Diesel,31,101.87,276.4,2025,Yelahanka,22
215K,Volvo 8400 B7RLE,Diesel,32.6,32.7,86.7,2025,Kengeri,52
K1,Volvo 9400XL,Diesel,26.6,65.04,212.3,2025,Koramangala,54
96E,Switch EiV 12,Electric,45.3,0,279.3,2025,Electronic City,11
279F,Ashok Leyland Viking,Diesel,32.7,56.84,195.3,2025,Peenya,65
43E,Switch EiV 12,Electric,35.7,0,175.9,2025,Hebbal,22
600A,Eicher Skyline Pro,CNG,47.2,24.17,88.8,2025,Banashankari,10
365B,Volvo 9400XL,Diesel,34.2,32.94,102.8,2025,Silk Board,65
201R,Volvo 9400XL,Diesel,43.3,66.26,242.1,2025,Yelahanka,20
279F,Ashok Leyland Viking,Diesel,35.4,19.37,62.4,2025,Peenya,17
500D,Ashok Leyland Viking,Diesel,31.5,17.64,64.2,2025,Whitefield,32
77E,Eicher Skyline Pro,CNG,38.4,27.15,90.2,2025,KR Puram,15
252H,Ashok Leyland Viking,Diesel,31,15.82,62.7,2025,Bommanahalli,19
V500C,Eicher Skyline Pro,CNG,49,63.32,236.3,2025,ITPL,53
348C,Volvo 9400XL,Diesel,38.7,26.43,84.1,2025,Marathahalli,43
77E,Switch EiV 12,Electric,27.5,0,245.8,2025,KR Puram,60
600A,Eicher Skyline Pro,CNG,28.8,48.01,167.4,2025,Banashankari,25
201R,Ashok Leyland Viking,Diesel,36.9,72.52,222.2,2025,Yelahanka,68
500D,Eicher Skyline Pro,CNG,36.5,35.14,146.8,2025,Whitefield,12
279F,Ashok Leyland Viking,Diesel,48.9,69.64,256.3,2025,Peenya,21
43E,Ashok Leyland Viking,Diesel,42.2,41,129.4,2025,Hebbal,49
401A,Volvo 8400 B7RLE,Diesel,46,45.35,116,2025,RT Nagar,67
252H,Switch EiV 12,Electric,36.5,0,258.4,2025,Bommanahalli,57
12G,Volvo 8400 B7RLE,Diesel,41.5,52.1,200.2,2025,BTM Layout,73
215K,Eicher Skyline Pro,CNG,40.3,64.55,200.1,2025,Kengeri,12
77E,Ashok Leyland Viking,Diesel,28.8,48.25,174,2025,KR Puram,53
279F,Volvo 9400XL,Diesel,42,67.39,172.7,2025,Peenya,34
213K,Tata Marcopolo,CNG,42.9,25.32,78.7,2025,Banerghatta,56
201R,Ashok Leyland Viking,Diesel,25.3,19.24,75.7,2025,Yelahanka,18
356C,Volvo 9400XL,Diesel,33.8,75.49,222.3,2025,Majestic,10
215K,Tata Marcopolo,CNG,44.4,34.29,136.9,2025,Kengeri,32
365B,Volvo 9400XL,Diesel,29.4,38.03,100.7,2025,Silk Board,65
213K,Volvo 8400 B7RLE,Diesel,44.1,70.85,205.3,2025,Banerghatta,66
365B,Eicher Skyline Pro,CNG,27.1,14.51,64.6,2025,Silk Board,20
401A,Tata Marcopolo,CNG,44.2,31.75,125,2025,RT Nagar,10
215K,Volvo 9400XL,Diesel,30.1,53.69,144,2025,Kengeri,42
365B,Eicher Skyline Pro,CNG,44.4,49.25,195.3,2025,Silk Board,23
96E,Volvo 9400XL,Diesel,26,44.7,176.7,2025,Electronic City,11
V500C,Volvo 9400XL,Diesel,32.3,59.37,235.7,2025,ITPL,45
600A,Switch EiV 12,Electric,39.6,0,192.4,2025,Banashankari,17
V500C,Volvo 9400XL,Diesel,45.3,64.45,224.6,2025,ITPL,23
348C,Volvo 8400 B7RLE,Diesel,33.5,22.66,88.2,2025,Marathahalli,44
43E,Switch EiV 12,Electric,34.3,0,109.4,2025,Hebbal,44
290E,Tata Marcopolo,CNG,36,39.57,155.1,2025,Mysuru Road,18
356C,Eicher Skyline Pro,CNG,31,84.06,267.5,2025,Majestic,40
348C,Ashok Leyland Viking,Diesel,47.2,29.81,103.4,2025,Marathahalli,42
201R,Volvo 9400XL,Diesel,45.4,32.41,122.9,2025,Yelahanka,36
365B,Volvo 9400XL,Diesel,48,85.53,246.2,2025,Silk Board,64
356C,Switch EiV 12,Electric,36.5,0,226.1,2025,Majestic,21
600A,Volvo 9400XL,Diesel,43.2,66.91,245.2,2025,Banashankari,25
213K,Tata Marcopolo,CNG,29.4,53.54,204.4,2025,Banerghatta,46
213K,Tata Marcopolo,CNG,48.4,90.25,276.6,2025,Banerghatta,37
210N,Ashok Leyland Viking,Diesel,28.3,26.83,96.3,2025,Jayanagar,43
213K,Eicher Skyline Pro,CNG,30.3,63.82,239.9,2025,Banerghatta,68
290E,Switch EiV 12,Electric,43.3,0,245,2025,Mysuru Road,14
600A,Volvo 8400 B7RLE,Diesel,39.8,54.96,179.3,2025,Banashankari,41
365B,Volvo 9400XL,Diesel,39.1,35.52,125.5,2025,Silk Board,14
401A,Ashok Leyland Viking,Diesel,40.9,69.23,252.1,2025,RT Nagar,43
210N,Eicher Skyline Pro,CNG,36.5,31.59,95.2,2025,Jayanagar,69
77E,Tata Marcopolo,CNG,43.2,25.47,114.3,2025,KR Puram,54
348C,Switch EiV 12,Electric,35,0,81.8,2025,Marathahalli,59
252H,Tata Marcopolo,CNG,30.1,61.58,236,2025,Bommanahalli,10
K1,Eicher Skyline Pro,CNG,40.4,67.43,221.3,2025,Koramangala,44
401A,Tata Marcopolo,CNG,44.6,36.07,138.2,2025,RT Nagar,76
V500C,Ashok Leyland Viking,Diesel,44,23.97,61.2,2025,ITPL,75
348C,Volvo 9400XL,Diesel,30.1,56.92,224.1,2025,Marathahalli,45
43E,Eicher Skyline Pro,CNG,33.2,43.71,140.9,2025,Hebbal,25
348C,Switch EiV 12,Electric,46.9,0,127.2,2025,Marathahalli,41
201R,Tata Marcopolo,CNG,34.2,76.02,279.2,2025,Yelahanka,19
348C,Volvo 8400 B7RLE,Diesel,47.2,64.58,218.9,2025,Marathahalli,79
V500C,Ashok Leyland Viking,Diesel,35.3,41.23,146.1,2025,ITPL,43
290E,Switch EiV 12,Electric,40.5,0,60.7,2025,Mysuru Road,69
401A,Volvo 9400XL,Diesel,44.9,52.36,138.2,2025,RT Nagar,15
201R,Volvo 9400XL,Diesel,37,54.68,189.4,2025,Yelahanka,52
213K,Eicher Skyline Pro,CNG,39.5,19.34,74.3,2025,Banerghatta,62
348C,Eicher Skyline Pro,CNG,40.1,45.66,183.3,2025,Marathahalli,74
348C,Tata Marcopolo,CNG,31.7,55.95,237.1,2025,Marathahalli,50
500D,Volvo 8400 B7RLE,Diesel,26.9,65.54,169.6,2025,Whitefield,25
252H,Ashok Leyland Viking,Diesel,44.6,37.48,133.5,2025,Bommanahalli,43
500D,Switch EiV 12,Electric,37.9,0,233.5,2025,Whitefield,22
279F,Volvo 9400XL,Diesel,28.7,52.4,156.8,2025,Peenya,80
60A,Eicher Skyline Pro,CNG,27.2,46.68,155.5,2025,Indiranagar,17
252H,Ashok Leyland Viking,Diesel,43.4,47.93,191.6,2025,Bommanahalli,19
401A,Eicher Skyline Pro,CNG,41.1,73.05,265.3,2025,RT Nagar,73
V500C,Ashok Leyland Viking,Diesel,44.6,74.7,200,2025,ITPL,50
201R,Volvo 9400XL,Diesel,46,48.83,150.2,2025,Yelahanka,63
279F,Volvo 9400XL,Diesel,39.7,66.91,185.8,2025,Peenya,62
201R,Ashok Leyland Viking,Diesel,33.4,55.02,139.7,2025,Yelahanka,47
600A,Ashok Leyland Viking,Diesel,45.8,22.44,65.3,2025,Banashankari,72
43E,Tata Marcopolo,CNG,32.5,39.45,174,2025,Hebbal,52
290E,Switch EiV 12,Electric,35.7,0,117,2025,Mysuru Road,12
252H,Switch EiV 12,Electric,46,0,252,2025,Bommanahalli,23
K1,Switch EiV 12,Electric,45.1,0,100.9,2025,Koramangala,17
213K,Volvo 9400XL,Diesel,37.1,59.55,160.8,2025,Banerghatta,11
60A,Volvo 9400XL,Diesel,43.2,23.95,77.7,2025,Indiranagar,53
43E,Volvo 9400XL,Diesel,43.2,42.79,156.1,2025,Hebbal,16
279F,Ashok Leyland Viking,Diesel,40.3,35.15,95,2025,Peenya,44
252H,Switch EiV 12,Electric,41.4,0,225.3,2025,Bommanahalli,72
365B,Volvo 9400XL,Diesel,26.7,104.62,270.5,2025,Silk Board,15
348C,Ashok Leyland Viking,Diesel,31.5,42.54,122.1,2025,Marathahalli,35
279F,Eicher Skyline Pro,CNG,31.2,76.12,259.4,2025,Peenya,48
356C,Volvo 9400XL,Diesel,36.2,61.96,227.1,2025,Majestic,51
348C,Ashok Leyland Viking,Diesel,37.2,29.17,74.4,2025,Marathahalli,11
43E,Eicher Skyline Pro,CNG,47.7,23,73.8,2025,Hebbal,76
500D,Volvo 8400 B7RLE,Diesel,35.3,58.62,177.1,2025,Whitefield,70
43E,Switch EiV 12,Electric,25.5,0,258,2025,Hebbal,73
96E,Tata Marcopolo,CNG,49.1,53.64,206,2025,Electronic City,52
348C,Volvo 8400 B7RLE,Diesel,26.3,85.07,266.1,2025,Marathahalli,65
252H,Switch EiV 12,Electric,43.3,0,117.2,2025,Bommanahalli,50
77E,Switch EiV 12,Electric,31.4,0,275.9,2025,KR Puram,44
600A,Ashok Leyland Viking,Diesel,30,60.9,203.9,2025,Banashankari,80
96E,Switch EiV 12,Electric,49.3,0,162.1,2025,Electronic City,22
252H,Volvo 9400XL,Diesel,33.7,72.59,193.9,2025,Bommanahalli,26
K1,Switch EiV 12,Electric,30.6,0,93.3,2025,Koramangala,58
600A,Volvo 9400XL,Diesel,46.3,34.47,115.2,2025,Banashankari,43
43E,Volvo 8400 B7RLE,Diesel,27.9,46.2,175.1,2025,Hebbal,76
356C,Switch EiV 12,Electric,26.7,0,219,2025,Majestic,72
252H,Eicher Skyline Pro,CNG,38.6,69.08,215.7,2025,Bommanahalli,43
279F,Volvo 8400 B7RLE,Diesel,37.1,58.5,160.8,2025,Peenya,71
279F,Volvo 9400XL,Diesel,46.2,76.52,268.1,2025,Peenya,28
401A,Tata Marcopolo,CNG,35.3,40.66,161.7,2025,RT Nagar,18
365B,Switch EiV 12,Electric,26.6,0,180,2025,Silk Board,44
348C,Volvo 9400XL,Diesel,45.2,54.19,172.8,2025,Marathahalli,52
213K,Ashok Leyland Viking,Diesel,44.7,25.48,71.4,2025,Banerghatta,14
96E,Tata Marcopolo,CNG,29.1,33.44,116.9,2025,Electronic City,56
210N,Switch EiV 12,Electric,38,0,226.5,2025,Jayanagar,80
43E,Tata Marcopolo,CNG,46.9,24.33,105.1,2025,Hebbal,10
600A,Eicher Skyline Pro,CNG,31,68.4,251.5,2025,Banashankari,43
K1,Volvo 9400XL,Diesel,44.3,108.9,276.7,2025,Koramangala,46
60A,Tata Marcopolo,CNG,36.6,17.03,74.3,2025,Indiranagar,13
96E,Eicher Skyline Pro,CNG,37.4,56.52,178.5,2025,Electronic City,64
60A,Eicher Skyline Pro,CNG,45.6,57.27,204.5,2025,Indiranagar,61
500D,Switch EiV 12,Electric,49.1,0,230.6,2025,Whitefield,12
600A,Ashok Leyland Viking,Diesel,38.1,35.76,104.8,2025,Banashankari,41
V500C,Ashok Leyland Viking,Diesel,39.4,67.91,234.4,2025,ITPL,77
348C,Volvo 8400 B7RLE,Diesel,34.9,60.81,235.5,2025,Marathahalli,11
201R,Volvo 9400XL,Diesel,28.9,50.03,177.3,2025,Yelahanka,44
401A,Volvo 9400XL,Diesel,32.9,61.94,234.5,2025,RT Nagar,28
215K,Eicher Skyline Pro,CNG,31.9,57.96,259.4,2025,Kengeri,38
210N,Volvo 8400 B7RLE,Diesel,30.1,32.78,91,2025,Jayanagar,74
43E,Tata Marcopolo,CNG,41.4,79.52,256.7,2025,Hebbal,17
43E,Volvo 8400 B7RLE,Diesel,40.4,59.77,156.9,2025,Hebbal,58
210N,Tata Marcopolo,CNG,45.1,67.62,254.1,2025,Jayanagar,46
500D,Volvo 8400 B7RLE,Diesel,35.4,68.61,272.8,2025,Whitefield,36
12G,Volvo 8400 B7RLE,Diesel,40.9,75.27,206.9,2025,BTM Layout,32
348C,Eicher Skyline Pro,CNG,35.7,78.31,254,2025,Marathahalli,62
12G,Eicher Skyline Pro,CNG,39,16.57,62.8,2025,BTM Layout,29
290E,Tata Marcopolo,CNG,47.3,69.99,218.3,2025,Mysuru Road,13
12G,Eicher Skyline Pro,CNG,29.7,51.52,220.9,2025,BTM Layout,32
213K,Tata Marcopolo,CNG,38.5,59.08,240.2,2025,Banerghatta,67
252H,Eicher Skyline Pro,CNG,36.8,30.53,129.2,2025,Bommanahalli,40
K1,Volvo 8400 B7RLE,Diesel,33.9,49.67,161,2025,Koramangala,57
348C,Switch EiV 12,Electric,33.4,0,242.2,2025,Marathahalli,75
600A,Switch EiV 12,Electric,42.8,0,98.2,2025,Banashankari,39
500D,Volvo 9400XL,Diesel,27.5,84.52,241.7,2025,Whitefield,38
43E,Ashok Leyland Viking,Diesel,33.7,28.72,91.2,2025,Hebbal,73
V500C,Volvo 9400XL,Diesel,41.3,65.48,224.7,2025,ITPL,21
60A,Tata Marcopolo,CNG,46,37.09,137.5,2025,Indiranagar,69
215K,Tata Marcopolo,CNG,40.9,86.35,275.4,2025,Kengeri,53
365B,Volvo 9400XL,Diesel,33.1,59.16,208.8,2025,Silk Board,27
201R,Volvo 8400 B7RLE,Diesel,29.4,19.9,75.3,2025,Yelahanka,33
210N,Tata Marcopolo,CNG,45.9,32.17,110,2025,Jayanagar,69
348C,Tata Marcopolo,CNG,42.4,53.44,201.4,2025,Marathahalli,27
500D,Eicher Skyline Pro,CNG,30.3,41.71,127.2,2025,Whitefield,40
210N,Switch EiV 12,Electric,41.3,0,126.9,2025,Jayanagar,45
290E,Switch EiV 12,Electric,46.8,0,266.4,2025,Mysuru Road,16
215K,Eicher Skyline Pro,CNG,44.7,57.16,228.5,2025,Kengeri,25
279F,Tata Marcopolo,CNG,47.7,29.28,117.3,2025,Peenya,58
60A,Volvo 9400XL,Diesel,27.8,57.81,183.3,2025,Indiranagar,56
290E,Ashok Leyland Viking,Diesel,46.6,48.58,161.3,2025,Mysuru Road,66
252H,Ashok Leyland Viking,Diesel,49.4,53.9,143.7,2025,Bommanahalli,76
60A,Eicher Skyline Pro,CNG,26.1,37.23,153,2025,Indiranagar,59
213K,Switch EiV 12,Electric,32,0,262,2025,Banerghatta,41
401A,Volvo 8400 B7RLE,Diesel,32.3,64.35,248.8,2025,RT Nagar,40
215K,Volvo 8400 B7RLE,Diesel,45.1,89.39,225.9,2025,Kengeri,78
401A,Volvo 9400XL,Diesel,43.2,91.91,271.8,2025,RT Nagar,19
401A,Volvo 8400 B7RLE,Diesel,32,63.66,242.5,2025,RT Nagar,69
201R,Ashok Leyland Viking,Diesel,42.6,25.61,84.8,2025,Yelahanka,31
500D,Eicher Skyline Pro,CNG,31,26.9,81.2,2025,Whitefield,20
600A,Tata Marcopolo,CNG,32.5,41.85,163.1,2025,Banashankari,73
356C,Volvo 9400XL,Diesel,32.5,34.69,125.4,2025,Majestic,47
43E,Tata Marcopolo,CNG,47.6,16.5,70.6,2025,Hebbal,15
213K,Ashok Leyland Viking,Diesel,39.8,53.9,206.9,2025,Banerghatta,55
96E,Volvo 8400 B7RLE,Diesel,27,35.25,100.8,2025,Electronic City,67
365B,Ashok Leyland Viking,Diesel,25.9,69.59,234.8,2025,Silk Board,66
77E,Volvo 9400XL,Diesel,46.4,85,279,2025,KR Puram,27
210N,Volvo 9400XL,Diesel,45.8,21.77,74,2025,Jayanagar,30
K1,Switch EiV 12,Electric,27.3,0,85.3,2025,Koramangala,63
201R,Eicher Skyline Pro,CNG,41.7,61.29,260.1,2025,Yelahanka,21
348C,Volvo 8400 B7RLE,Diesel,39.3,77.35,253.4,2025,Marathahalli,27
60A,Volvo 9400XL,Diesel,32.9,49.08,154.7,2025,Indiranagar,28
210N,Eicher Skyline Pro,CNG,40,53.08,230.3,2025,Jayanagar,11
201R,Volvo 9400XL,Diesel,40.2,45.69,157.5,2025,Yelahanka,64
213K,Volvo 8400 B7RLE,Diesel,42.6,66.59,190.2,2025,Banerghatta,31
12G,Eicher Skyline Pro,CNG,27.6,48.28,172.7,2025,BTM Layout,17
500D,Switch EiV 12,Electric,41.3,0,167.3,2025,Whitefield,63
348C,Eicher Skyline Pro,CNG,40,65.39,269.1,2025,Marathahalli,38
279F,Ashok Leyland Viking,Diesel,40.9,65.76,171.4,2025,Peenya,80
252H,Tata Marcopolo,CNG,34,31.28,116,2025,Bommanahalli,39
215K,Ashok Leyland Viking,Diesel,28.5,24.01,70,2025,Kengeri,52
77E,Volvo 8400 B7RLE,Diesel,33.3,84.92,273.7,2025,KR Puram,13
600A,Eicher Skyline Pro,CNG,40.3,30.14,103.1,2025,Banashankari,53
252H,Tata Marcopolo,CNG,37.9,35.07,105.5,2025,Bommanahalli,40
12G,Volvo 8400 B7RLE,Diesel,30.5,24.15,61.7,2025,BTM Layout,54
213K,Ashok Leyland Viking,Diesel,33.5,22.62,83.8,2025,Banerghatta,12
500D,Eicher Skyline Pro,CNG,37.8,54.04,185.9,2025,Whitefield,26
600A,Switch EiV 12,Electric,34.9,0,265,2025,Banashankari,53
600A,Ashok Leyland Viking,Diesel,40.4,29.65,79.2,2025,Banashankari,27
290E,Ashok Leyland Viking,Diesel,37.7,35.66,135.9,2025,Mysuru Road,78
60A,Volvo 9400XL,Diesel,42.6,42.26,168.6,2025,Indiranagar,43
12G,Eicher Skyline Pro,CNG,31.9,24.75,88.9,2025,BTM Layout,40
210N,Ashok Leyland Viking,Diesel,35.3,39.57,152.8,2025,Jayanagar,22
252H,Volvo 8400 B7RLE,Diesel,40.2,73.24,217.1,2025,Bommanahalli,74
365B,Eicher Skyline Pro,CNG,48.9,57,241.2,2025,Silk Board,34
401A,Volvo 9400XL,Diesel,40.9,23.4,60.3,2025,RT Nagar,33
96E,Eicher Skyline Pro,CNG,26.5,29.88,116.7,2025,Electronic City,59
356C,Switch EiV 12,Electric,27.9,0,211,2025,Majestic,36
43E,Volvo 9400XL,Diesel,36.4,47.29,144.4,2025,Hebbal,34
77E,Volvo 8400 B7RLE,Diesel,35.5,23.88,86.6,2025,KR Puram,63
213K,Eicher Skyline Pro,CNG,27,21.4,75.6,2025,Banerghatta,23
K1,Volvo 8400 B7RLE,Diesel,41.7,75.95,267.2,2025,Koramangala,58
356C,Volvo 9400XL,Diesel,39.8,55.5,139.6,2025,Majestic,30
215K,Tata Marcopolo,CNG,47.8,51.01,199.9,2025,Kengeri,28
356C,Switch EiV 12,Electric,43.1,0,252.2,2025,Majestic,54
500D,Tata Marcopolo,CNG,47.6,27.91,86.5,2025,Whitefield,79
365B,Volvo 9400XL,Diesel,28.6,70.5,177.5,2025,Silk Board,71
600A,Volvo 9400XL,Diesel,32.4,47.32,152.8,2025,Banashankari,46
43E,Tata Marcopolo,CNG,26.1,58.72,187,2025,Hebbal,80
365B,Tata Marcopolo,CNG,33.6,44.68,182.9,2025,Silk Board,26
12G,Switch EiV 12,Electric,46.1,0,203.5,2025,BTM Layout,56
12G,Ashok Leyland Viking,Diesel,35.7,60.49,212.3,2025,BTM Layout,74
348C,Switch EiV 12,Electric,32.7,0,120.6,2025,Marathahalli,54
252H,Tata Marcopolo,CNG,36.2,55.65,233.6,2025,Bommanahalli,25
43E,Switch EiV 12,Electric,46.4,0,240.9,2025,Hebbal,30
365B,Tata Marcopolo,CNG,35.8,75.24,261.7,2025,Silk Board,13
210N,Ashok Leyland Viking,Diesel,34.3,55.3,188.1,2025,Jayanagar,56
365B,Volvo 9400XL,Diesel,42.2,70.28,215.2,2025,Silk Board,38
96E,Tata Marcopolo,CNG,35.8,30.09,96.7,2025,Electronic City,46
77E,Switch EiV 12,Electric,33.6,0,255.8,2025,KR Puram,72
96E,Tata Marcopolo,CNG,25.6,23.69,94,2025,Electronic City,29
600A,Switch EiV 12,Electric,33.5,0,200.1,2025,Banashankari,58
V500C,Eicher Skyline Pro,CNG,35.2,21.86,75.8,2025,ITPL,62
356C,Ashok Leyland Viking,Diesel,40.1,68.59,209,2025,Majestic,73
12G,Ashok Leyland Viking,Diesel,49.7,33.92,107.9,2025,BTM Layout,26
215K,Volvo 9400XL,Diesel,28.5,65.48,211.4,2025,Kengeri,55
500D,Tata Marcopolo,CNG,37.6,14.87,66.1,2025,Whitefield,52
201R,Switch EiV 12,Electric,26,0,144.5,2025,Yelahanka,61
77E,Eicher Skyline Pro,CNG,34.7,20.62,66.8,2025,KR Puram,61
215K,Eicher Skyline Pro,CNG,43.9,17.65,65.1,2025,Kengeri,18
V500C,Ashok Leyland Viking,Diesel,47.5,46.22,123.6,2025,ITPL,57
252H,Eicher Skyline Pro,CNG,32.8,62.39,270.3,2025,Bommanahalli,70
401A,Volvo 9400XL,Diesel,45.7,48.44,192.6,2025,RT Nagar,78
356C,Switch EiV 12,Electric,49,0,123.4,2025,Majestic,61
96E,Eicher Skyline Pro,CNG,34.6,41.5,145.7,2025,Electronic City,41
K1,Volvo 8400 B7RLE,Diesel,28.9,53.77,179.1,2025,Koramangala,79
V500C,Volvo 8400 B7RLE,Diesel,44,47.78,179.2,2025,ITPL,41
279F,Switch EiV 12,Electric,32.6,0,156.9,2025,Peenya,23
348C,Volvo 8400 B7RLE,Diesel,29.9,45.27,117.1,2025,Marathahalli,59
K1,Eicher Skyline Pro,CNG,31.8,30.41,135.3,2025,Koramangala,73
252H,Eicher Skyline Pro,CNG,33.7,47.2,182.7,2025,Bommanahalli,39
348C,Ashok Leyland Viking,Diesel,36.1,26.34,90.6,2025,Marathahalli,77
279F,Eicher Skyline Pro,CNG,35,37.32,167.6,2025,Peenya,64
60A,Tata Marcopolo,CNG,40.6,65.83,253.7,2025,Indiranagar,10
96E,Ashok Leyland Viking,Diesel,30,63.54,196.5,2025,Electronic City,59
K1,Volvo 9400XL,Diesel,36.9,20.73,68.7,2025,Koramangala,62
V500C,Ashok Leyland Viking,Diesel,49.1,28.49,110.1,2025,ITPL,16
60A,Switch EiV 12,Electric,38.3,0,218.9,2025,Indiranagar,25
290E,Tata Marcopolo,CNG,28.3,60.06,251.4,2025,Mysuru Road,17
290E,Volvo 9400XL,Diesel,44.9,30.03,87.5,2025,Mysuru Road,38
60A,Volvo 8400 B7RLE,Diesel,48.6,92.91,253,2025,Indiranagar,34
43E,Ashok Leyland Viking,Diesel,49.5,50.17,161.8,2025,Hebbal,24
500D,Tata Marcopolo,CNG,39.7,70.17,250,2025,Whitefield,61
96E,Tata Marcopolo,CNG,30.1,29.67,122.9,2025,Electronic City,13
210N,Switch EiV 12,Electric,37.8,0,145,2025,Jayanagar,76
60A,Tata Marcopolo,CNG,39.4,39.15,168.3,2025,Indiranagar,29
213K,Switch EiV 12,Electric,35.2,0,275.8,2025,Banerghatta,60
210N,Volvo 8400 B7RLE,Diesel,44.1,72.05,242.1,2025,Jayanagar,32
365B,Volvo 8400 B7RLE,Diesel,30,101.47,270.3,2025,Silk Board,72
12G,Switch EiV 12,Electric,36,0,247.9,2025,BTM Layout,55
V500C,Switch EiV 12,Electric,47.3,0,246.3,2025,ITPL,63
365B,Eicher Skyline Pro,CNG,47.1,20.07,73.7,2025,Silk Board,41
K1,Switch EiV 12,Electric,40.7,0,172.3,2025,Koramangala,48
201R,Eicher Skyline Pro,CNG,25.5,71,263.8,2025,Yelahanka,11
252H,Tata Marcopolo,CNG,43.1,52.32,211.3,2025,Bommanahalli,11
279F,Eicher Skyline Pro,CNG,32.5,25.32,89.6,2025,Peenya,17
V500C,Eicher Skyline Pro,CNG,32,71.47,237,2025,ITPL,42
213K,Eicher Skyline Pro,CNG,25.2,60.18,270.6,2025,Banerghatta,69
201R,Ashok Leyland Viking,Diesel,45.7,71.01,208.9,2025,Yelahanka,24
96E,Volvo 8400 B7RLE,Diesel,43.4,16.82,63.1,2025,Electronic City,21
279F,Volvo 9400XL,Diesel,28.6,61.4,222.9,2025,Peenya,49
213K,Ashok Leyland Viking,Diesel,41.5,62.81,229.2,2025,Banerghatta,62
201R,Switch EiV 12,Electric,40.3,0,246.1,2025,Yelahanka,79
290E,Tata Marcopolo,CNG,37.2,25.51,79.5,2025,Mysuru Road,56
V500C,Volvo 8400 B7RLE,Diesel,35.2,57.6,149.7,2025,ITPL,51
600A,Tata Marcopolo,CNG,27.8,32.45,136.7,2025,Banashankari,59
60A,Volvo 9400XL,Diesel,26.8,68.27,268.5,2025,Indiranagar,32
60A,Tata Marcopolo,CNG,32.5,56.17,175,2025,Indiranagar,30
500D,Volvo 9400XL,Diesel,44.9,47.77,170.1,2025,Whitefield,55
43E,Tata Marcopolo,CNG,26.8,19.7,71,2025,Hebbal,74
12G,Eicher Skyline Pro,CNG,30.8,36.53,125,2025,BTM Layout,42
201R,Volvo 9400XL,Diesel,48.2,76.2,236.8,2025,Yelahanka,14
215K,Ashok Leyland Viking,Diesel,33,80.66,259.3,2025,Kengeri,14
V500C,Eicher Skyline Pro,CNG,41,24.55,109.7,2025,ITPL,27
213K,Switch EiV 12,Electric,33.9,0,192.8,2025,Banerghatta,14
K1,Volvo 9400XL,Diesel,28.1,52.83,202.5,2025,Koramangala,30
348C,Tata Marcopolo,CNG,36.2,44.01,170.7,2025,Marathahalli,11
60A,Volvo 8400 B7RLE,Diesel,26.8,56.05,197.5,2025,Indiranagar,71
V500C,Ashok Leyland Viking,Diesel,42.8,30.32,113.2,2025,ITPL,17
201R,Volvo 8400 B7RLE,Diesel,38.8,72.22,236.9,2025,Yelahanka,61
12G,Tata Marcopolo,CNG,44.4,26.83,91.4,2025,BTM Layout,58
210N,Volvo 8400 B7RLE,Diesel,32.1,62.69,169.3,2025,Jayanagar,79
252H,Switch EiV 12,Electric,26.4,0,198.5,2025,Bommanahalli,59
279F,Ashok Leyland Viking,Diesel,32.9,89.87,224.7,2025,Peenya,64
77E,Volvo 8400 B7RLE,Diesel,26.2,59.16,172.4,2025,KR Puram,71
365B,Ashok Leyland Viking,Diesel,26.6,57.33,215.5,2025,Silk Board,73
401A,Volvo 8400 B7RLE,Diesel,31.2,16.84,60.8,2025,RT Nagar,44
252H,Volvo 8400 B7RLE,Diesel,27.5,42.63,129.6,2025,Bommanahalli,26
K1,Tata Marcopolo,CNG,46.1,34.44,119.5,2025,Koramangala,18
279F,Volvo 8400 B7RLE,Diesel,47.3,74.14,233.6,2025,Peenya,11
96E,Switch EiV 12,Electric,34.4,0,260.2,2025,Electronic City,75
279F,Eicher Skyline Pro,CNG,27.2,67.51,272.1,2025,Peenya,66
600A,Tata Marcopolo,CNG,34.7,42.69,168.6,2025,Banashankari,27
96E,Eicher Skyline Pro,CNG,25.1,66.08,214.8,2025,Electronic City,59
215K,Switch EiV 12,Electric,41.7,0,216.9,2025,Kengeri,18
600A,Ashok Leyland Viking,Diesel,44,69.41,272.5,2025,Banashankari,64
215K,Eicher Skyline Pro,CNG,32.5,67.95,214.6,2025,Kengeri,14
201R,Switch EiV 12,Electric,41.1,0,232,2025,Yelahanka,43
77E,Volvo 8400 B7RLE,Diesel,34,17.94,70.6,2025,KR Puram,78
96E,Volvo 9400XL,Diesel,35.8,53.38,170.1,2025,Electronic City,68
V500C,Tata Marcopolo,CNG,34.2,29.82,106,2025,ITPL,37
290E,Tata Marcopolo,CNG,44.2,19.73,71.5,2025,Mysuru Road,30
12G,Volvo 9400XL,Diesel,46.3,85.49,240.9,2025,BTM Layout,17
60A,Ashok Leyland Viking,Diesel,36.8,53.56,204.6,2025,Indiranagar,47
356C,Eicher Skyline Pro,CNG,41.9,27.48,107.5,2025,Majestic,41
12G,Volvo 9400XL,Diesel,28.4,35.95,125,2025,BTM Layout,29
600A,Volvo 9400XL,Diesel,32.9,64.17,222.5,2025,Banashankari,43
290E,Ashok Leyland Viking,Diesel,42.8,52.49,146.9,2025,Mysuru Road,20
290E,Volvo 9400XL,Diesel,32.2,83.82,255.8,2025,Mysuru Road,40
77E,Tata Marcopolo,CNG,27.8,19.29,72.8,2025,KR Puram,30
V500C,Eicher Skyline Pro,CNG,45.9,39.34,118.9,2025,ITPL,13
500D,Volvo 8400 B7RLE,Diesel,33.4,56.7,143.4,2025,Whitefield,21
77E,Switch EiV 12,Electric,35.3,0,87.4,2025,KR Puram,18
213K,Ashok Leyland Viking,Diesel,35.1,51.09,168.4,2025,Banerghatta,49
348C,Tata Marcopolo,CNG,25.2,51.65,190.9,2025,Marathahalli,29
V500C,Tata Marcopolo,CNG,38,67.72,272,2025,ITPL,60
96E,Switch EiV 12,Electric,44.3,0,128.6,2025,Electronic City,56
348C,Volvo 9400XL,Diesel,38,58.02,230,2025,Marathahalli,68
290E,Volvo 8400 B7RLE,Diesel,25.4,23.97,87.6,2025,Mysuru Road,59
60A,Volvo 8400 B7RLE,Diesel,28,81.98,237.6,2025,Indiranagar,55
356C,Volvo 9400XL,Diesel,32.3,17.46,63.9,2025,Majestic,33
96E,Switch EiV 12,Electric,33.7,0,174,2025,Electronic City,52
12G,Switch EiV 12,Electric,25,0,141.8,2025,BTM Layout,49
210N,Volvo 8400 B7RLE,Diesel,41.2,31.81,126,2025,Jayanagar,26
252H,Ashok Leyland Viking,Diesel,25.6,64.04,246.4,2025,Bommanahalli,35
K1,Ashok Leyland Viking,Diesel,44.5,72.89,232.3,2025,Koramangala,24
290E,Volvo 9400XL,Diesel,32.6,56.8,147.6,2025,Mysuru Road,61
252H,Volvo 9400XL,Diesel,31.2,34.16,110.2,2025,Bommanahalli,39
V500C,Switch EiV 12,Electric,36.8,0,224.4,2025,ITPL,42
12G,Tata Marcopolo,CNG,48.9,16.47,72.7,2025,BTM Layout,67
12G,Switch EiV 12,Electric,49.8,0,232.7,2025,BTM Layout,65
290E,Switch EiV 12,Electric,49.1,0,179.8,2025,Mysuru Road,65
96E,Eicher Skyline Pro,CNG,34.1,22.95,76.6,2025,Electronic City,56
V500C,Tata Marcopolo,CNG,28.5,26.21,103.1,2025,ITPL,28
K1,Volvo 9400XL,Diesel,39.5,85.24,231.9,2025,Koramangala,54
500D,Volvo 8400 B7RLE,Diesel,40.9,77.35,238.4,2025,Whitefield,57
201R,Volvo 9400XL,Diesel,31.5,69.02,208.3,2025,Yelahanka,60
348C,Switch EiV 12,Electric,32.3,0,261.8,2025,Marathahalli,56
V500C,Ashok Leyland Viking,Diesel,47.3,45.88,163.4,2025,ITPL,74
213K,Tata Marcopolo,CNG,28.7,24.47,73.7,2025,Banerghatta,70
600A,Volvo 8400 B7RLE,Diesel,36.2,73.59,198.8,2025,Banashankari,69
96E,Switch EiV 12,Electric,38.2,0,270.7,2025,Electronic City,33
12G,Ashok Leyland Viking,Diesel,37.5,32.16,113.2,2025,BTM Layout,45
356C,Ashok Leyland Viking,Diesel,31.9,20.7,76.8,2025,Majestic,34
213K,Eicher Skyline Pro,CNG,38.7,44.15,161.1,2025,Banerghatta,40
201R,Switch EiV 12,Electric,29.1,0,69.7,2025,Yelahanka,73
213K,Switch EiV 12,Electric,30.2,0,158,2025,Banerghatta,26
12G,Eicher Skyline Pro,CNG,46.1,15.88,71,2025,BTM Layout,24
348C,Volvo 8400 B7RLE,Diesel,46.3,81.91,234.5,2025,Marathahalli,24
210N,Eicher Skyline Pro,CNG,29.9,61.28,271.3,2025,Jayanagar,66
401A,Volvo 9400XL,Diesel,42.8,70.22,278.9,2025,RT Nagar,19
215K,Volvo 8400 B7RLE,Diesel,31.5,58.72,185.3,2025,Kengeri,69
252H,Volvo 8400 B7RLE,Diesel,26.8,55.51,190.6,2025,Bommanahalli,15
213K,Tata Marcopolo,CNG,29.8,65.86,275.9,2025,Banerghatta,38
401A,Ashok Leyland Viking,Diesel,48.6,65.91,259.7,2025,RT Nagar,14
V500C,Tata Marcopolo,CNG,49.4,42.24,174.7,2025,ITPL,69
348C,Eicher Skyline Pro,CNG,36.9,23.45,95.6,2025,Marathahalli,10
96E,Tata Marcopolo,CNG,41,28.6,114.4,2025,Electronic City,60
500D,Volvo 9400XL,Diesel,39.1,26.19,95.8,2025,Whitefield,75
252H,Volvo 8400 B7RLE,Diesel,25.3,67.55,169.8,2025,Bommanahalli,51
210N,Eicher Skyline Pro,CNG,48.2,41.43,138.5,2025,Jayanagar,33
252H,Switch EiV 12,Electric,30.6,0,199.6,2025,Bommanahalli,77
401A,Eicher Skyline Pro,CNG,46.2,31.95,130.8,2025,RT Nagar,50
356C,Volvo 8400 B7RLE,Diesel,35.7,31.84,81,2025,Majestic,27
V500C,Volvo 8400 B7RLE,Diesel,41.6,61.92,165.8,2025,ITPL,43
252H,Volvo 8400 B7RLE,Diesel,34.9,31.86,123.6,2025,Bommanahalli,17
96E,Switch EiV 12,Electric,26.1,0,278.5,2025,Electronic City,68
201R,Volvo 8400 B7RLE,Diesel,34.3,73.62,227.4,2025,Yelahanka,14
K1,Tata Marcopolo,CNG,48,51.03,225.9,2025,Koramangala,21
96E,Switch EiV 12,Electric,33.9,0,187,2025,Electronic City,76
77E,Switch EiV 12,Electric,31.3,0,233.3,2025,KR Puram,73
279F,Ashok Leyland Viking,Diesel,34,52.83,184.1,2025,Peenya,22
600A,Volvo 8400 B7RLE,Diesel,29.8,29.12,112.9,2025,Banashankari,79
279F,Tata Marcopolo,CNG,37.6,24.74,82.4,2025,Peenya,62
V500C,Ashok Leyland Viking,Diesel,25.9,24.83,68.6,2025,ITPL,53
12G,Eicher Skyline Pro,CNG,32.1,56.65,250.7,2025,BTM Layout,76
60A,Ashok Leyland Viking,Diesel,35.9,55.78,188,2025,Indiranagar,70
348C,Volvo 9400XL,Diesel,44,59.41,173.7,2025,Marathahalli,10
77E,Volvo 9400XL,Diesel,47.4,35.13,137.7,2025,KR Puram,73
365B,Eicher Skyline Pro,CNG,35.5,61.48,256.4,2025,Silk Board,32
210N,Tata Marcopolo,CNG,37.4,49.83,164.8,2025,Jayanagar,39
365B,Tata Marcopolo,CNG,29.7,54.33,190,2025,Silk Board,70
500D,Switch EiV 12,Electric,30.2,0,248.1,2025,Whitefield,34
213K,Volvo 9400XL,Diesel,26.7,19.35,75.7,2025,Banerghatta,71
213K,Ashok Leyland Viking,Diesel,35.2,46.15,171.5,2025,Banerghatta,36
600A,Ashok Leyland Viking,Diesel,33.3,68.89,243.9,2025,Banashankari,59
356C,Switch EiV 12,Electric,41.4,0,229.6,2025,Majestic,12
290E,Switch EiV 12,Electric,46.9,0,93.4,2025,Mysuru Road,61
348C,Tata Marcopolo,CNG,32.1,49.1,178.6,2025,Marathahalli,53
365B,Ashok Leyland Viking,Diesel,28.2,18.72,68.3,2025,Silk Board,65
290E,Tata Marcopolo,CNG,35.4,15.86,60,2025,Mysuru Road,36
60A,Volvo 8400 B7RLE,Diesel,49.3,25.36,72,2025,Indiranagar,48
12G,Switch EiV 12,Electric,32.6,0,126.9,2025,BTM Layout,21
348C,Eicher Skyline Pro,CNG,25,27.04,110.7,2025,Marathahalli,34
12G,Ashok Leyland Viking,Diesel,30.6,78.04,272.7,2025,BTM Layout,79
210N,Switch EiV 12,Electric,46.2,0,223.2,2025,Jayanagar,44
96E,Switch EiV 12,Electric,32.6,0,153,2025,Electronic City,30
60A,Tata Marcopolo,CNG,42.8,31.15,131.6,2025,Indiranagar,63
43E,Ashok Leyland Viking,Diesel,34.3,25.95,100,2025,Hebbal,57
96E,Switch EiV 12,Electric,49.6,0,237.5,2025,Electronic City,11
500D,Switch EiV 12,Electric,34.8,0,225.9,2025,Whitefield,31
201R,Volvo 9400XL,Diesel,41.5,72.55,189.9,2025,Yelahanka,69
43E,Switch EiV 12,Electric,42.7,0,179.8,2025,Hebbal,27
201R,Switch EiV 12,Electric,44.5,0,96.8,2025,Yelahanka,45
215K,Eicher Skyline Pro,CNG,48.8,61.5,188.4,2025,Kengeri,67
12G,Eicher Skyline Pro,CNG,40,34.37,118.4,2025,BTM Layout,66
365B,Tata Marcopolo,CNG,44,68.87,217.2,2025,Silk Board,21
401A,Tata Marcopolo,CNG,37.7,48.68,173,2025,RT Nagar,39
43E,Switch EiV 12,Electric,45.7,0,265.2,2025,Hebbal,70
201R,Tata Marcopolo,CNG,42.9,57.79,213.4,2025,Yelahanka,66
365B,Switch EiV 12,Electric,42.4,0,262.6,2025,Silk Board,38
401A,Ashok Leyland Viking,Diesel,46.5,75.71,220.4,2025,RT Nagar,55
500D,Eicher Skyline Pro,CNG,29.9,67.54,237.6,2025,Whitefield,52
365B,Tata Marcopolo,CNG,49.5,31.23,133.8,2025,Silk Board,10
96E,Tata Marcopolo,CNG,43.2,55.76,214.3,2025,Electronic City,59
96E,Ashok Leyland Viking,Diesel,37.4,87.4,268.4,2025,Electronic City,49
V500C,Switch EiV 12,Electric,44.7,0,95.9,2025,ITPL,57
12G,Volvo 8400 B7RLE,Diesel,34.6,87.32,221.6,2025,BTM Layout,51
K1,Volvo 9400XL,Diesel,25.3,68.79,244.6,2025,Koramangala,62
201R,Switch EiV 12,Electric,35.9,0,273.5,2025,Yelahanka,26
96E,Tata Marcopolo,CNG,42.6,26.43,111.7,2025,Electronic City,63
60A,Volvo 9400XL,Diesel,49.2,69.91,180.2,2025,Indiranagar,70
252H,Volvo 8400 B7RLE,Diesel,43,45.1,171.1,2025,Bommanahalli,68
77E,Ashok Leyland Viking,Diesel,45,29.86,99.4,2025,KR Puram,53
252H,Tata Marcopolo,CNG,28.3,34.25,147.2,2025,Bommanahalli,49
348C,Volvo 9400XL,Diesel,32.7,32.23,94.6,2025,Marathahalli,43
201R,Switch EiV 12,Electric,41.8,0,251.7,2025,Yelahanka,21
210N,Eicher Skyline Pro,CNG,31.3,59.76,235.3,2025,Jayanagar,74
77E,Tata Marcopolo,CNG,45.8,42.62,185.8,2025,KR Puram,58
213K,Switch EiV 12,Electric,41.9,0,62.7,2025,Banerghatta,63
290E,Eicher Skyline Pro,CNG,38.7,20.81,71.4,2025,Mysuru Road,18
600A,Tata Marcopolo,CNG,33.8,32.43,127.5,2025,Banashankari,49
60A,Volvo 8400 B7RLE,Diesel,43.3,42.97,133.5,2025,Indiranagar,43
201R,Tata Marcopolo,CNG,44.6,21.87,75,2025,Yelahanka,24
290E,Eicher Skyline Pro,CNG,42.1,44.36,155.2,2025,Mysuru Road,72
500D,Switch EiV 12,Electric,34.3,0,72.4,2025,Whitefield,53
V500C,Switch EiV 12,Electric,41,0,267.8,2025,ITPL,70
213K,Switch EiV 12,Electric,40.8,0,207.7,2025,Banerghatta,22
365B,Volvo 8400 B7RLE,Diesel,35.5,28.62,103.8,2025,Silk Board,63
77E,Volvo 8400 B7RLE,Diesel,31.9,28.24,82.3,2025,KR Puram,25
290E,Volvo 8400 B7RLE,Diesel,49.5,59.59,155,2025,Mysuru Road,13
77E,Tata Marcopolo,CNG,29.5,39.07,174.1,2025,KR Puram,50
401A,Switch EiV 12,Electric,35.1,0,84.9,2025,RT Nagar,28
K1,Ashok Leyland Viking,Diesel,42.6,70.93,222.3,2025,Koramangala,75
356C,Tata Marcopolo,CNG,34.9,40.1,136.2,2025,Majestic,18
213K,Volvo 9400XL,Diesel,37.1,36.24,105.2,2025,Banerghatta,51
252H,Switch EiV 12,Electric,41.4,0,123.2,2025,Bommanahalli,45
500D,Ashok Leyland Viking,Diesel,40.1,104.42,273.1,2025,Whitefield,22
210N,Tata Marcopolo,CNG,48.8,22.23,76.6,2025,Jayanagar,21
600A,Ashok Leyland Viking,Diesel,40,23.37,80.3,2025,Banashankari,13
600A,Volvo 8400 B7RLE,Diesel,31.7,80.35,202.7,2025,Banashankari,22
201R,Volvo 8400 B7RLE,Diesel,31.3,77.49,272.3,2025,Yelahanka,23
77E,Volvo 8400 B7RLE,Diesel,40.3,72.57,215.5,2025,KR Puram,66
43E,Tata Marcopolo,CNG,39.9,27.82,119.6,2025,Hebbal,27
215K,Switch EiV 12,Electric,27.6,0,268.3,2025,Kengeri,24
348C,Switch EiV 12,Electric,48.6,0,94.1,2025,Marathahalli,37
290E,Volvo 9400XL,Diesel,47.1,79.17,222,2025,Mysuru Road,62
77E,Switch EiV 12,Electric,42.5,0,189.3,2025,KR Puram,67
365B,Switch EiV 12,Electric,35.2,0,209.6,2025,Silk Board,54
213K,Volvo 8400 B7RLE,Diesel,39.6,22.02,63.4,2025,Banerghatta,76
215K,Ashok Leyland Viking,Diesel,48.9,51.35,159.1,2025,Kengeri,74
252H,Volvo 9400XL,Diesel,29.7,69.77,244.8,2025,Bommanahalli,49
77E,Eicher Skyline Pro,CNG,27.5,91.25,274.9,2025,KR Puram,43
215K,Ashok Leyland Viking,Diesel,27.3,42.9,155.4,2025,Kengeri,20
96E,Volvo 9400XL,Diesel,35.9,90.44,261.2,2025,Electronic City,66
252H,Eicher Skyline Pro,CNG,43.1,51.63,155.6,2025,Bommanahalli,60
290E,Eicher Skyline Pro,CNG,40.3,47.95,189.7,2025,Mysuru Road,78
210N,Ashok Leyland Viking,Diesel,42.9,42.93,113.2,2025,Jayanagar,49
77E,Volvo 9400XL,Diesel,46.9,28.77,103.8,2025,KR Puram,14
210N,Volvo 9400XL,Diesel,31.2,22.33,63,2025,Jayanagar,41
252H,Tata Marcopolo,CNG,31.2,38.66,119.6,2025,Bommanahalli,26
43E,Volvo 9400XL,Diesel,43.3,47.21,161,2025,Hebbal,77
60A,Eicher Skyline Pro,CNG,27,46.98,208,2025,Indiranagar,35
210N,Ashok Leyland Viking,Diesel,45.1,65.47,244.5,2025,Jayanagar,50
210N,Volvo 9400XL,Diesel,38.6,94.7,265.2,2025,Jayanagar,57
77E,Volvo 8400 B7RLE,Diesel,43.6,54.26,195.7,2025,KR Puram,19
290E,Switch EiV 12,Electric,26.7,0,174.7,2025,Mysuru Road,37
356C,Tata Marcopolo,CNG,48,36.53,141.6,2025,Majestic,38
201R,Tata Marcopolo,CNG,31.7,50.22,178.4,2025,Yelahanka,76
60A,Tata Marcopolo,CNG,41.7,61.47,257,2025,Indiranagar,25
279F,Ashok Leyland Viking,Diesel,40.8,55.7,160,2025,Peenya,42
500D,Volvo 8400 B7RLE,Diesel,35.7,68.02,215.2,2025,Whitefield,51
365B,Ashok Leyland Viking,Diesel,48.4,78.16,202.9,2025,Silk Board,32
600A,Eicher Skyline Pro,CNG,32.3,65.85,241.4,2025,Banashankari,24
60A,Switch EiV 12,Electric,32.5,0,64.8,2025,Indiranagar,25
213K,Switch EiV 12,Electric,26.4,0,170.6,2025,Banerghatta,27
600A,Volvo 9400XL,Diesel,48.2,63.2,168,2025,Banashankari,75
215K,Volvo 9400XL,Diesel,35.2,65.52,228.2,2025,Kengeri,22
210N,Tata Marcopolo,CNG,29,36.2,117.3,2025,Jayanagar,50
43E,Volvo 8400 B7RLE,Diesel,29.6,21.59,75.5,2025,Hebbal,41
215K,Volvo 9400XL,Diesel,45.4,72,254,2025,Kengeri,46
96E,Eicher Skyline Pro,CNG,32.2,24.33,84.3,2025,Electronic City,29
600A,Volvo 9400XL,Diesel,37.9,34.81,115,2025,Banashankari,15
K1,Ashok Leyland Viking,Diesel,33.8,37,138.5,2025,Koramangala,11
356C,Tata Marcopolo,CNG,32.7,53.45,233.6,2025,Majestic,44
K1,Volvo 9400XL,Diesel,33.2,88.93,269.6,2025,Koramangala,28
V500C,Ashok Leyland Viking,Diesel,48.5,44.88,171.2,2025,ITPL,49
60A,Switch EiV 12,Electric,34.8,0,82.6,2025,Indiranagar,49
600A,Eicher Skyline Pro,CNG,37.6,55.21,181.7,2025,Banashankari,49
V500C,Tata Marcopolo,CNG,41.9,58.47,248.9,2025,ITPL,62
348C,Switch EiV 12,Electric,43.7,0,248.9,2025,Marathahalli,52
290E,Volvo 8400 B7RLE,Diesel,40.3,57.14,156.6,2025,Mysuru Road,40
600A,Volvo 8400 B7RLE,Diesel,29.5,58.8,208.2,2025,Banashankari,19
252H,Eicher Skyline Pro,CNG,27.9,34.02,110.5,2025,Bommanahalli,42
348C,Tata Marcopolo,CNG,43,14.74,60.4,2025,Marathahalli,56
12G,Switch EiV 12,Electric,29,0,173.3,2025,BTM Layout,37
201R,Volvo 8400 B7RLE,Diesel,25.5,28.52,78.4,2025,Yelahanka,72
600A,Ashok Leyland Viking,Diesel,31,84.45,256,2025,Banashankari,46
600A,Volvo 9400XL,Diesel,30.6,25.37,83.2,2025,Banashankari,79
V500C,Volvo 8400 B7RLE,Diesel,31.1,74.89,193.7,2025,ITPL,50
12G,Tata Marcopolo,CNG,30.9,43.85,146,2025,BTM Layout,51
77E,Eicher Skyline Pro,CNG,40.4,70.71,271.2,2025,KR Puram,31
210N,Switch EiV 12,Electric,35.7,0,151.5,2025,Jayanagar,11
600A,Volvo 8400 B7RLE,Diesel,42.4,50.38,179,2025,Banashankari,30
V500C,Volvo 9400XL,Diesel,37.5,31.37,97.8,2025,ITPL,55
43E,Switch EiV 12,Electric,40.8,0,251.5,2025,Hebbal,44
356C,Switch EiV 12,Electric,27.9,0,177.2,2025,Majestic,19
365B,Eicher Skyline Pro,CNG,27.9,55.11,193.2,2025,Silk Board,40
356C,Volvo 9400XL,Diesel,42.3,32.53,91.4,2025,Majestic,68
12G,Switch EiV 12,Electric,47.4,0,146.2,2025,BTM Layout,45
279F,Volvo 9400XL,Diesel,37.7,33.53,104.9,2025,Peenya,76
K1,Eicher Skyline Pro,CNG,44.8,20.62,64,2025,Koramangala,46
201R,Tata Marcopolo,CNG,39,41.67,164.3,2025,Yelahanka,46
252H,Switch EiV 12,Electric,31.3,0,211.5,2025,Bommanahalli,77
213K,Tata Marcopolo,CNG,43.1,16.35,62.2,2025,Banerghatta,68
77E,Switch EiV 12,Electric,45.5,0,243.9,2025,KR Puram,71
96E,Switch EiV 12,Electric,37.1,0,245.5,2025,Electronic City,48
356C,Volvo 9400XL,Diesel,44.8,41.99,133.4,2025,Majestic,22
60A,Ashok Leyland Viking,Diesel,46.4,26.26,100.4,2025,Indiranagar,67
401A,Volvo 8400 B7RLE,Diesel,26.9,52.76,162.6,2025,RT Nagar,72
210N,Volvo 8400 B7RLE,Diesel,47.5,84.41,236.8,2025,Jayanagar,62
356C,Ashok Leyland Viking,Diesel,46.9,24.22,74.7,2025,Majestic,52
201R,Switch EiV 12,Electric,49.2,0,179.2,2025,Yelahanka,69
96E,Tata Marcopolo,CNG,41.2,23.98,74.6,2025,Electronic City,27
60A,Ashok Leyland Viking,Diesel,45.1,45.27,142.6,2025,Indiranagar,23
348C,Volvo 9400XL,Diesel,39,93.7,279.4,2025,Marathahalli,73
401A,Volvo 9400XL,Diesel,33.8,35.44,108.4,2025,RT Nagar,60
348C,Volvo 8400 B7RLE,Diesel,34.2,23.5,75.1,2025,Marathahalli,62
365B,Volvo 9400XL,Diesel,41.4,61.46,219,2025,Silk Board,80
96E,Ashok Leyland Viking,Diesel,30.4,17.69,61.8,2025,Electronic City,59
365B,Eicher Skyline Pro,CNG,25.1,39.58,166.5,2025,Silk Board,54
600A,Eicher Skyline Pro,CNG,38.7,74.2,230,2025,Banashankari,58
500D,Eicher Skyline Pro,CNG,39.6,54.78,228.6,2025,Whitefield,59
210N,Volvo 8400 B7RLE,Diesel,45.1,68.78,225.4,2025,Jayanagar,68
201R,Volvo 8400 B7RLE,Diesel,41.8,26.5,90.9,2025,Yelahanka,53
348C,Ashok Leyland Viking,Diesel,29.2,79.97,223.3,2025,Marathahalli,54
77E,Switch EiV 12,Electric,43.7,0,255.9,2025,KR Puram,79
213K,Eicher Skyline Pro,CNG,44,66.69,259.8,2025,Banerghatta,39
500D,Switch EiV 12,Electric,47.2,0,203.9,2025,Whitefield,80
201R,Eicher Skyline Pro,CNG,40.8,57.9,187.3,2025,Yelahanka,16
600A,Eicher Skyline Pro,CNG,42.9,48.23,164.3,2025,Banashankari,74
365B,Ashok Leyland Viking,Diesel,32.8,36.51,104.5,2025,Silk Board,11
77E,Ashok Leyland Viking,Diesel,35.6,27.79,107.3,2025,KR Puram,45
12G,Switch EiV 12,Electric,29.7,0,171.6,2025,BTM Layout,14
43E,Eicher Skyline Pro,CNG,42.4,21.52,76.9,2025,Hebbal,33
356C,Volvo 9400XL,Diesel,41.5,65.18,240.8,2025,Majestic,77
43E,Switch EiV 12,Electric,42.3,0,119.8,2025,Hebbal,10
215K,Volvo 8400 B7RLE,Diesel,48.5,34.19,118.1,2025,Kengeri,24
201R,Ashok Leyland Viking,Diesel,31.7,47.16,131.4,2025,Yelahanka,25
K1,Ashok Leyland Viking,Diesel,30.5,62.72,212.8,2025,Koramangala,34
600A,Ashok Leyland Viking,Diesel,41.5,31.75,118.2,2025,Banashankari,61
356C,Volvo 9400XL,Diesel,44,83.12,231.2,2025,Majestic,41
365B,Volvo 9400XL,Diesel,42.5,26.01,79.4,2025,Silk Board,63
K1,Eicher Skyline Pro,CNG,25.8,45.76,155.1,2025,Koramangala,14
252H,Volvo 8400 B7RLE,Diesel,47,23.52,67.4,2025,Bommanahalli,12
12G,Eicher Skyline Pro,CNG,26,45.65,182.6,2025,BTM Layout,73
Route_No,Bus_Model,Fuel_Type,Avg_Speed_kmph,Fuel_Consumed_Liters,Distance_Covered_km,Year,Destination,No_of_Buses_in_Route
356C,Tata Marcopolo,CNG,48.8,34.75,142.4,2025,Majestic,40
V500C,Volvo 8400 B7RLE,Diesel,28.9,70.12,191.7,2025,ITPL,58
77E,Volvo 8400 B7RLE,Diesel,46.7,21.4,72.8,2025,KR Puram,54
279F,Volvo 9400XL,Diesel,25.5,54.57,215.8,2025,Peenya,30
60A,Volvo 9400XL,Diesel,30.3,87.68,243.1,2025,Indiranagar,44
348C,Volvo 8400 B7RLE,Diesel,32.6,30.51,100.3,2025,Marathahalli,62
252H,Tata Marcopolo,CNG,32.3,39.56,155,2025,Bommanahalli,43
77E,Eicher Skyline Pro,CNG,32.3,25.55,90.7,2025,KR Puram,72
401A,Switch EiV 12,Electric,44.6,0,160.3,2025,RT Nagar,21
60A,Ashok Leyland Viking,Diesel,37.9,30.66,103.9,2025,Indiranagar,65
213K,Eicher Skyline Pro,CNG,40.2,21.56,70.2,2025,Banerghatta,28
213K,Tata Marcopolo,CNG,48.7,16.7,74.3,2025,Banerghatta,10
K1,Eicher Skyline Pro,CNG,32.6,75.58,237.8,2025,Koramangala,54
600A,Eicher Skyline Pro,CNG,36,66.13,210.5,2025,Banashankari,34
215K,Volvo 9400XL,Diesel,25.9,43.71,168.9,2025,Kengeri,21
348C,Volvo 8400 B7RLE,Diesel,41.6,39.39,116.9,2025,Marathahalli,59
60A,Eicher Skyline Pro,CNG,38.7,53.21,174.4,2025,Indiranagar,68
213K,Eicher Skyline Pro,CNG,44.4,61.98,273.3,2025,Banerghatta,20
K1,Volvo 9400XL,Diesel,39.9,66.16,256.9,2025,Koramangala,19
12G,Volvo 8400 B7RLE,Diesel,29.9,30.96,79.5,2025,BTM Layout,37
K1,Ashok Leyland Viking,Diesel,34.7,45.27,131.6,2025,Koramangala,67
K1,Switch EiV 12,Electric,33.9,0,242.3,2025,Koramangala,72
201R,Volvo 9400XL,Diesel,38.6,44.92,121.8,2025,Yelahanka,20
600A,Tata Marcopolo,CNG,26.9,52.79,236.5,2025,Banashankari,41
60A,Switch EiV 12,Electric,30,0,229.9,2025,Indiranagar,72
60A,Volvo 9400XL,Diesel,45.4,17.19,61.2,2025,Indiranagar,24
201R,Ashok Leyland Viking,Diesel,44.3,84.41,220.4,2025,Yelahanka,78
210N,Eicher Skyline Pro,CNG,27.9,32.34,138.9,2025,Jayanagar,66
V500C,Eicher Skyline Pro,CNG,33.3,63.68,197.1,2025,ITPL,22
365B,Switch EiV 12,Electric,33.1,0,128.4,2025,Silk Board,34
96E,Eicher Skyline Pro,CNG,40.9,50.91,220.5,2025,Electronic City,53
600A,Switch EiV 12,Electric,28,0,163.9,2025,Banashankari,49
210N,Tata Marcopolo,CNG,44,56.46,216.9,2025,Jayanagar,26
77E,Tata Marcopolo,CNG,37.3,60.67,229.6,2025,KR Puram,37
348C,Tata Marcopolo,CNG,25.6,48.74,154.1,2025,Marathahalli,24
96E,Volvo 9400XL,Diesel,40.9,22.51,66.9,2025,Electronic City,41
252H,Eicher Skyline Pro,CNG,47.7,50.95,171.9,2025,Bommanahalli,40
213K,Eicher Skyline Pro,CNG,43.9,44.96,150.3,2025,Banerghatta,45
210N,Volvo 8400 B7RLE,Diesel,32.2,28.05,76.9,2025,Jayanagar,68
356C,Volvo 9400XL,Diesel,45.2,76.66,264.5,2025,Majestic,50
365B,Volvo 8400 B7RLE,Diesel,45.1,90.54,251.7,2025,Silk Board,33
279F,Ashok Leyland Viking,Diesel,38.5,69.09,256.4,2025,Peenya,45
V500C,Eicher Skyline Pro,CNG,33,81.23,257.1,2025,ITPL,73
279F,Eicher Skyline Pro,CNG,35.7,26.05,110.1,2025,Peenya,24
96E,Tata Marcopolo,CNG,25.2,66.22,249.4,2025,Electronic City,73
12G,Ashok Leyland Viking,Diesel,30.6,56.65,151.8,2025,BTM Layout,66
500D,Eicher Skyline Pro,CNG,48.6,38.54,134.3,2025,Whitefield,50
500D,Ashok Leyland Viking,Diesel,42.6,57.17,174.1,2025,Whitefield,38
210N,Volvo 8400 B7RLE,Diesel,49.1,95.15,273.8,2025,Jayanagar,43
215K,Volvo 9400XL,Diesel,32.5,57.87,169.4,2025,Kengeri,14
60A,Eicher Skyline Pro,CNG,40.2,18.14,68.1,2025,Indiranagar,10
12G,Tata Marcopolo,CNG,32,16.34,71.3,2025,BTM Layout,43
210N,Eicher Skyline Pro,CNG,28.6,30.18,112.7,2025,Jayanagar,43
96E,Volvo 9400XL,Diesel,31.1,78.9,276.8,2025,Electronic City,18
600A,Eicher Skyline Pro,CNG,30.9,55.62,227.6,2025,Banashankari,42
401A,Eicher Skyline Pro,CNG,40.8,35.67,140.9,2025,RT Nagar,13
365B,Ashok Leyland Viking,Diesel,27.3,47.4,177.9,2025,Silk Board,37
12G,Eicher Skyline Pro,CNG,29.7,42.66,130.6,2025,BTM Layout,73
401A,Tata Marcopolo,CNG,41.9,62.81,190,2025,RT Nagar,62
600A,Ashok Leyland Viking,Diesel,30.7,49.8,172.7,2025,Banashankari,72
348C,Eicher Skyline Pro,CNG,42.3,27.49,98.4,2025,Marathahalli,68
96E,Ashok Leyland Viking,Diesel,28.4,88.36,266.1,2025,Electronic City,71
77E,Ashok Leyland Viking,Diesel,48.1,22.27,85,2025,KR Puram,58
77E,Ashok Leyland Viking,Diesel,41.5,31.32,116.7,2025,KR Puram,15
348C,Switch EiV 12,Electric,38.2,0,182.1,2025,Marathahalli,10
401A,Volvo 9400XL,Diesel,27.3,29.43,113.2,2025,RT Nagar,76
600A,Ashok Leyland Viking,Diesel,40.8,85.79,258.1,2025,Banashankari,58
348C,Eicher Skyline Pro,CNG,43.1,31.48,136.8,2025,Marathahalli,23
60A,Eicher Skyline Pro,CNG,44.5,64.39,255.2,2025,Indiranagar,15
V500C,Tata Marcopolo,CNG,29,18.05,78.5,2025,ITPL,78
290E,Eicher Skyline Pro,CNG,25.2,61.35,193.4,2025,Mysuru Road,70
215K,Switch EiV 12,Electric,25.1,0,206,2025,Kengeri,21
279F,Switch EiV 12,Electric,38.7,0,95.4,2025,Peenya,25
348C,Tata Marcopolo,CNG,41.3,63.6,212.2,2025,Marathahalli,40
213K,Eicher Skyline Pro,CNG,30.9,62.13,216.7,2025,Banerghatta,35
365B,Tata Marcopolo,CNG,41.2,52.46,224.2,2025,Silk Board,29
279F,Eicher Skyline Pro,CNG,39.2,65.18,204.7,2025,Peenya,62
252H,Eicher Skyline Pro,CNG,31.6,41.86,140.9,2025,Bommanahalli,79
12G,Volvo 8400 B7RLE,Diesel,34.8,71.42,274.1,2025,BTM Layout,71
600A,Volvo 9400XL,Diesel,44.9,61.13,198.9,2025,Banashankari,12
365B,Ashok Leyland Viking,Diesel,37.3,66.92,186.9,2025,Silk Board,50
600A,Switch EiV 12,Electric,32,0,218.9,2025,Banashankari,17
60A,Volvo 9400XL,Diesel,41.1,23.61,65.3,2025,Indiranagar,64
356C,Ashok Leyland Viking,Diesel,48.8,68.93,266.9,2025,Majestic,78
213K,Ashok Leyland Viking,Diesel,25.4,36.33,141.4,2025,Banerghatta,33
401A,Tata Marcopolo,CNG,49.2,34.69,154.2,2025,RT Nagar,59
356C,Switch EiV 12,Electric,32.4,0,247.7,2025,Majestic,32
77E,Volvo 8400 B7RLE,Diesel,46.3,48.63,144.7,2025,KR Puram,60
401A,Eicher Skyline Pro,CNG,38.9,22.09,97.3,2025,RT Nagar,73
210N,Switch EiV 12,Electric,39.3,0,213.1,2025,Jayanagar,49
213K,Switch EiV 12,Electric,40.4,0,81.4,2025,Banerghatta,28
77E,Tata Marcopolo,CNG,28.5,73.54,277.8,2025,KR Puram,43
600A,Volvo 9400XL,Diesel,43.5,71.36,253,2025,Banashankari,13
279F,Ashok Leyland Viking,Diesel,34,72.95,214.5,2025,Peenya,12
348C,Volvo 8400 B7RLE,Diesel,45.3,62.65,238.1,2025,Marathahalli,17
215K,Volvo 8400 B7RLE,Diesel,37.8,80.22,260.9,2025,Kengeri,22
279F,Tata Marcopolo,CNG,41.2,58.13,235.6,2025,Peenya,72
12G,Tata Marcopolo,CNG,47.3,67.04,235.1,2025,BTM Layout,17
V500C,Ashok Leyland Viking,Diesel,27.3,42.35,142.6,2025,ITPL,35
290E,Ashok Leyland Viking,Diesel,36.6,20.49,67.9,2025,Mysuru Road,32
500D,Eicher Skyline Pro,CNG,39.8,40.38,123,2025,Whitefield,19
60A,Ashok Leyland Viking,Diesel,45.6,22.43,68.2,2025,Indiranagar,74
V500C,Switch EiV 12,Electric,38.1,0,88,2025,ITPL,61
252H,Switch EiV 12,Electric,30.4,0,229.4,2025,Bommanahalli,58
43E,Tata Marcopolo,CNG,27.1,64.01,197,2025,Hebbal,69
96E,Switch EiV 12,Electric,38.5,0,176.9,2025,Electronic City,45
365B,Volvo 8400 B7RLE,Diesel,43.2,50.51,200.2,2025,Silk Board,76
60A,Tata Marcopolo,CNG,33.1,41.4,173.6,2025,Indiranagar,53
96E,Ashok Leyland Viking,Diesel,36,45.69,119.6,2025,Electronic City,54
12G,Eicher Skyline Pro,CNG,49.1,15.42,65.6,2025,BTM Layout,35
348C,Eicher Skyline Pro,CNG,35.2,65.37,213.1,2025,Marathahalli,49
279F,Volvo 8400 B7RLE,Diesel,31.3,28.4,94.4,2025,Peenya,70
290E,Tata Marcopolo,CNG,41.5,63.51,217.2,2025,Mysuru Road,57
365B,Volvo 8400 B7RLE,Diesel,43.4,81.07,270.1,2025,Silk Board,44
12G,Ashok Leyland Viking,Diesel,35.5,67.77,194.6,2025,BTM Layout,23
213K,Ashok Leyland Viking,Diesel,43.9,54.85,138.3,2025,Banerghatta,44
348C,Ashok Leyland Viking,Diesel,26.2,33.38,85.5,2025,Marathahalli,34
213K,Tata Marcopolo,CNG,42.6,66.88,248.2,2025,Banerghatta,19
V500C,Eicher Skyline Pro,CNG,37.3,21.97,81.5,2025,ITPL,65
12G,Ashok Leyland Viking,Diesel,35.8,31.67,98.1,2025,BTM Layout,41
290E,Ashok Leyland Viking,Diesel,40.9,76.13,195.5,2025,Mysuru Road,22
213K,Switch EiV 12,Electric,40.6,0,142.4,2025,Banerghatta,78
356C,Switch EiV 12,Electric,46.4,0,170.7,2025,Majestic,11
12G,Volvo 9400XL,Diesel,29.1,78.63,204.9,2025,BTM Layout,19
279F,Volvo 9400XL,Diesel,25.7,59.58,201.3,2025,Peenya,69
348C,Switch EiV 12,Electric,39.4,0,266.9,2025,Marathahalli,12
60A,Eicher Skyline Pro,CNG,41.1,39.43,145.4,2025,Indiranagar,57
290E,Tata Marcopolo,CNG,48.5,50.29,180,2025,Mysuru Road,18
210N,Eicher Skyline Pro,CNG,47.6,82.43,271.5,2025,Jayanagar,36
201R,Volvo 9400XL,Diesel,27.5,29.79,75.3,2025,Yelahanka,39
600A,Volvo 8400 B7RLE,Diesel,42.1,31,80.8,2025,Banashankari,48
600A,Volvo 9400XL,Diesel,46.1,51.36,130.2,2025,Banashankari,60
290E,Volvo 9400XL,Diesel,32,89.35,239.2,2025,Mysuru Road,49
213K,Volvo 9400XL,Diesel,40.7,55.89,213.3,2025,Banerghatta,19
77E,Eicher Skyline Pro,CNG,45.1,64.77,221.7,2025,KR Puram,15
V500C,Ashok Leyland Viking,Diesel,43.8,26.68,99,2025,ITPL,20
401A,Volvo 9400XL,Diesel,35.3,90.88,277.9,2025,RT Nagar,80
77E,Eicher Skyline Pro,CNG,33.5,52.5,230.8,2025,KR Puram,73
210N,Eicher Skyline Pro,CNG,35.7,60.32,248.9,2025,Jayanagar,71
V500C,Switch EiV 12,Electric,27.6,0,226,2025,ITPL,70
77E,Switch EiV 12,Electric,37.6,0,258.6,2025,KR Puram,59
60A,Eicher Skyline Pro,CNG,33,55.67,241.8,2025,Indiranagar,14
213K,Switch EiV 12,Electric,25.3,0,145.6,2025,Banerghatta,59
215K,Switch EiV 12,Electric,27.3,0,259.2,2025,Kengeri,54
401A,Switch EiV 12,Electric,48.8,0,130.2,2025,RT Nagar,28
279F,Switch EiV 12,Electric,39.3,0,269.1,2025,Peenya,20
252H,Switch EiV 12,Electric,36.2,0,199,2025,Bommanahalli,66
12G,Volvo 9400XL,Diesel,33.2,35.48,124.5,2025,BTM Layout,72
500D,Tata Marcopolo,CNG,44.8,53.89,225.5,2025,Whitefield,17
401A,Eicher Skyline Pro,CNG,37.4,25.95,80.1,2025,RT Nagar,24
201R,Eicher Skyline Pro,CNG,36,41.76,180.9,2025,Yelahanka,22
96E,Volvo 8400 B7RLE,Diesel,27.9,50.54,137.2,2025,Electronic City,39
365B,Tata Marcopolo,CNG,40.5,72.18,227.5,2025,Silk Board,75
290E,Volvo 8400 B7RLE,Diesel,42.5,30.09,78.5,2025,Mysuru Road,58
365B,Volvo 9400XL,Diesel,42.7,91.84,240.8,2025,Silk Board,47
401A,Volvo 9400XL,Diesel,49.7,25.71,78.7,2025,RT Nagar,60
201R,Tata Marcopolo,CNG,45.3,32.01,141.5,2025,Yelahanka,35
356C,Switch EiV 12,Electric,43.8,0,276.9,2025,Majestic,67
201R,Volvo 8400 B7RLE,Diesel,27.1,38.96,142.8,2025,Yelahanka,38
60A,Ashok Leyland Viking,Diesel,35.6,47.36,182.8,2025,Indiranagar,78
K1,Volvo 8400 B7RLE,Diesel,37.3,33.57,84.5,2025,Koramangala,49
60A,Volvo 8400 B7RLE,Diesel,26.4,60.9,163.1,2025,Indiranagar,63
356C,Tata Marcopolo,CNG,41.2,20.85,85.9,2025,Majestic,50
77E,Tata Marcopolo,CNG,49.1,52.86,188.3,2025,KR Puram,31
60A,Ashok Leyland Viking,Diesel,46.7,43.34,122.9,2025,Indiranagar,33
43E,Volvo 9400XL,Diesel,25.3,68.75,271.9,2025,Hebbal,77
210N,Switch EiV 12,Electric,47.3,0,69.5,2025,Jayanagar,39
356C,Switch EiV 12,Electric,49.8,0,176.1,2025,Majestic,11
210N,Eicher Skyline Pro,CNG,38.8,17.11,76.2,2025,Jayanagar,58
252H,Eicher Skyline Pro,CNG,40.7,43.3,175.1,2025,Bommanahalli,74
348C,Volvo 8400 B7RLE,Diesel,40.7,47.39,160,2025,Marathahalli,66
348C,Volvo 8400 B7RLE,Diesel,26.1,88.42,258.3,2025,Marathahalli,71
356C,Ashok Leyland Viking,Diesel,47.3,84.53,269.1,2025,Majestic,27
279F,Volvo 8400 B7RLE,Diesel,31.9,70.59,196.4,2025,Peenya,50
77E,Volvo 8400 B7RLE,Diesel,33.8,47.99,162,2025,KR Puram,16
60A,Switch EiV 12,Electric,49.4,0,77.1,2025,Indiranagar,56
77E,Ashok Leyland Viking,Diesel,42.5,83.83,277,2025,KR Puram,68
12G,Switch EiV 12,Electric,45.3,0,128.1,2025,BTM Layout,50
348C,Volvo 8400 B7RLE,Diesel,29.1,54.47,210.6,2025,Marathahalli,26
213K,Switch EiV 12,Electric,48.7,0,241,2025,Banerghatta,27
365B,Volvo 8400 B7RLE,Diesel,40.3,70.25,219.7,2025,Silk Board,20
215K,Tata Marcopolo,CNG,46.7,86.45,265.2,2025,Kengeri,38
201R,Volvo 8400 B7RLE,Diesel,34.4,17.71,65.8,2025,Yelahanka,20
279F,Volvo 9400XL,Diesel,28.8,81.74,277.2,2025,Peenya,64
96E,Volvo 9400XL,Diesel,49.2,38.21,143.8,2025,Electronic City,72
213K,Volvo 9400XL,Diesel,36.7,78.28,244.4,2025,Banerghatta,18
500D,Ashok Leyland Viking,Diesel,26.4,31.63,120.1,2025,Whitefield,33
348C,Tata Marcopolo,CNG,50,53.13,238.8,2025,Marathahalli,77
213K,Switch EiV 12,Electric,44.2,0,182.2,2025,Banerghatta,51
365B,Eicher Skyline Pro,CNG,46.2,79.44,267.8,2025,Silk Board,18
290E,Switch EiV 12,Electric,28.2,0,159.1,2025,Mysuru Road,64
348C,Volvo 9400XL,Diesel,40.2,94.94,269.9,2025,Marathahalli,68
213K,Volvo 9400XL,Diesel,40.5,68.42,207.8,2025,Banerghatta,25
213K,Ashok Leyland Viking,Diesel,41.8,25.91,85,2025,Banerghatta,13
77E,Tata Marcopolo,CNG,38,53.74,229.9,2025,KR Puram,53
43E,Ashok Leyland Viking,Diesel,39,47.55,181.4,2025,Hebbal,26
600A,Volvo 9400XL,Diesel,28.4,58.51,148.8,2025,Banashankari,80
600A,Volvo 8400 B7RLE,Diesel,40.5,63.58,226.1,2025,Banashankari,46
V500C,Switch EiV 12,Electric,28.4,0,106.9,2025,ITPL,17
210N,Switch EiV 12,Electric,33.8,0,63.2,2025,Jayanagar,67
365B,Ashok Leyland Viking,Diesel,34.8,60.14,189.8,2025,Silk Board,73
210N,Volvo 9400XL,Diesel,33.7,79.15,258.9,2025,Jayanagar,50
60A,Volvo 9400XL,Diesel,34.9,67.69,232.4,2025,Indiranagar,52
V500C,Volvo 8400 B7RLE,Diesel,48.7,91.78,249.7,2025,ITPL,40
252H,Switch EiV 12,Electric,37.3,0,263.8,2025,Bommanahalli,48
77E,Eicher Skyline Pro,CNG,36.5,26.13,116.8,2025,KR Puram,24
500D,Tata Marcopolo,CNG,33.2,42.63,168.4,2025,Whitefield,27
365B,Volvo 8400 B7RLE,Diesel,26.9,41.88,112.8,2025,Silk Board,45
600A,Volvo 9400XL,Diesel,28.8,32.57,88.2,2025,Banashankari,73
K1,Ashok Leyland Viking,Diesel,29.5,66.59,201,2025,Koramangala,66
43E,Tata Marcopolo,CNG,36.8,64.3,257.3,2025,Hebbal,40
401A,Volvo 9400XL,Diesel,29.8,38.22,97.9,2025,RT Nagar,32
77E,Eicher Skyline Pro,CNG,32,29.77,97.2,2025,KR Puram,31
365B,Tata Marcopolo,CNG,28,21.54,79.5,2025,Silk Board,28
252H,Volvo 8400 B7RLE,Diesel,34.1,32.38,105.4,2025,Bommanahalli,78
60A,Volvo 8400 B7RLE,Diesel,26,57.28,211.9,2025,Indiranagar,27
500D,Ashok Leyland Viking,Diesel,27,51.99,198.1,2025,Whitefield,78
600A,Eicher Skyline Pro,CNG,26.5,76.89,262.6,2025,Banashankari,56
210N,Eicher Skyline Pro,CNG,43.7,72.45,237.4,2025,Jayanagar,29
356C,Eicher Skyline Pro,CNG,34.3,28.47,106.1,2025,Majestic,26
77E,Ashok Leyland Viking,Diesel,34.2,61.37,196,2025,KR Puram,62
43E,Eicher Skyline Pro,CNG,25.9,66.42,224.4,2025,Hebbal,77
77E,Volvo 9400XL,Diesel,47.4,66.38,216.9,2025,KR Puram,20
600A,Ashok Leyland Viking,Diesel,27.7,55.85,177.1,2025,Banashankari,49
279F,Volvo 9400XL,Diesel,31.1,61.02,177.2,2025,Peenya,23
500D,Ashok Leyland Viking,Diesel,25.5,47.94,143,2025,Whitefield,73
290E,Switch EiV 12,Electric,33.2,0,106.5,2025,Mysuru Road,76
43E,Ashok Leyland Viking,Diesel,47.3,25.45,86.3,2025,Hebbal,61
K1,Volvo 8400 B7RLE,Diesel,44.7,64.48,209.4,2025,Koramangala,76
77E,Switch EiV 12,Electric,38.4,0,79.1,2025,KR Puram,64
12G,Volvo 9400XL,Diesel,43.6,60.08,189.1,2025,BTM Layout,37
348C,Tata Marcopolo,CNG,32.1,24.85,88.1,2025,Marathahalli,66
K1,Ashok Leyland Viking,Diesel,39.3,66.61,202.1,2025,Koramangala,61
60A,Eicher Skyline Pro,CNG,40.1,82.54,277,2025,Indiranagar,60
252H,Switch EiV 12,Electric,28.8,0,82.4,2025,Bommanahalli,37
12G,Tata Marcopolo,CNG,29,34.79,114.1,2025,BTM Layout,14
356C,Ashok Leyland Viking,Diesel,29.3,31.91,122.7,2025,Majestic,40
500D,Eicher Skyline Pro,CNG,38.1,21.49,77.7,2025,Whitefield,50
356C,Volvo 9400XL,Diesel,27.8,89.16,276.1,2025,Majestic,17
365B,Ashok Leyland Viking,Diesel,46.6,73.36,273.3,2025,Silk Board,79
279F,Tata Marcopolo,CNG,29.3,29.15,116.7,2025,Peenya,19
213K,Eicher Skyline Pro,CNG,38.9,68.57,264.5,2025,Banerghatta,27
201R,Switch EiV 12,Electric,44.2,0,121.6,2025,Yelahanka,46
201R,Tata Marcopolo,CNG,33.1,27.79,101.1,2025,Yelahanka,37
279F,Switch EiV 12,Electric,31.1,0,171.7,2025,Peenya,44
213K,Switch EiV 12,Electric,40.3,0,85.3,2025,Banerghatta,37
252H,Switch EiV 12,Electric,39.5,0,123.5,2025,Bommanahalli,38
365B,Switch EiV 12,Electric,37,0,94,2025,Silk Board,16
60A,Volvo 9400XL,Diesel,26.3,58.97,177.2,2025,Indiranagar,31
290E,Eicher Skyline Pro,CNG,26.6,19.98,89.6,2025,Mysuru Road,39
290E,Switch EiV 12,Electric,45.2,0,130.9,2025,Mysuru Road,72
348C,Tata Marcopolo,CNG,42,28.02,116,2025,Marathahalli,50
365B,Ashok Leyland Viking,Diesel,36.8,61.26,191,2025,Silk Board,21
279F,Switch EiV 12,Electric,48.2,0,136.8,2025,Peenya,52
12G,Volvo 8400 B7RLE,Diesel,49.1,90.34,242.7,2025,BTM Layout,71
K1,Tata Marcopolo,CNG,48.5,67.48,220.8,2025,Koramangala,79
290E,Volvo 8400 B7RLE,Diesel,43.5,22.19,74.6,2025,Mysuru Road,66
348C,Ashok Leyland Viking,Diesel,28.5,66.4,245.2,2025,Marathahalli,73
V500C,Volvo 8400 B7RLE,Diesel,29.1,38.01,104.4,2025,ITPL,57
252H,Volvo 9400XL,Diesel,41.6,72.82,239.2,2025,Bommanahalli,27
12G,Tata Marcopolo,CNG,46.9,38.71,138.9,2025,BTM Layout,63
401A,Switch EiV 12,Electric,36,0,239.7,2025,RT Nagar,34
77E,Volvo 8400 B7RLE,Diesel,36.6,48.41,142.9,2025,KR Puram,57
210N,Volvo 9400XL,Diesel,37.6,78.82,224.5,2025,Jayanagar,13
210N,Tata Marcopolo,CNG,34.6,67.6,257.9,2025,Jayanagar,48
43E,Switch EiV 12,Electric,40.6,0,259.4,2025,Hebbal,71
96E,Ashok Leyland Viking,Diesel,48.5,24.9,85.7,2025,Electronic City,69
365B,Eicher Skyline Pro,CNG,28.5,31.9,133.7,2025,Silk Board,58
V500C,Ashok Leyland Viking,Diesel,38.3,51.13,196.4,2025,ITPL,14
348C,Tata Marcopolo,CNG,28.8,67.34,233.5,2025,Marathahalli,21
K1,Ashok Leyland Viking,Diesel,43.6,44.98,114.7,2025,Koramangala,26
K1,Volvo 8400 B7RLE,Diesel,44.1,48.6,185.4,2025,Koramangala,14
96E,Eicher Skyline Pro,CNG,45.5,42.74,135.3,2025,Electronic City,69
210N,Volvo 8400 B7RLE,Diesel,28.2,79.52,246.2,2025,Jayanagar,31
356C,Eicher Skyline Pro,CNG,28.7,70.4,235.4,2025,Majestic,15
600A,Ashok Leyland Viking,Diesel,43,63.23,218.9,2025,Banashankari,71
60A,Tata Marcopolo,CNG,38.6,62.97,212.7,2025,Indiranagar,29
77E,Switch EiV 12,Electric,29.5,0,136.1,2025,KR Puram,77
356C,Switch EiV 12,Electric,39.6,0,259.9,2025,Majestic,36
252H,Ashok Leyland Viking,Diesel,36.6,37.8,148.2,2025,Bommanahalli,65
600A,Tata Marcopolo,CNG,39.7,24.93,93.7,2025,Banashankari,45
77E,Switch EiV 12,Electric,25.5,0,194.5,2025,KR Puram,71
96E,Volvo 9400XL,Diesel,48.3,75.25,251.9,2025,Electronic City,17
43E,Volvo 9400XL,Diesel,48.1,59.9,213.3,2025,Hebbal,57
77E,Volvo 9400XL,Diesel,39.4,27.45,93.6,2025,KR Puram,64
215K,Volvo 9400XL,Diesel,43.4,39.29,153.3,2025,Kengeri,63
252H,Ashok Leyland Viking,Diesel,36.3,98.73,263.6,2025,Bommanahalli,20
210N,Volvo 9400XL,Diesel,46,102.98,276.7,2025,Jayanagar,17
500D,Switch EiV 12,Electric,46.7,0,262.6,2025,Whitefield,24
201R,Volvo 9400XL,Diesel,39.8,56.19,174.1,2025,Yelahanka,37
215K,Ashok Leyland Viking,Diesel,33.4,19.44,72,2025,Kengeri,49
60A,Volvo 9400XL,Diesel,33.3,19.69,61,2025,Indiranagar,61
12G,Ashok Leyland Viking,Diesel,48,59.02,178.2,2025,BTM Layout,21
600A,Volvo 8400 B7RLE,Diesel,43.4,42.88,136.3,2025,Banashankari,45
401A,Volvo 8400 B7RLE,Diesel,36.3,40.35,109.4,2025,RT Nagar,24
215K,Tata Marcopolo,CNG,37.5,27.23,98.8,2025,Kengeri,27
401A,Tata Marcopolo,CNG,34.1,67.5,261.3,2025,RT Nagar,25
60A,Volvo 9400XL,Diesel,25.3,56.96,199.1,2025,Indiranagar,69
252H,Eicher Skyline Pro,CNG,49,30.78,99.2,2025,Bommanahalli,74
77E,Volvo 8400 B7RLE,Diesel,27.1,37.84,151.2,2025,KR Puram,48
500D,Ashok Leyland Viking,Diesel,39.9,65.56,170.5,2025,Whitefield,78
96E,Ashok Leyland Viking,Diesel,30.2,58.49,225,2025,Electronic City,28
290E,Eicher Skyline Pro,CNG,29.8,34.4,105.1,2025,Mysuru Road,78
252H,Tata Marcopolo,CNG,39.1,52.9,163.9,2025,Bommanahalli,37
43E,Volvo 9400XL,Diesel,36.3,70.16,230.6,2025,Hebbal,20
96E,Eicher Skyline Pro,CNG,35,40.89,157,2025,Electronic City,35
279F,Switch EiV 12,Electric,29.5,0,94.2,2025,Peenya,58
279F,Volvo 8400 B7RLE,Diesel,48.7,81.57,249.6,2025,Peenya,77
77E,Ashok Leyland Viking,Diesel,41.1,38.42,119.6,2025,KR Puram,47
213K,Volvo 9400XL,Diesel,28.9,18.35,65.6,2025,Banerghatta,50
365B,Volvo 8400 B7RLE,Diesel,25.7,72.36,205,2025,Silk Board,33
279F,Tata Marcopolo,CNG,41.8,36.57,110.8,2025,Peenya,38
213K,Eicher Skyline Pro,CNG,45,25.37,82.9,2025,Banerghatta,60
600A,Volvo 9400XL,Diesel,31,76.85,203.6,2025,Banashankari,14
12G,Tata Marcopolo,CNG,43.1,26.5,113.5,2025,BTM Layout,71
279F,Volvo 9400XL,Diesel,34.9,69.27,242.6,2025,Peenya,56
290E,Ashok Leyland Viking,Diesel,32.3,27.34,105.1,2025,Mysuru Road,60
356C,Switch EiV 12,Electric,27.1,0,62.9,2025,Majestic,37
213K,Tata Marcopolo,CNG,25.7,32.3,105.7,2025,Banerghatta,14
V500C,Tata Marcopolo,CNG,35.5,43.4,188.3,2025,ITPL,26
77E,Volvo 8400 B7RLE,Diesel,33.5,83,239.8,2025,KR Puram,17
77E,Ashok Leyland Viking,Diesel,39.8,49.45,143.5,2025,KR Puram,40
96E,Ashok Leyland Viking,Diesel,35.2,59.28,197.3,2025,Electronic City,37
12G,Volvo 8400 B7RLE,Diesel,32.4,39.74,155.9,2025,BTM Layout,66
96E,Switch EiV 12,Electric,28.5,0,228,2025,Electronic City,22
60A,Volvo 8400 B7RLE,Diesel,37.2,65.36,251.1,2025,Indiranagar,19
600A,Ashok Leyland Viking,Diesel,35.6,93.14,236,2025,Banashankari,67
215K,Volvo 9400XL,Diesel,38.5,34.52,119.1,2025,Kengeri,34
356C,Eicher Skyline Pro,CNG,28.5,27.44,116.7,2025,Majestic,24
290E,Volvo 9400XL,Diesel,38.1,100.31,276.6,2025,Mysuru Road,19
V500C,Eicher Skyline Pro,CNG,25.5,27.43,119.9,2025,ITPL,32
500D,Ashok Leyland Viking,Diesel,39.4,29.51,85.9,2025,Whitefield,32
60A,Eicher Skyline Pro,CNG,41.3,42.85,181.9,2025,Indiranagar,33
600A,Tata Marcopolo,CNG,25.3,32.88,105.4,2025,Banashankari,44
V500C,Volvo 8400 B7RLE,Diesel,46.8,75.97,258,2025,ITPL,23
401A,Ashok Leyland Viking,Diesel,41.6,69.52,192.1,2025,RT Nagar,13
401A,Eicher Skyline Pro,CNG,35.5,73.07,261.2,2025,RT Nagar,22
348C,Tata Marcopolo,CNG,26.2,53.61,174.2,2025,Marathahalli,42
401A,Eicher Skyline Pro,CNG,27.1,56.96,222.4,2025,RT Nagar,49
348C,Volvo 8400 B7RLE,Diesel,34.7,38.87,114,2025,Marathahalli,49
V500C,Volvo 9400XL,Diesel,43,46.92,138.2,2025,ITPL,78
290E,Tata Marcopolo,CNG,36.9,46.2,184.6,2025,Mysuru Road,31
348C,Switch EiV 12,Electric,43.3,0,266.1,2025,Marathahalli,23
252H,Switch EiV 12,Electric,25.8,0,107.3,2025,Bommanahalli,19
60A,Ashok Leyland Viking,Diesel,39.9,45.67,117.7,2025,Indiranagar,37
401A,Ashok Leyland Viking,Diesel,39.9,56.37,169.2,2025,RT Nagar,26
401A,Switch EiV 12,Electric,27.7,0,229.6,2025,RT Nagar,59
201R,Volvo 9400XL,Diesel,43.2,23.59,76.5,2025,Yelahanka,46
600A,Volvo 9400XL,Diesel,35.9,73.67,211.4,2025,Banashankari,42
365B,Volvo 9400XL,Diesel,45,67.81,240.2,2025,Silk Board,68
12G,Ashok Leyland Viking,Diesel,39.8,39.42,119.9,2025,BTM Layout,75
210N,Volvo 9400XL,Diesel,47.9,29.61,80.1,2025,Jayanagar,56
252H,Volvo 8400 B7RLE,Diesel,36.2,96.88,269.1,2025,Bommanahalli,33
210N,Switch EiV 12,Electric,46.8,0,179.2,2025,Jayanagar,25
356C,Volvo 8400 B7RLE,Diesel,45.2,63.39,221.1,2025,Majestic,38
500D,Tata Marcopolo,CNG,46.2,62.91,212.3,2025,Whitefield,35
365B,Switch EiV 12,Electric,30.5,0,167.7,2025,Silk Board,21
96E,Switch EiV 12,Electric,48.6,0,277.3,2025,Electronic City,34
213K,Ashok Leyland Viking,Diesel,42.6,17.67,68.7,2025,Banerghatta,65
279F,Switch EiV 12,Electric,39.2,0,99.7,2025,Peenya,20
210N,Switch EiV 12,Electric,25.8,0,261.4,2025,Jayanagar,52
K1,Eicher Skyline Pro,CNG,32.4,48.65,213.4,2025,Koramangala,69
215K,Eicher Skyline Pro,CNG,48.6,73.72,273.6,2025,Kengeri,65
12G,Volvo 8400 B7RLE,Diesel,46.1,83.8,249.6,2025,BTM Layout,75
12G,Eicher Skyline Pro,CNG,25.9,62.24,242.4,2025,BTM Layout,23
12G,Eicher Skyline Pro,CNG,28,35.5,110.6,2025,BTM Layout,43
60A,Eicher Skyline Pro,CNG,33.5,52.16,213.2,2025,Indiranagar,50
252H,Tata Marcopolo,CNG,32.9,19.53,74.4,2025,Bommanahalli,55
356C,Ashok Leyland Viking,Diesel,33,68.05,234,2025,Majestic,63
96E,Volvo 8400 B7RLE,Diesel,40.4,89.46,254.9,2025,Electronic City,63
356C,Volvo 9400XL,Diesel,46.8,25.83,65.4,2025,Majestic,30
V500C,Volvo 9400XL,Diesel,38.2,64.58,252.4,2025,ITPL,18
252H,Eicher Skyline Pro,CNG,49.9,66.85,235.7,2025,Bommanahalli,28
252H,Volvo 9400XL,Diesel,35,71.06,228.8,2025,Bommanahalli,79
213K,Tata Marcopolo,CNG,46.8,44.26,198.1,2025,Banerghatta,11
213K,Ashok Leyland Viking,Diesel,35.4,73.12,229,2025,Banerghatta,47
348C,Eicher Skyline Pro,CNG,31,70.22,222.3,2025,Marathahalli,57
252H,Switch EiV 12,Electric,32.2,0,138,2025,Bommanahalli,70
252H,Ashok Leyland Viking,Diesel,30.8,48.85,125.2,2025,Bommanahalli,51
600A,Tata Marcopolo,CNG,49.7,17.55,63.9,2025,Banashankari,47
279F,Volvo 8400 B7RLE,Diesel,42,51.14,144.6,2025,Peenya,51
201R,Eicher Skyline Pro,CNG,44.7,85.83,269,2025,Yelahanka,37
201R,Eicher Skyline Pro,CNG,47,34.39,151.9,2025,Yelahanka,46
V500C,Tata Marcopolo,CNG,40.3,50.08,162.8,2025,ITPL,65
290E,Ashok Leyland Viking,Diesel,30.8,71.05,278.1,2025,Mysuru Road,56
600A,Volvo 9400XL,Diesel,40.2,62.07,202.9,2025,Banashankari,17
12G,Ashok Leyland Viking,Diesel,29.4,39.11,110.7,2025,BTM Layout,23
290E,Ashok Leyland Viking,Diesel,44.5,33.39,101,2025,Mysuru Road,59
43E,Ashok Leyland Viking,Diesel,49.2,19,72.7,2025,Hebbal,11
401A,Tata Marcopolo,CNG,49.9,80.99,264.1,2025,RT Nagar,28
348C,Ashok Leyland Viking,Diesel,44,41.53,147.2,2025,Marathahalli,45
201R,Volvo 9400XL,Diesel,45.4,33.1,93.9,2025,Yelahanka,24
215K,Ashok Leyland Viking,Diesel,38.4,32.22,109.2,2025,Kengeri,49
201R,Volvo 9400XL,Diesel,27.3,49.16,187.6,2025,Yelahanka,78
290E,Ashok Leyland Viking,Diesel,28.2,30.89,118.4,2025,Mysuru Road,65
279F,Eicher Skyline Pro,CNG,46.6,64.12,270.2,2025,Peenya,21
60A,Volvo 8400 B7RLE,Diesel,38.8,77.63,204.2,2025,Indiranagar,48
215K,Switch EiV 12,Electric,34.3,0,149.9,2025,Kengeri,67
600A,Switch EiV 12,Electric,43.1,0,117.1,2025,Banashankari,29
279F,Volvo 8400 B7RLE,Diesel,27,59.75,169.1,2025,Peenya,51
V500C,Volvo 9400XL,Diesel,26.9,55.68,210.3,2025,ITPL,13
356C,Switch EiV 12,Electric,37,0,168.9,2025,Majestic,76
96E,Volvo 9400XL,Diesel,45.6,62.98,190.3,2025,Electronic City,50
213K,Ashok Leyland Viking,Diesel,39.1,72.12,209.2,2025,Banerghatta,33
43E,Volvo 9400XL,Diesel,44.9,72.63,253.3,2025,Hebbal,33
500D,Tata Marcopolo,CNG,46.7,60.82,247.1,2025,Whitefield,60
96E,Eicher Skyline Pro,CNG,42.4,60.72,244.1,2025,Electronic City,10
348C,Eicher Skyline Pro,CNG,43.8,60.56,196.1,2025,Marathahalli,50
401A,Tata Marcopolo,CNG,46.8,83.38,253.8,2025,RT Nagar,26
201R,Tata Marcopolo,CNG,28.2,69,241.7,2025,Yelahanka,17
401A,Switch EiV 12,Electric,29,0,223.6,2025,RT Nagar,22
201R,Switch EiV 12,Electric,45.8,0,240,2025,Yelahanka,18
290E,Volvo 9400XL,Diesel,25.2,58.56,171.6,2025,Mysuru Road,54
252H,Tata Marcopolo,CNG,49.5,49.57,195.7,2025,Bommanahalli,72
213K,Switch EiV 12,Electric,40.9,0,117.2,2025,Banerghatta,46
K1,Ashok Leyland Viking,Diesel,44.5,67.21,178.8,2025,Koramangala,39
600A,Ashok Leyland Viking,Diesel,38.5,57.65,227.4,2025,Banashankari,49
290E,Switch EiV 12,Electric,40.8,0,135.2,2025,Mysuru Road,56
60A,Eicher Skyline Pro,CNG,27.6,60.15,265,2025,Indiranagar,37
60A,Ashok Leyland Viking,Diesel,26.7,71.59,211.3,2025,Indiranagar,57
213K,Tata Marcopolo,CNG,26.7,55.72,215.8,2025,Banerghatta,47
201R,Switch EiV 12,Electric,40.5,0,136.1,2025,Yelahanka,19
77E,Volvo 8400 B7RLE,Diesel,46.8,17.7,70.1,2025,KR Puram,12
290E,Ashok Leyland Viking,Diesel,43.7,101.37,273.2,2025,Mysuru Road,15
201R,Eicher Skyline Pro,CNG,25.6,74.77,226.8,2025,Yelahanka,24
279F,Ashok Leyland Viking,Diesel,37.2,35.89,131.2,2025,Peenya,54
348C,Switch EiV 12,Electric,36.1,0,210.3,2025,Marathahalli,71
96E,Volvo 8400 B7RLE,Diesel,49.9,38.29,120.2,2025,Electronic City,67
356C,Volvo 9400XL,Diesel,29.1,43.14,159.3,2025,Majestic,16
12G,Switch EiV 12,Electric,30.5,0,212.6,2025,BTM Layout,51
213K,Volvo 9400XL,Diesel,42,22.43,78.1,2025,Banerghatta,54
365B,Switch EiV 12,Electric,48.8,0,120.1,2025,Silk Board,30
600A,Tata Marcopolo,CNG,35.8,21.11,93.2,2025,Banashankari,65
96E,Switch EiV 12,Electric,41,0,152.3,2025,Electronic City,32
290E,Volvo 9400XL,Diesel,31.9,37.1,147.5,2025,Mysuru Road,12
V500C,Switch EiV 12,Electric,47.4,0,150.1,2025,ITPL,29
43E,Switch EiV 12,Electric,30.3,0,110.6,2025,Hebbal,56
V500C,Ashok Leyland Viking,Diesel,41.3,21.88,66.8,2025,ITPL,21
96E,Ashok Leyland Viking,Diesel,36.8,63.31,250.2,2025,Electronic City,67
348C,Switch EiV 12,Electric,46.7,0,100.8,2025,Marathahalli,78
43E,Tata Marcopolo,CNG,44.3,54.11,230.9,2025,Hebbal,27
600A,Volvo 9400XL,Diesel,40.7,84.32,227.4,2025,Banashankari,42
365B,Ashok Leyland Viking,Diesel,48,19.62,67.2,2025,Silk Board,45
348C,Ashok Leyland Viking,Diesel,37,87.89,235.2,2025,Marathahalli,61
401A,Ashok Leyland Viking,Diesel,42.1,27.82,87.5,2025,RT Nagar,66
365B,Volvo 8400 B7RLE,Diesel,37.3,40.1,104.1,2025,Silk Board,12
500D,Ashok Leyland Viking,Diesel,31.7,50.86,188,2025,Whitefield,31
290E,Switch EiV 12,Electric,36.4,0,128.3,2025,Mysuru Road,77
500D,Eicher Skyline Pro,CNG,26.8,17.44,62.6,2025,Whitefield,15
348C,Eicher Skyline Pro,CNG,40,48.17,165.6,2025,Marathahalli,26
V500C,Tata Marcopolo,CNG,46.5,51.06,212.9,2025,ITPL,57
600A,Eicher Skyline Pro,CNG,37,21.76,68.7,2025,Banashankari,22
215K,Eicher Skyline Pro,CNG,49.7,35.22,113.2,2025,Kengeri,40
V500C,Switch EiV 12,Electric,40.5,0,169.8,2025,ITPL,21
356C,Volvo 9400XL,Diesel,39,85.3,214.5,2025,Majestic,66
348C,Tata Marcopolo,CNG,37.9,42.08,131.8,2025,Marathahalli,55
401A,Volvo 8400 B7RLE,Diesel,25.8,52.37,137.1,2025,RT Nagar,15
210N,Eicher Skyline Pro,CNG,28.3,38.25,147.3,2025,Jayanagar,53
356C,Volvo 8400 B7RLE,Diesel,45,75.6,211.7,2025,Majestic,58
600A,Eicher Skyline Pro,CNG,27.6,24.48,96.8,2025,Banashankari,59
290E,Ashok Leyland Viking,Diesel,25.8,55.17,215.4,2025,Mysuru Road,48
43E,Volvo 8400 B7RLE,Diesel,38.5,20.04,71.4,2025,Hebbal,25
213K,Volvo 9400XL,Diesel,42.9,67.95,251.6,2025,Banerghatta,23
77E,Ashok Leyland Viking,Diesel,45.4,51.41,134.7,2025,KR Puram,80
12G,Volvo 9400XL,Diesel,38.7,68.95,256.9,2025,BTM Layout,17
290E,Volvo 9400XL,Diesel,41.1,48.49,159.5,2025,Mysuru Road,77
96E,Volvo 9400XL,Diesel,27,85.27,220.9,2025,Electronic City,51
96E,Tata Marcopolo,CNG,29,26.56,114.4,2025,Electronic City,78
201R,Tata Marcopolo,CNG,49.4,30.87,108.2,2025,Yelahanka,79
348C,Volvo 9400XL,Diesel,44.7,28.7,100.1,2025,Marathahalli,20
356C,Eicher Skyline Pro,CNG,38.9,41.58,169.6,2025,Majestic,63
12G,Ashok Leyland Viking,Diesel,49.9,27.84,110.3,2025,BTM Layout,79
K1,Switch EiV 12,Electric,30,0,203.1,2025,Koramangala,22
V500C,Ashok Leyland Viking,Diesel,26.8,82.37,209.7,2025,ITPL,14
500D,Volvo 9400XL,Diesel,36.6,30.69,116.7,2025,Whitefield,39
348C,Volvo 8400 B7RLE,Diesel,43.6,70.1,220,2025,Marathahalli,53
V500C,Eicher Skyline Pro,CNG,34.3,30.37,136.1,2025,ITPL,37
600A,Tata Marcopolo,CNG,46.7,17.79,68.8,2025,Banashankari,33
96E,Volvo 8400 B7RLE,Diesel,43.1,48.45,156.5,2025,Electronic City,70
290E,Ashok Leyland Viking,Diesel,47.5,80.51,252.2,2025,Mysuru Road,53
348C,Tata Marcopolo,CNG,39.8,27.68,120.9,2025,Marathahalli,66
600A,Switch EiV 12,Electric,40.6,0,106.3,2025,Banashankari,14
43E,Volvo 9400XL,Diesel,43.3,73.74,198.9,2025,Hebbal,33
401A,Tata Marcopolo,CNG,47.7,66.52,217.5,2025,RT Nagar,65
12G,Volvo 8400 B7RLE,Diesel,49.3,40.52,112.3,2025,BTM Layout,58
290E,Switch EiV 12,Electric,37.3,0,248,2025,Mysuru Road,39
96E,Volvo 8400 B7RLE,Diesel,46.8,36.11,114.4,2025,Electronic City,45
V500C,Tata Marcopolo,CNG,34,44.56,173.3,2025,ITPL,40
356C,Volvo 9400XL,Diesel,34.8,24.28,96,2025,Majestic,56
96E,Eicher Skyline Pro,CNG,41.4,33.49,116.8,2025,Electronic City,29
210N,Volvo 8400 B7RLE,Diesel,28.3,58.21,230.2,2025,Jayanagar,80
60A,Eicher Skyline Pro,CNG,30.9,51.38,159.8,2025,Indiranagar,76
365B,Tata Marcopolo,CNG,38,27.76,97.3,2025,Silk Board,79
96E,Tata Marcopolo,CNG,35.8,71.86,242.4,2025,Electronic City,78
252H,Volvo 8400 B7RLE,Diesel,42.7,71.19,195.8,2025,Bommanahalli,12
V500C,Ashok Leyland Viking,Diesel,25.9,26.88,96.9,2025,ITPL,19
401A,Volvo 9400XL,Diesel,36.9,54.7,206,2025,RT Nagar,65
252H,Tata Marcopolo,CNG,39.6,55.13,237.2,2025,Bommanahalli,54
252H,Switch EiV 12,Electric,27.8,0,105.3,2025,Bommanahalli,65
279F,Switch EiV 12,Electric,26.4,0,119.3,2025,Peenya,16
252H,Switch EiV 12,Electric,48.4,0,176.9,2025,Bommanahalli,30
500D,Ashok Leyland Viking,Diesel,28.1,21.62,68.7,2025,Whitefield,67
96E,Volvo 8400 B7RLE,Diesel,32.9,81.42,265.5,2025,Electronic City,23
348C,Volvo 9400XL,Diesel,28.7,17.36,69.1,2025,Marathahalli,24
201R,Tata Marcopolo,CNG,25.1,61.5,272.3,2025,Yelahanka,10
365B,Volvo 8400 B7RLE,Diesel,46.7,63.04,200.6,2025,Silk Board,54
401A,Volvo 8400 B7RLE,Diesel,37.2,49.54,173.4,2025,RT Nagar,63
500D,Ashok Leyland Viking,Diesel,25.7,30.62,90.7,2025,Whitefield,61
V500C,Eicher Skyline Pro,CNG,30,53.61,215,2025,ITPL,44
V500C,Ashok Leyland Viking,Diesel,27.3,77.92,273.4,2025,ITPL,34
356C,Volvo 8400 B7RLE,Diesel,46.7,56.98,157.6,2025,Majestic,20
43E,Eicher Skyline Pro,CNG,46,48.09,212.4,2025,Hebbal,31
215K,Ashok Leyland Viking,Diesel,37.4,61.37,210.3,2025,Kengeri,75
279F,Ashok Leyland Viking,Diesel,39.3,98.68,251.2,2025,Peenya,77
60A,Ashok Leyland Viking,Diesel,42.2,75.34,264.8,2025,Indiranagar,35
210N,Tata Marcopolo,CNG,41.5,29.91,107.4,2025,Jayanagar,37
77E,Eicher Skyline Pro,CNG,27.7,50.99,203.3,2025,KR Puram,12
V500C,Switch EiV 12,Electric,26.2,0,279.9,2025,ITPL,59
365B,Tata Marcopolo,CNG,35.2,63.86,275,2025,Silk Board,14
60A,Volvo 8400 B7RLE,Diesel,39.2,64.34,232.1,2025,Indiranagar,29
77E,Volvo 8400 B7RLE,Diesel,35.1,84.7,253.3,2025,KR Puram,20
V500C,Eicher Skyline Pro,CNG,45.2,49.93,206.9,2025,ITPL,65
290E,Tata Marcopolo,CNG,35.9,55.72,235.5,2025,Mysuru Road,48
K1,Eicher Skyline Pro,CNG,38.6,28.72,86.4,2025,Koramangala,54
96E,Volvo 8400 B7RLE,Diesel,34.2,42.47,131.4,2025,Electronic City,51
290E,Eicher Skyline Pro,CNG,34.7,57.99,213,2025,Mysuru Road,78
V500C,Volvo 9400XL,Diesel,34.3,39.53,112.3,2025,ITPL,38
201R,Volvo 9400XL,Diesel,40.1,21.73,76.1,2025,Yelahanka,54
252H,Tata Marcopolo,CNG,36.6,54.99,196.3,2025,Bommanahalli,67
356C,Eicher Skyline Pro,CNG,38,67.2,249.9,2025,Majestic,34
500D,Tata Marcopolo,CNG,33.5,18.37,65.6,2025,Whitefield,47
210N,Eicher Skyline Pro,CNG,39.5,38.86,147.7,2025,Jayanagar,52
252H,Tata Marcopolo,CNG,44.1,45.91,193.7,2025,Bommanahalli,41
600A,Eicher Skyline Pro,CNG,48.9,72.01,218,2025,Banashankari,17
600A,Eicher Skyline Pro,CNG,25.2,25.96,103.1,2025,Banashankari,31
43E,Switch EiV 12,Electric,31.1,0,257.6,2025,Hebbal,48
210N,Ashok Leyland Viking,Diesel,26.5,67.64,263.9,2025,Jayanagar,25
348C,Volvo 9400XL,Diesel,27.5,42.55,137.4,2025,Marathahalli,69
348C,Eicher Skyline Pro,CNG,32.1,33.66,116.5,2025,Marathahalli,80
201R,Volvo 8400 B7RLE,Diesel,38.5,79.78,236.7,2025,Yelahanka,17
365B,Switch EiV 12,Electric,42.9,0,194.3,2025,Silk Board,50
290E,Volvo 9400XL,Diesel,35.3,44.73,120,2025,Mysuru Road,60
77E,Volvo 8400 B7RLE,Diesel,42,36.04,99.9,2025,KR Puram,42
215K,Tata Marcopolo,CNG,42.7,55.53,175.5,2025,Kengeri,11
348C,Volvo 8400 B7RLE,Diesel,31.4,46.85,184.8,2025,Marathahalli,22
V500C,Eicher Skyline Pro,CNG,45.1,43.5,166.4,2025,ITPL,42
279F,Ashok Leyland Viking,Diesel,40.8,17.72,69.6,2025,Peenya,44
96E,Tata Marcopolo,CNG,45.5,44.47,192.4,2025,Electronic City,46
401A,Tata Marcopolo,CNG,30.3,28.14,110.2,2025,RT Nagar,66
290E,Volvo 8400 B7RLE,Diesel,46,39.06,150.4,2025,Mysuru Road,36
60A,Ashok Leyland Viking,Diesel,30.9,37.54,137.8,2025,Indiranagar,35
365B,Volvo 8400 B7RLE,Diesel,45.6,38.43,120.5,2025,Silk Board,32
77E,Volvo 8400 B7RLE,Diesel,27.4,60.22,206.9,2025,KR Puram,21
60A,Volvo 9400XL,Diesel,39.7,57.92,159.4,2025,Indiranagar,67
60A,Ashok Leyland Viking,Diesel,46.6,78.62,222.1,2025,Indiranagar,52
365B,Eicher Skyline Pro,CNG,25.6,20.46,81.1,2025,Silk Board,31
252H,Volvo 9400XL,Diesel,38.7,67.98,193.6,2025,Bommanahalli,30
279F,Ashok Leyland Viking,Diesel,39.9,44.99,146,2025,Peenya,70
356C,Volvo 8400 B7RLE,Diesel,28.4,78.27,277.3,2025,Majestic,42
77E,Eicher Skyline Pro,CNG,35.7,36.55,149,2025,KR Puram,27
600A,Ashok Leyland Viking,Diesel,49.8,78.85,212.3,2025,Banashankari,65
12G,Eicher Skyline Pro,CNG,43.1,21.43,82.9,2025,BTM Layout,42
290E,Volvo 8400 B7RLE,Diesel,27,45.77,120.3,2025,Mysuru Road,71
V500C,Volvo 9400XL,Diesel,29.8,85.99,256.7,2025,ITPL,28
12G,Volvo 8400 B7RLE,Diesel,33.9,42.2,109.9,2025,BTM Layout,60
401A,Ashok Leyland Viking,Diesel,26.7,47.07,174.2,2025,RT Nagar,46
279F,Volvo 9400XL,Diesel,38.5,29.16,111.4,2025,Peenya,21
215K,Switch EiV 12,Electric,38.3,0,203.2,2025,Kengeri,62
401A,Eicher Skyline Pro,CNG,33.3,32.82,131.4,2025,RT Nagar,37
213K,Volvo 9400XL,Diesel,41.5,83.53,278.7,2025,Banerghatta,28
12G,Ashok Leyland Viking,Diesel,36.6,85.21,220.7,2025,BTM Layout,69
600A,Ashok Leyland Viking,Diesel,48.9,66.49,183.7,2025,Banashankari,31
77E,Ashok Leyland Viking,Diesel,30,64.11,211.8,2025,KR Puram,27
401A,Tata Marcopolo,CNG,36.3,19.67,81.3,2025,RT Nagar,77
96E,Volvo 8400 B7RLE,Diesel,41.6,36.96,136.5,2025,Electronic City,17
401A,Eicher Skyline Pro,CNG,30.9,73.35,264,2025,RT Nagar,56
43E,Eicher Skyline Pro,CNG,49.8,21.3,93.5,2025,Hebbal,54
279F,Ashok Leyland Viking,Diesel,46.1,54.49,178.8,2025,Peenya,68
213K,Volvo 8400 B7RLE,Diesel,27.2,54.28,197.2,2025,Banerghatta,53
210N,Volvo 9400XL,Diesel,45.7,23.99,88.1,2025,Jayanagar,30
279F,Ashok Leyland Viking,Diesel,25.9,73.07,215.9,2025,Peenya,79
290E,Eicher Skyline Pro,CNG,34,37.65,117.9,2025,Mysuru Road,52
60A,Tata Marcopolo,CNG,38.8,76.95,266.1,2025,Indiranagar,58
12G,Switch EiV 12,Electric,36.2,0,147.3,2025,BTM Layout,73
96E,Volvo 8400 B7RLE,Diesel,37.9,49.52,192.1,2025,Electronic City,63
V500C,Volvo 8400 B7RLE,Diesel,49.8,44.82,169.3,2025,ITPL,26
12G,Volvo 8400 B7RLE,Diesel,48.3,39.6,105.9,2025,BTM Layout,27
K1,Switch EiV 12,Electric,34.5,0,239.8,2025,Koramangala,53
K1,Volvo 8400 B7RLE,Diesel,46.7,68.27,253.2,2025,Koramangala,72
279F,Eicher Skyline Pro,CNG,32.6,74.9,233.8,2025,Peenya,51
600A,Switch EiV 12,Electric,29.3,0,148.7,2025,Banashankari,66
252H,Switch EiV 12,Electric,33.7,0,212.9,2025,Bommanahalli,41
12G,Ashok Leyland Viking,Diesel,41,73.55,274.6,2025,BTM Layout,73
348C,Switch EiV 12,Electric,46.6,0,89.2,2025,Marathahalli,35
210N,Tata Marcopolo,CNG,37.2,67.27,263,2025,Jayanagar,47
290E,Volvo 9400XL,Diesel,29.4,70.16,228.3,2025,Mysuru Road,43
K1,Ashok Leyland Viking,Diesel,28.7,48.41,147.7,2025,Koramangala,48
252H,Ashok Leyland Viking,Diesel,25.6,27.75,75,2025,Bommanahalli,10
96E,Ashok Leyland Viking,Diesel,38.7,68.86,271.9,2025,Electronic City,74
356C,Ashok Leyland Viking,Diesel,32.8,47.59,155.1,2025,Majestic,63
96E,Volvo 9400XL,Diesel,27.6,45.27,156.7,2025,Electronic City,42
356C,Volvo 9400XL,Diesel,40.5,30.93,107.5,2025,Majestic,45
96E,Volvo 9400XL,Diesel,26.5,25.44,93.4,2025,Electronic City,60
348C,Switch EiV 12,Electric,26.5,0,161.2,2025,Marathahalli,43
V500C,Ashok Leyland Viking,Diesel,26.4,78.73,278.9,2025,ITPL,49
201R,Ashok Leyland Viking,Diesel,31,101.87,276.4,2025,Yelahanka,22
215K,Volvo 8400 B7RLE,Diesel,32.6,32.7,86.7,2025,Kengeri,52
K1,Volvo 9400XL,Diesel,26.6,65.04,212.3,2025,Koramangala,54
96E,Switch EiV 12,Electric,45.3,0,279.3,2025,Electronic City,11
279F,Ashok Leyland Viking,Diesel,32.7,56.84,195.3,2025,Peenya,65
43E,Switch EiV 12,Electric,35.7,0,175.9,2025,Hebbal,22
600A,Eicher Skyline Pro,CNG,47.2,24.17,88.8,2025,Banashankari,10
365B,Volvo 9400XL,Diesel,34.2,32.94,102.8,2025,Silk Board,65
201R,Volvo 9400XL,Diesel,43.3,66.26,242.1,2025,Yelahanka,20
279F,Ashok Leyland Viking,Diesel,35.4,19.37,62.4,2025,Peenya,17
500D,Ashok Leyland Viking,Diesel,31.5,17.64,64.2,2025,Whitefield,32
77E,Eicher Skyline Pro,CNG,38.4,27.15,90.2,2025,KR Puram,15
252H,Ashok Leyland Viking,Diesel,31,15.82,62.7,2025,Bommanahalli,19
V500C,Eicher Skyline Pro,CNG,49,63.32,236.3,2025,ITPL,53
348C,Volvo 9400XL,Diesel,38.7,26.43,84.1,2025,Marathahalli,43
77E,Switch EiV 12,Electric,27.5,0,245.8,2025,KR Puram,60
600A,Eicher Skyline Pro,CNG,28.8,48.01,167.4,2025,Banashankari,25
201R,Ashok Leyland Viking,Diesel,36.9,72.52,222.2,2025,Yelahanka,68
500D,Eicher Skyline Pro,CNG,36.5,35.14,146.8,2025,Whitefield,12
279F,Ashok Leyland Viking,Diesel,48.9,69.64,256.3,2025,Peenya,21
43E,Ashok Leyland Viking,Diesel,42.2,41,129.4,2025,Hebbal,49
401A,Volvo 8400 B7RLE,Diesel,46,45.35,116,2025,RT Nagar,67
252H,Switch EiV 12,Electric,36.5,0,258.4,2025,Bommanahalli,57
12G,Volvo 8400 B7RLE,Diesel,41.5,52.1,200.2,2025,BTM Layout,73
215K,Eicher Skyline Pro,CNG,40.3,64.55,200.1,2025,Kengeri,12
77E,Ashok Leyland Viking,Diesel,28.8,48.25,174,2025,KR Puram,53
279F,Volvo 9400XL,Diesel,42,67.39,172.7,2025,Peenya,34
213K,Tata Marcopolo,CNG,42.9,25.32,78.7,2025,Banerghatta,56
201R,Ashok Leyland Viking,Diesel,25.3,19.24,75.7,2025,Yelahanka,18
356C,Volvo 9400XL,Diesel,33.8,75.49,222.3,2025,Majestic,10
215K,Tata Marcopolo,CNG,44.4,34.29,136.9,2025,Kengeri,32
365B,Volvo 9400XL,Diesel,29.4,38.03,100.7,2025,Silk Board,65
213K,Volvo 8400 B7RLE,Diesel,44.1,70.85,205.3,2025,Banerghatta,66
365B,Eicher Skyline Pro,CNG,27.1,14.51,64.6,2025,Silk Board,20
401A,Tata Marcopolo,CNG,44.2,31.75,125,2025,RT Nagar,10
215K,Volvo 9400XL,Diesel,30.1,53.69,144,2025,Kengeri,42
365B,Eicher Skyline Pro,CNG,44.4,49.25,195.3,2025,Silk Board,23
96E,Volvo 9400XL,Diesel,26,44.7,176.7,2025,Electronic City,11
V500C,Volvo 9400XL,Diesel,32.3,59.37,235.7,2025,ITPL,45
600A,Switch EiV 12,Electric,39.6,0,192.4,2025,Banashankari,17
V500C,Volvo 9400XL,Diesel,45.3,64.45,224.6,2025,ITPL,23
348C,Volvo 8400 B7RLE,Diesel,33.5,22.66,88.2,2025,Marathahalli,44
43E,Switch EiV 12,Electric,34.3,0,109.4,2025,Hebbal,44
290E,Tata Marcopolo,CNG,36,39.57,155.1,2025,Mysuru Road,18
356C,Eicher Skyline Pro,CNG,31,84.06,267.5,2025,Majestic,40
348C,Ashok Leyland Viking,Diesel,47.2,29.81,103.4,2025,Marathahalli,42
201R,Volvo 9400XL,Diesel,45.4,32.41,122.9,2025,Yelahanka,36
365B,Volvo 9400XL,Diesel,48,85.53,246.2,2025,Silk Board,64
356C,Switch EiV 12,Electric,36.5,0,226.1,2025,Majestic,21
600A,Volvo 9400XL,Diesel,43.2,66.91,245.2,2025,Banashankari,25
213K,Tata Marcopolo,CNG,29.4,53.54,204.4,2025,Banerghatta,46
213K,Tata Marcopolo,CNG,48.4,90.25,276.6,2025,Banerghatta,37
210N,Ashok Leyland Viking,Diesel,28.3,26.83,96.3,2025,Jayanagar,43
213K,Eicher Skyline Pro,CNG,30.3,63.82,239.9,2025,Banerghatta,68
290E,Switch EiV 12,Electric,43.3,0,245,2025,Mysuru Road,14
600A,Volvo 8400 B7RLE,Diesel,39.8,54.96,179.3,2025,Banashankari,41
365B,Volvo 9400XL,Diesel,39.1,35.52,125.5,2025,Silk Board,14
401A,Ashok Leyland Viking,Diesel,40.9,69.23,252.1,2025,RT Nagar,43
210N,Eicher Skyline Pro,CNG,36.5,31.59,95.2,2025,Jayanagar,69
77E,Tata Marcopolo,CNG,43.2,25.47,114.3,2025,KR Puram,54
348C,Switch EiV 12,Electric,35,0,81.8,2025,Marathahalli,59
252H,Tata Marcopolo,CNG,30.1,61.58,236,2025,Bommanahalli,10
K1,Eicher Skyline Pro,CNG,40.4,67.43,221.3,2025,Koramangala,44
401A,Tata Marcopolo,CNG,44.6,36.07,138.2,2025,RT Nagar,76
V500C,Ashok Leyland Viking,Diesel,44,23.97,61.2,2025,ITPL,75
348C,Volvo 9400XL,Diesel,30.1,56.92,224.1,2025,Marathahalli,45
43E,Eicher Skyline Pro,CNG,33.2,43.71,140.9,2025,Hebbal,25
348C,Switch EiV 12,Electric,46.9,0,127.2,2025,Marathahalli,41
201R,Tata Marcopolo,CNG,34.2,76.02,279.2,2025,Yelahanka,19
348C,Volvo 8400 B7RLE,Diesel,47.2,64.58,218.9,2025,Marathahalli,79
V500C,Ashok Leyland Viking,Diesel,35.3,41.23,146.1,2025,ITPL,43
290E,Switch EiV 12,Electric,40.5,0,60.7,2025,Mysuru Road,69
401A,Volvo 9400XL,Diesel,44.9,52.36,138.2,2025,RT Nagar,15
201R,Volvo 9400XL,Diesel,37,54.68,189.4,2025,Yelahanka,52
213K,Eicher Skyline Pro,CNG,39.5,19.34,74.3,2025,Banerghatta,62
348C,Eicher Skyline Pro,CNG,40.1,45.66,183.3,2025,Marathahalli,74
348C,Tata Marcopolo,CNG,31.7,55.95,237.1,2025,Marathahalli,50
500D,Volvo 8400 B7RLE,Diesel,26.9,65.54,169.6,2025,Whitefield,25
252H,Ashok Leyland Viking,Diesel,44.6,37.48,133.5,2025,Bommanahalli,43
500D,Switch EiV 12,Electric,37.9,0,233.5,2025,Whitefield,22
279F,Volvo 9400XL,Diesel,28.7,52.4,156.8,2025,Peenya,80
60A,Eicher Skyline Pro,CNG,27.2,46.68,155.5,2025,Indiranagar,17
252H,Ashok Leyland Viking,Diesel,43.4,47.93,191.6,2025,Bommanahalli,19
401A,Eicher Skyline Pro,CNG,41.1,73.05,265.3,2025,RT Nagar,73
V500C,Ashok Leyland Viking,Diesel,44.6,74.7,200,2025,ITPL,50
201R,Volvo 9400XL,Diesel,46,48.83,150.2,2025,Yelahanka,63
279F,Volvo 9400XL,Diesel,39.7,66.91,185.8,2025,Peenya,62
201R,Ashok Leyland Viking,Diesel,33.4,55.02,139.7,2025,Yelahanka,47
600A,Ashok Leyland Viking,Diesel,45.8,22.44,65.3,2025,Banashankari,72
43E,Tata Marcopolo,CNG,32.5,39.45,174,2025,Hebbal,52
290E,Switch EiV 12,Electric,35.7,0,117,2025,Mysuru Road,12
252H,Switch EiV 12,Electric,46,0,252,2025,Bommanahalli,23
K1,Switch EiV 12,Electric,45.1,0,100.9,2025,Koramangala,17
213K,Volvo 9400XL,Diesel,37.1,59.55,160.8,2025,Banerghatta,11
60A,Volvo 9400XL,Diesel,43.2,23.95,77.7,2025,Indiranagar,53
43E,Volvo 9400XL,Diesel,43.2,42.79,156.1,2025,Hebbal,16
279F,Ashok Leyland Viking,Diesel,40.3,35.15,95,2025,Peenya,44
252H,Switch EiV 12,Electric,41.4,0,225.3,2025,Bommanahalli,72
365B,Volvo 9400XL,Diesel,26.7,104.62,270.5,2025,Silk Board,15
348C,Ashok Leyland Viking,Diesel,31.5,42.54,122.1,2025,Marathahalli,35
279F,Eicher Skyline Pro,CNG,31.2,76.12,259.4,2025,Peenya,48
356C,Volvo 9400XL,Diesel,36.2,61.96,227.1,2025,Majestic,51
348C,Ashok Leyland Viking,Diesel,37.2,29.17,74.4,2025,Marathahalli,11
43E,Eicher Skyline Pro,CNG,47.7,23,73.8,2025,Hebbal,76
500D,Volvo 8400 B7RLE,Diesel,35.3,58.62,177.1,2025,Whitefield,70
43E,Switch EiV 12,Electric,25.5,0,258,2025,Hebbal,73
96E,Tata Marcopolo,CNG,49.1,53.64,206,2025,Electronic City,52
348C,Volvo 8400 B7RLE,Diesel,26.3,85.07,266.1,2025,Marathahalli,65
252H,Switch EiV 12,Electric,43.3,0,117.2,2025,Bommanahalli,50
77E,Switch EiV 12,Electric,31.4,0,275.9,2025,KR Puram,44
600A,Ashok Leyland Viking,Diesel,30,60.9,203.9,2025,Banashankari,80
96E,Switch EiV 12,Electric,49.3,0,162.1,2025,Electronic City,22
252H,Volvo 9400XL,Diesel,33.7,72.59,193.9,2025,Bommanahalli,26
K1,Switch EiV 12,Electric,30.6,0,93.3,2025,Koramangala,58
600A,Volvo 9400XL,Diesel,46.3,34.47,115.2,2025,Banashankari,43
43E,Volvo 8400 B7RLE,Diesel,27.9,46.2,175.1,2025,Hebbal,76
356C,Switch EiV 12,Electric,26.7,0,219,2025,Majestic,72
252H,Eicher Skyline Pro,CNG,38.6,69.08,215.7,2025,Bommanahalli,43
279F,Volvo 8400 B7RLE,Diesel,37.1,58.5,160.8,2025,Peenya,71
279F,Volvo 9400XL,Diesel,46.2,76.52,268.1,2025,Peenya,28
401A,Tata Marcopolo,CNG,35.3,40.66,161.7,2025,RT Nagar,18
365B,Switch EiV 12,Electric,26.6,0,180,2025,Silk Board,44
348C,Volvo 9400XL,Diesel,45.2,54.19,172.8,2025,Marathahalli,52
213K,Ashok Leyland Viking,Diesel,44.7,25.48,71.4,2025,Banerghatta,14
96E,Tata Marcopolo,CNG,29.1,33.44,116.9,2025,Electronic City,56
210N,Switch EiV 12,Electric,38,0,226.5,2025,Jayanagar,80
43E,Tata Marcopolo,CNG,46.9,24.33,105.1,2025,Hebbal,10
600A,Eicher Skyline Pro,CNG,31,68.4,251.5,2025,Banashankari,43
K1,Volvo 9400XL,Diesel,44.3,108.9,276.7,2025,Koramangala,46
60A,Tata Marcopolo,CNG,36.6,17.03,74.3,2025,Indiranagar,13
96E,Eicher Skyline Pro,CNG,37.4,56.52,178.5,2025,Electronic City,64
60A,Eicher Skyline Pro,CNG,45.6,57.27,204.5,2025,Indiranagar,61
500D,Switch EiV 12,Electric,49.1,0,230.6,2025,Whitefield,12
600A,Ashok Leyland Viking,Diesel,38.1,35.76,104.8,2025,Banashankari,41
V500C,Ashok Leyland Viking,Diesel,39.4,67.91,234.4,2025,ITPL,77
348C,Volvo 8400 B7RLE,Diesel,34.9,60.81,235.5,2025,Marathahalli,11
201R,Volvo 9400XL,Diesel,28.9,50.03,177.3,2025,Yelahanka,44
401A,Volvo 9400XL,Diesel,32.9,61.94,234.5,2025,RT Nagar,28
215K,Eicher Skyline Pro,CNG,31.9,57.96,259.4,2025,Kengeri,38
210N,Volvo 8400 B7RLE,Diesel,30.1,32.78,91,2025,Jayanagar,74
43E,Tata Marcopolo,CNG,41.4,79.52,256.7,2025,Hebbal,17
43E,Volvo 8400 B7RLE,Diesel,40.4,59.77,156.9,2025,Hebbal,58
210N,Tata Marcopolo,CNG,45.1,67.62,254.1,2025,Jayanagar,46
500D,Volvo 8400 B7RLE,Diesel,35.4,68.61,272.8,2025,Whitefield,36
12G,Volvo 8400 B7RLE,Diesel,40.9,75.27,206.9,2025,BTM Layout,32
348C,Eicher Skyline Pro,CNG,35.7,78.31,254,2025,Marathahalli,62
12G,Eicher Skyline Pro,CNG,39,16.57,62.8,2025,BTM Layout,29
290E,Tata Marcopolo,CNG,47.3,69.99,218.3,2025,Mysuru Road,13
12G,Eicher Skyline Pro,CNG,29.7,51.52,220.9,2025,BTM Layout,32
213K,Tata Marcopolo,CNG,38.5,59.08,240.2,2025,Banerghatta,67
252H,Eicher Skyline Pro,CNG,36.8,30.53,129.2,2025,Bommanahalli,40
K1,Volvo 8400 B7RLE,Diesel,33.9,49.67,161,2025,Koramangala,57
348C,Switch EiV 12,Electric,33.4,0,242.2,2025,Marathahalli,75
600A,Switch EiV 12,Electric,42.8,0,98.2,2025,Banashankari,39
500D,Volvo 9400XL,Diesel,27.5,84.52,241.7,2025,Whitefield,38
43E,Ashok Leyland Viking,Diesel,33.7,28.72,91.2,2025,Hebbal,73
V500C,Volvo 9400XL,Diesel,41.3,65.48,224.7,2025,ITPL,21
60A,Tata Marcopolo,CNG,46,37.09,137.5,2025,Indiranagar,69
215K,Tata Marcopolo,CNG,40.9,86.35,275.4,2025,Kengeri,53
365B,Volvo 9400XL,Diesel,33.1,59.16,208.8,2025,Silk Board,27
201R,Volvo 8400 B7RLE,Diesel,29.4,19.9,75.3,2025,Yelahanka,33
210N,Tata Marcopolo,CNG,45.9,32.17,110,2025,Jayanagar,69
348C,Tata Marcopolo,CNG,42.4,53.44,201.4,2025,Marathahalli,27
500D,Eicher Skyline Pro,CNG,30.3,41.71,127.2,2025,Whitefield,40
210N,Switch EiV 12,Electric,41.3,0,126.9,2025,Jayanagar,45
290E,Switch EiV 12,Electric,46.8,0,266.4,2025,Mysuru Road,16
215K,Eicher Skyline Pro,CNG,44.7,57.16,228.5,2025,Kengeri,25
279F,Tata Marcopolo,CNG,47.7,29.28,117.3,2025,Peenya,58
60A,Volvo 9400XL,Diesel,27.8,57.81,183.3,2025,Indiranagar,56
290E,Ashok Leyland Viking,Diesel,46.6,48.58,161.3,2025,Mysuru Road,66
252H,Ashok Leyland Viking,Diesel,49.4,53.9,143.7,2025,Bommanahalli,76
60A,Eicher Skyline Pro,CNG,26.1,37.23,153,2025,Indiranagar,59
213K,Switch EiV 12,Electric,32,0,262,2025,Banerghatta,41
401A,Volvo 8400 B7RLE,Diesel,32.3,64.35,248.8,2025,RT Nagar,40
215K,Volvo 8400 B7RLE,Diesel,45.1,89.39,225.9,2025,Kengeri,78
401A,Volvo 9400XL,Diesel,43.2,91.91,271.8,2025,RT Nagar,19
401A,Volvo 8400 B7RLE,Diesel,32,63.66,242.5,2025,RT Nagar,69
201R,Ashok Leyland Viking,Diesel,42.6,25.61,84.8,2025,Yelahanka,31
500D,Eicher Skyline Pro,CNG,31,26.9,81.2,2025,Whitefield,20
600A,Tata Marcopolo,CNG,32.5,41.85,163.1,2025,Banashankari,73
356C,Volvo 9400XL,Diesel,32.5,34.69,125.4,2025,Majestic,47
43E,Tata Marcopolo,CNG,47.6,16.5,70.6,2025,Hebbal,15
213K,Ashok Leyland Viking,Diesel,39.8,53.9,206.9,2025,Banerghatta,55
96E,Volvo 8400 B7RLE,Diesel,27,35.25,100.8,2025,Electronic City,67
365B,Ashok Leyland Viking,Diesel,25.9,69.59,234.8,2025,Silk Board,66
77E,Volvo 9400XL,Diesel,46.4,85,279,2025,KR Puram,27
210N,Volvo 9400XL,Diesel,45.8,21.77,74,2025,Jayanagar,30
K1,Switch EiV 12,Electric,27.3,0,85.3,2025,Koramangala,63
201R,Eicher Skyline Pro,CNG,41.7,61.29,260.1,2025,Yelahanka,21
348C,Volvo 8400 B7RLE,Diesel,39.3,77.35,253.4,2025,Marathahalli,27
60A,Volvo 9400XL,Diesel,32.9,49.08,154.7,2025,Indiranagar,28
210N,Eicher Skyline Pro,CNG,40,53.08,230.3,2025,Jayanagar,11
201R,Volvo 9400XL,Diesel,40.2,45.69,157.5,2025,Yelahanka,64
213K,Volvo 8400 B7RLE,Diesel,42.6,66.59,190.2,2025,Banerghatta,31
12G,Eicher Skyline Pro,CNG,27.6,48.28,172.7,2025,BTM Layout,17
500D,Switch EiV 12,Electric,41.3,0,167.3,2025,Whitefield,63
348C,Eicher Skyline Pro,CNG,40,65.39,269.1,2025,Marathahalli,38
279F,Ashok Leyland Viking,Diesel,40.9,65.76,171.4,2025,Peenya,80
252H,Tata Marcopolo,CNG,34,31.28,116,2025,Bommanahalli,39
215K,Ashok Leyland Viking,Diesel,28.5,24.01,70,2025,Kengeri,52
77E,Volvo 8400 B7RLE,Diesel,33.3,84.92,273.7,2025,KR Puram,13
600A,Eicher Skyline Pro,CNG,40.3,30.14,103.1,2025,Banashankari,53
252H,Tata Marcopolo,CNG,37.9,35.07,105.5,2025,Bommanahalli,40
12G,Volvo 8400 B7RLE,Diesel,30.5,24.15,61.7,2025,BTM Layout,54
213K,Ashok Leyland Viking,Diesel,33.5,22.62,83.8,2025,Banerghatta,12
500D,Eicher Skyline Pro,CNG,37.8,54.04,185.9,2025,Whitefield,26
600A,Switch EiV 12,Electric,34.9,0,265,2025,Banashankari,53
600A,Ashok Leyland Viking,Diesel,40.4,29.65,79.2,2025,Banashankari,27
290E,Ashok Leyland Viking,Diesel,37.7,35.66,135.9,2025,Mysuru Road,78
60A,Volvo 9400XL,Diesel,42.6,42.26,168.6,2025,Indiranagar,43
12G,Eicher Skyline Pro,CNG,31.9,24.75,88.9,2025,BTM Layout,40
210N,Ashok Leyland Viking,Diesel,35.3,39.57,152.8,2025,Jayanagar,22
252H,Volvo 8400 B7RLE,Diesel,40.2,73.24,217.1,2025,Bommanahalli,74
365B,Eicher Skyline Pro,CNG,48.9,57,241.2,2025,Silk Board,34
401A,Volvo 9400XL,Diesel,40.9,23.4,60.3,2025,RT Nagar,33
96E,Eicher Skyline Pro,CNG,26.5,29.88,116.7,2025,Electronic City,59
356C,Switch EiV 12,Electric,27.9,0,211,2025,Majestic,36
43E,Volvo 9400XL,Diesel,36.4,47.29,144.4,2025,Hebbal,34
77E,Volvo 8400 B7RLE,Diesel,35.5,23.88,86.6,2025,KR Puram,63
213K,Eicher Skyline Pro,CNG,27,21.4,75.6,2025,Banerghatta,23
K1,Volvo 8400 B7RLE,Diesel,41.7,75.95,267.2,2025,Koramangala,58
356C,Volvo 9400XL,Diesel,39.8,55.5,139.6,2025,Majestic,30
215K,Tata Marcopolo,CNG,47.8,51.01,199.9,2025,Kengeri,28
356C,Switch EiV 12,Electric,43.1,0,252.2,2025,Majestic,54
500D,Tata Marcopolo,CNG,47.6,27.91,86.5,2025,Whitefield,79
365B,Volvo 9400XL,Diesel,28.6,70.5,177.5,2025,Silk Board,71
600A,Volvo 9400XL,Diesel,32.4,47.32,152.8,2025,Banashankari,46
43E,Tata Marcopolo,CNG,26.1,58.72,187,2025,Hebbal,80
365B,Tata Marcopolo,CNG,33.6,44.68,182.9,2025,Silk Board,26
12G,Switch EiV 12,Electric,46.1,0,203.5,2025,BTM Layout,56
12G,Ashok Leyland Viking,Diesel,35.7,60.49,212.3,2025,BTM Layout,74
348C,Switch EiV 12,Electric,32.7,0,120.6,2025,Marathahalli,54
252H,Tata Marcopolo,CNG,36.2,55.65,233.6,2025,Bommanahalli,25
43E,Switch EiV 12,Electric,46.4,0,240.9,2025,Hebbal,30
365B,Tata Marcopolo,CNG,35.8,75.24,261.7,2025,Silk Board,13
210N,Ashok Leyland Viking,Diesel,34.3,55.3,188.1,2025,Jayanagar,56
365B,Volvo 9400XL,Diesel,42.2,70.28,215.2,2025,Silk Board,38
96E,Tata Marcopolo,CNG,35.8,30.09,96.7,2025,Electronic City,46
77E,Switch EiV 12,Electric,33.6,0,255.8,2025,KR Puram,72
96E,Tata Marcopolo,CNG,25.6,23.69,94,2025,Electronic City,29
600A,Switch EiV 12,Electric,33.5,0,200.1,2025,Banashankari,58
V500C,Eicher Skyline Pro,CNG,35.2,21.86,75.8,2025,ITPL,62
356C,Ashok Leyland Viking,Diesel,40.1,68.59,209,2025,Majestic,73
12G,Ashok Leyland Viking,Diesel,49.7,33.92,107.9,2025,BTM Layout,26
215K,Volvo 9400XL,Diesel,28.5,65.48,211.4,2025,Kengeri,55
500D,Tata Marcopolo,CNG,37.6,14.87,66.1,2025,Whitefield,52
201R,Switch EiV 12,Electric,26,0,144.5,2025,Yelahanka,61
77E,Eicher Skyline Pro,CNG,34.7,20.62,66.8,2025,KR Puram,61
215K,Eicher Skyline Pro,CNG,43.9,17.65,65.1,2025,Kengeri,18
V500C,Ashok Leyland Viking,Diesel,47.5,46.22,123.6,2025,ITPL,57
252H,Eicher Skyline Pro,CNG,32.8,62.39,270.3,2025,Bommanahalli,70
401A,Volvo 9400XL,Diesel,45.7,48.44,192.6,2025,RT Nagar,78
356C,Switch EiV 12,Electric,49,0,123.4,2025,Majestic,61
96E,Eicher Skyline Pro,CNG,34.6,41.5,145.7,2025,Electronic City,41
K1,Volvo 8400 B7RLE,Diesel,28.9,53.77,179.1,2025,Koramangala,79
V500C,Volvo 8400 B7RLE,Diesel,44,47.78,179.2,2025,ITPL,41
279F,Switch EiV 12,Electric,32.6,0,156.9,2025,Peenya,23
348C,Volvo 8400 B7RLE,Diesel,29.9,45.27,117.1,2025,Marathahalli,59
K1,Eicher Skyline Pro,CNG,31.8,30.41,135.3,2025,Koramangala,73
252H,Eicher Skyline Pro,CNG,33.7,47.2,182.7,2025,Bommanahalli,39
348C,Ashok Leyland Viking,Diesel,36.1,26.34,90.6,2025,Marathahalli,77
279F,Eicher Skyline Pro,CNG,35,37.32,167.6,2025,Peenya,64
60A,Tata Marcopolo,CNG,40.6,65.83,253.7,2025,Indiranagar,10
96E,Ashok Leyland Viking,Diesel,30,63.54,196.5,2025,Electronic City,59
K1,Volvo 9400XL,Diesel,36.9,20.73,68.7,2025,Koramangala,62
V500C,Ashok Leyland Viking,Diesel,49.1,28.49,110.1,2025,ITPL,16
60A,Switch EiV 12,Electric,38.3,0,218.9,2025,Indiranagar,25
290E,Tata Marcopolo,CNG,28.3,60.06,251.4,2025,Mysuru Road,17
290E,Volvo 9400XL,Diesel,44.9,30.03,87.5,2025,Mysuru Road,38
60A,Volvo 8400 B7RLE,Diesel,48.6,92.91,253,2025,Indiranagar,34
43E,Ashok Leyland Viking,Diesel,49.5,50.17,161.8,2025,Hebbal,24
500D,Tata Marcopolo,CNG,39.7,70.17,250,2025,Whitefield,61
96E,Tata Marcopolo,CNG,30.1,29.67,122.9,2025,Electronic City,13
210N,Switch EiV 12,Electric,37.8,0,145,2025,Jayanagar,76
60A,Tata Marcopolo,CNG,39.4,39.15,168.3,2025,Indiranagar,29
213K,Switch EiV 12,Electric,35.2,0,275.8,2025,Banerghatta,60
210N,Volvo 8400 B7RLE,Diesel,44.1,72.05,242.1,2025,Jayanagar,32
365B,Volvo 8400 B7RLE,Diesel,30,101.47,270.3,2025,Silk Board,72
12G,Switch EiV 12,Electric,36,0,247.9,2025,BTM Layout,55
V500C,Switch EiV 12,Electric,47.3,0,246.3,2025,ITPL,63
365B,Eicher Skyline Pro,CNG,47.1,20.07,73.7,2025,Silk Board,41
K1,Switch EiV 12,Electric,40.7,0,172.3,2025,Koramangala,48
201R,Eicher Skyline Pro,CNG,25.5,71,263.8,2025,Yelahanka,11
252H,Tata Marcopolo,CNG,43.1,52.32,211.3,2025,Bommanahalli,11
279F,Eicher Skyline Pro,CNG,32.5,25.32,89.6,2025,Peenya,17
V500C,Eicher Skyline Pro,CNG,32,71.47,237,2025,ITPL,42
213K,Eicher Skyline Pro,CNG,25.2,60.18,270.6,2025,Banerghatta,69
201R,Ashok Leyland Viking,Diesel,45.7,71.01,208.9,2025,Yelahanka,24
96E,Volvo 8400 B7RLE,Diesel,43.4,16.82,63.1,2025,Electronic City,21
279F,Volvo 9400XL,Diesel,28.6,61.4,222.9,2025,Peenya,49
213K,Ashok Leyland Viking,Diesel,41.5,62.81,229.2,2025,Banerghatta,62
201R,Switch EiV 12,Electric,40.3,0,246.1,2025,Yelahanka,79
290E,Tata Marcopolo,CNG,37.2,25.51,79.5,2025,Mysuru Road,56
V500C,Volvo 8400 B7RLE,Diesel,35.2,57.6,149.7,2025,ITPL,51
600A,Tata Marcopolo,CNG,27.8,32.45,136.7,2025,Banashankari,59
60A,Volvo 9400XL,Diesel,26.8,68.27,268.5,2025,Indiranagar,32
60A,Tata Marcopolo,CNG,32.5,56.17,175,2025,Indiranagar,30
500D,Volvo 9400XL,Diesel,44.9,47.77,170.1,2025,Whitefield,55
43E,Tata Marcopolo,CNG,26.8,19.7,71,2025,Hebbal,74
12G,Eicher Skyline Pro,CNG,30.8,36.53,125,2025,BTM Layout,42
201R,Volvo 9400XL,Diesel,48.2,76.2,236.8,2025,Yelahanka,14
215K,Ashok Leyland Viking,Diesel,33,80.66,259.3,2025,Kengeri,14
V500C,Eicher Skyline Pro,CNG,41,24.55,109.7,2025,ITPL,27
213K,Switch EiV 12,Electric,33.9,0,192.8,2025,Banerghatta,14
K1,Volvo 9400XL,Diesel,28.1,52.83,202.5,2025,Koramangala,30
348C,Tata Marcopolo,CNG,36.2,44.01,170.7,2025,Marathahalli,11
60A,Volvo 8400 B7RLE,Diesel,26.8,56.05,197.5,2025,Indiranagar,71
V500C,Ashok Leyland Viking,Diesel,42.8,30.32,113.2,2025,ITPL,17
201R,Volvo 8400 B7RLE,Diesel,38.8,72.22,236.9,2025,Yelahanka,61
12G,Tata Marcopolo,CNG,44.4,26.83,91.4,2025,BTM Layout,58
210N,Volvo 8400 B7RLE,Diesel,32.1,62.69,169.3,2025,Jayanagar,79
252H,Switch EiV 12,Electric,26.4,0,198.5,2025,Bommanahalli,59
279F,Ashok Leyland Viking,Diesel,32.9,89.87,224.7,2025,Peenya,64
77E,Volvo 8400 B7RLE,Diesel,26.2,59.16,172.4,2025,KR Puram,71
365B,Ashok Leyland Viking,Diesel,26.6,57.33,215.5,2025,Silk Board,73
401A,Volvo 8400 B7RLE,Diesel,31.2,16.84,60.8,2025,RT Nagar,44
252H,Volvo 8400 B7RLE,Diesel,27.5,42.63,129.6,2025,Bommanahalli,26
K1,Tata Marcopolo,CNG,46.1,34.44,119.5,2025,Koramangala,18
279F,Volvo 8400 B7RLE,Diesel,47.3,74.14,233.6,2025,Peenya,11
96E,Switch EiV 12,Electric,34.4,0,260.2,2025,Electronic City,75
279F,Eicher Skyline Pro,CNG,27.2,67.51,272.1,2025,Peenya,66
600A,Tata Marcopolo,CNG,34.7,42.69,168.6,2025,Banashankari,27
96E,Eicher Skyline Pro,CNG,25.1,66.08,214.8,2025,Electronic City,59
215K,Switch EiV 12,Electric,41.7,0,216.9,2025,Kengeri,18
600A,Ashok Leyland Viking,Diesel,44,69.41,272.5,2025,Banashankari,64
215K,Eicher Skyline Pro,CNG,32.5,67.95,214.6,2025,Kengeri,14
201R,Switch EiV 12,Electric,41.1,0,232,2025,Yelahanka,43
77E,Volvo 8400 B7RLE,Diesel,34,17.94,70.6,2025,KR Puram,78
96E,Volvo 9400XL,Diesel,35.8,53.38,170.1,2025,Electronic City,68
V500C,Tata Marcopolo,CNG,34.2,29.82,106,2025,ITPL,37
290E,Tata Marcopolo,CNG,44.2,19.73,71.5,2025,Mysuru Road,30
12G,Volvo 9400XL,Diesel,46.3,85.49,240.9,2025,BTM Layout,17
60A,Ashok Leyland Viking,Diesel,36.8,53.56,204.6,2025,Indiranagar,47
356C,Eicher Skyline Pro,CNG,41.9,27.48,107.5,2025,Majestic,41
12G,Volvo 9400XL,Diesel,28.4,35.95,125,2025,BTM Layout,29
600A,Volvo 9400XL,Diesel,32.9,64.17,222.5,2025,Banashankari,43
290E,Ashok Leyland Viking,Diesel,42.8,52.49,146.9,2025,Mysuru Road,20
290E,Volvo 9400XL,Diesel,32.2,83.82,255.8,2025,Mysuru Road,40
77E,Tata Marcopolo,CNG,27.8,19.29,72.8,2025,KR Puram,30
V500C,Eicher Skyline Pro,CNG,45.9,39.34,118.9,2025,ITPL,13
500D,Volvo 8400 B7RLE,Diesel,33.4,56.7,143.4,2025,Whitefield,21
77E,Switch EiV 12,Electric,35.3,0,87.4,2025,KR Puram,18
213K,Ashok Leyland Viking,Diesel,35.1,51.09,168.4,2025,Banerghatta,49
348C,Tata Marcopolo,CNG,25.2,51.65,190.9,2025,Marathahalli,29
V500C,Tata Marcopolo,CNG,38,67.72,272,2025,ITPL,60
96E,Switch EiV 12,Electric,44.3,0,128.6,2025,Electronic City,56
348C,Volvo 9400XL,Diesel,38,58.02,230,2025,Marathahalli,68
290E,Volvo 8400 B7RLE,Diesel,25.4,23.97,87.6,2025,Mysuru Road,59
60A,Volvo 8400 B7RLE,Diesel,28,81.98,237.6,2025,Indiranagar,55
356C,Volvo 9400XL,Diesel,32.3,17.46,63.9,2025,Majestic,33
96E,Switch EiV 12,Electric,33.7,0,174,2025,Electronic City,52
12G,Switch EiV 12,Electric,25,0,141.8,2025,BTM Layout,49
210N,Volvo 8400 B7RLE,Diesel,41.2,31.81,126,2025,Jayanagar,26
252H,Ashok Leyland Viking,Diesel,25.6,64.04,246.4,2025,Bommanahalli,35
K1,Ashok Leyland Viking,Diesel,44.5,72.89,232.3,2025,Koramangala,24
290E,Volvo 9400XL,Diesel,32.6,56.8,147.6,2025,Mysuru Road,61
252H,Volvo 9400XL,Diesel,31.2,34.16,110.2,2025,Bommanahalli,39
V500C,Switch EiV 12,Electric,36.8,0,224.4,2025,ITPL,42
12G,Tata Marcopolo,CNG,48.9,16.47,72.7,2025,BTM Layout,67
12G,Switch EiV 12,Electric,49.8,0,232.7,2025,BTM Layout,65
290E,Switch EiV 12,Electric,49.1,0,179.8,2025,Mysuru Road,65
96E,Eicher Skyline Pro,CNG,34.1,22.95,76.6,2025,Electronic City,56
V500C,Tata Marcopolo,CNG,28.5,26.21,103.1,2025,ITPL,28
K1,Volvo 9400XL,Diesel,39.5,85.24,231.9,2025,Koramangala,54
500D,Volvo 8400 B7RLE,Diesel,40.9,77.35,238.4,2025,Whitefield,57
201R,Volvo 9400XL,Diesel,31.5,69.02,208.3,2025,Yelahanka,60
348C,Switch EiV 12,Electric,32.3,0,261.8,2025,Marathahalli,56
V500C,Ashok Leyland Viking,Diesel,47.3,45.88,163.4,2025,ITPL,74
213K,Tata Marcopolo,CNG,28.7,24.47,73.7,2025,Banerghatta,70
600A,Volvo 8400 B7RLE,Diesel,36.2,73.59,198.8,2025,Banashankari,69
96E,Switch EiV 12,Electric,38.2,0,270.7,2025,Electronic City,33
12G,Ashok Leyland Viking,Diesel,37.5,32.16,113.2,2025,BTM Layout,45
356C,Ashok Leyland Viking,Diesel,31.9,20.7,76.8,2025,Majestic,34
213K,Eicher Skyline Pro,CNG,38.7,44.15,161.1,2025,Banerghatta,40
201R,Switch EiV 12,Electric,29.1,0,69.7,2025,Yelahanka,73
213K,Switch EiV 12,Electric,30.2,0,158,2025,Banerghatta,26
12G,Eicher Skyline Pro,CNG,46.1,15.88,71,2025,BTM Layout,24
348C,Volvo 8400 B7RLE,Diesel,46.3,81.91,234.5,2025,Marathahalli,24
210N,Eicher Skyline Pro,CNG,29.9,61.28,271.3,2025,Jayanagar,66
401A,Volvo 9400XL,Diesel,42.8,70.22,278.9,2025,RT Nagar,19
215K,Volvo 8400 B7RLE,Diesel,31.5,58.72,185.3,2025,Kengeri,69
252H,Volvo 8400 B7RLE,Diesel,26.8,55.51,190.6,2025,Bommanahalli,15
213K,Tata Marcopolo,CNG,29.8,65.86,275.9,2025,Banerghatta,38
401A,Ashok Leyland Viking,Diesel,48.6,65.91,259.7,2025,RT Nagar,14
V500C,Tata Marcopolo,CNG,49.4,42.24,174.7,2025,ITPL,69
348C,Eicher Skyline Pro,CNG,36.9,23.45,95.6,2025,Marathahalli,10
96E,Tata Marcopolo,CNG,41,28.6,114.4,2025,Electronic City,60
500D,Volvo 9400XL,Diesel,39.1,26.19,95.8,2025,Whitefield,75
252H,Volvo 8400 B7RLE,Diesel,25.3,67.55,169.8,2025,Bommanahalli,51
210N,Eicher Skyline Pro,CNG,48.2,41.43,138.5,2025,Jayanagar,33
252H,Switch EiV 12,Electric,30.6,0,199.6,2025,Bommanahalli,77
401A,Eicher Skyline Pro,CNG,46.2,31.95,130.8,2025,RT Nagar,50
356C,Volvo 8400 B7RLE,Diesel,35.7,31.84,81,2025,Majestic,27
V500C,Volvo 8400 B7RLE,Diesel,41.6,61.92,165.8,2025,ITPL,43
252H,Volvo 8400 B7RLE,Diesel,34.9,31.86,123.6,2025,Bommanahalli,17
96E,Switch EiV 12,Electric,26.1,0,278.5,2025,Electronic City,68
201R,Volvo 8400 B7RLE,Diesel,34.3,73.62,227.4,2025,Yelahanka,14
K1,Tata Marcopolo,CNG,48,51.03,225.9,2025,Koramangala,21
96E,Switch EiV 12,Electric,33.9,0,187,2025,Electronic City,76
77E,Switch EiV 12,Electric,31.3,0,233.3,2025,KR Puram,73
279F,Ashok Leyland Viking,Diesel,34,52.83,184.1,2025,Peenya,22
600A,Volvo 8400 B7RLE,Diesel,29.8,29.12,112.9,2025,Banashankari,79
279F,Tata Marcopolo,CNG,37.6,24.74,82.4,2025,Peenya,62
V500C,Ashok Leyland Viking,Diesel,25.9,24.83,68.6,2025,ITPL,53
12G,Eicher Skyline Pro,CNG,32.1,56.65,250.7,2025,BTM Layout,76
60A,Ashok Leyland Viking,Diesel,35.9,55.78,188,2025,Indiranagar,70
348C,Volvo 9400XL,Diesel,44,59.41,173.7,2025,Marathahalli,10
77E,Volvo 9400XL,Diesel,47.4,35.13,137.7,2025,KR Puram,73
365B,Eicher Skyline Pro,CNG,35.5,61.48,256.4,2025,Silk Board,32
210N,Tata Marcopolo,CNG,37.4,49.83,164.8,2025,Jayanagar,39
365B,Tata Marcopolo,CNG,29.7,54.33,190,2025,Silk Board,70
500D,Switch EiV 12,Electric,30.2,0,248.1,2025,Whitefield,34
213K,Volvo 9400XL,Diesel,26.7,19.35,75.7,2025,Banerghatta,71
213K,Ashok Leyland Viking,Diesel,35.2,46.15,171.5,2025,Banerghatta,36
600A,Ashok Leyland Viking,Diesel,33.3,68.89,243.9,2025,Banashankari,59
356C,Switch EiV 12,Electric,41.4,0,229.6,2025,Majestic,12
290E,Switch EiV 12,Electric,46.9,0,93.4,2025,Mysuru Road,61
348C,Tata Marcopolo,CNG,32.1,49.1,178.6,2025,Marathahalli,53
365B,Ashok Leyland Viking,Diesel,28.2,18.72,68.3,2025,Silk Board,65
290E,Tata Marcopolo,CNG,35.4,15.86,60,2025,Mysuru Road,36
60A,Volvo 8400 B7RLE,Diesel,49.3,25.36,72,2025,Indiranagar,48
12G,Switch EiV 12,Electric,32.6,0,126.9,2025,BTM Layout,21
348C,Eicher Skyline Pro,CNG,25,27.04,110.7,2025,Marathahalli,34
12G,Ashok Leyland Viking,Diesel,30.6,78.04,272.7,2025,BTM Layout,79
210N,Switch EiV 12,Electric,46.2,0,223.2,2025,Jayanagar,44
96E,Switch EiV 12,Electric,32.6,0,153,2025,Electronic City,30
60A,Tata Marcopolo,CNG,42.8,31.15,131.6,2025,Indiranagar,63
43E,Ashok Leyland Viking,Diesel,34.3,25.95,100,2025,Hebbal,57
96E,Switch EiV 12,Electric,49.6,0,237.5,2025,Electronic City,11
500D,Switch EiV 12,Electric,34.8,0,225.9,2025,Whitefield,31
201R,Volvo 9400XL,Diesel,41.5,72.55,189.9,2025,Yelahanka,69
43E,Switch EiV 12,Electric,42.7,0,179.8,2025,Hebbal,27
201R,Switch EiV 12,Electric,44.5,0,96.8,2025,Yelahanka,45
215K,Eicher Skyline Pro,CNG,48.8,61.5,188.4,2025,Kengeri,67
12G,Eicher Skyline Pro,CNG,40,34.37,118.4,2025,BTM Layout,66
365B,Tata Marcopolo,CNG,44,68.87,217.2,2025,Silk Board,21
401A,Tata Marcopolo,CNG,37.7,48.68,173,2025,RT Nagar,39
43E,Switch EiV 12,Electric,45.7,0,265.2,2025,Hebbal,70
201R,Tata Marcopolo,CNG,42.9,57.79,213.4,2025,Yelahanka,66
365B,Switch EiV 12,Electric,42.4,0,262.6,2025,Silk Board,38
401A,Ashok Leyland Viking,Diesel,46.5,75.71,220.4,2025,RT Nagar,55
500D,Eicher Skyline Pro,CNG,29.9,67.54,237.6,2025,Whitefield,52
365B,Tata Marcopolo,CNG,49.5,31.23,133.8,2025,Silk Board,10
96E,Tata Marcopolo,CNG,43.2,55.76,214.3,2025,Electronic City,59
96E,Ashok Leyland Viking,Diesel,37.4,87.4,268.4,2025,Electronic City,49
V500C,Switch EiV 12,Electric,44.7,0,95.9,2025,ITPL,57
12G,Volvo 8400 B7RLE,Diesel,34.6,87.32,221.6,2025,BTM Layout,51
K1,Volvo 9400XL,Diesel,25.3,68.79,244.6,2025,Koramangala,62
201R,Switch EiV 12,Electric,35.9,0,273.5,2025,Yelahanka,26
96E,Tata Marcopolo,CNG,42.6,26.43,111.7,2025,Electronic City,63
60A,Volvo 9400XL,Diesel,49.2,69.91,180.2,2025,Indiranagar,70
252H,Volvo 8400 B7RLE,Diesel,43,45.1,171.1,2025,Bommanahalli,68
77E,Ashok Leyland Viking,Diesel,45,29.86,99.4,2025,KR Puram,53
252H,Tata Marcopolo,CNG,28.3,34.25,147.2,2025,Bommanahalli,49
348C,Volvo 9400XL,Diesel,32.7,32.23,94.6,2025,Marathahalli,43
201R,Switch EiV 12,Electric,41.8,0,251.7,2025,Yelahanka,21
210N,Eicher Skyline Pro,CNG,31.3,59.76,235.3,2025,Jayanagar,74
77E,Tata Marcopolo,CNG,45.8,42.62,185.8,2025,KR Puram,58
213K,Switch EiV 12,Electric,41.9,0,62.7,2025,Banerghatta,63
290E,Eicher Skyline Pro,CNG,38.7,20.81,71.4,2025,Mysuru Road,18
600A,Tata Marcopolo,CNG,33.8,32.43,127.5,2025,Banashankari,49
60A,Volvo 8400 B7RLE,Diesel,43.3,42.97,133.5,2025,Indiranagar,43
201R,Tata Marcopolo,CNG,44.6,21.87,75,2025,Yelahanka,24
290E,Eicher Skyline Pro,CNG,42.1,44.36,155.2,2025,Mysuru Road,72
500D,Switch EiV 12,Electric,34.3,0,72.4,2025,Whitefield,53
V500C,Switch EiV 12,Electric,41,0,267.8,2025,ITPL,70
213K,Switch EiV 12,Electric,40.8,0,207.7,2025,Banerghatta,22
365B,Volvo 8400 B7RLE,Diesel,35.5,28.62,103.8,2025,Silk Board,63
77E,Volvo 8400 B7RLE,Diesel,31.9,28.24,82.3,2025,KR Puram,25
290E,Volvo 8400 B7RLE,Diesel,49.5,59.59,155,2025,Mysuru Road,13
77E,Tata Marcopolo,CNG,29.5,39.07,174.1,2025,KR Puram,50
401A,Switch EiV 12,Electric,35.1,0,84.9,2025,RT Nagar,28
K1,Ashok Leyland Viking,Diesel,42.6,70.93,222.3,2025,Koramangala,75
356C,Tata Marcopolo,CNG,34.9,40.1,136.2,2025,Majestic,18
213K,Volvo 9400XL,Diesel,37.1,36.24,105.2,2025,Banerghatta,51
252H,Switch EiV 12,Electric,41.4,0,123.2,2025,Bommanahalli,45
500D,Ashok Leyland Viking,Diesel,40.1,104.42,273.1,2025,Whitefield,22
210N,Tata Marcopolo,CNG,48.8,22.23,76.6,2025,Jayanagar,21
600A,Ashok Leyland Viking,Diesel,40,23.37,80.3,2025,Banashankari,13
600A,Volvo 8400 B7RLE,Diesel,31.7,80.35,202.7,2025,Banashankari,22
201R,Volvo 8400 B7RLE,Diesel,31.3,77.49,272.3,2025,Yelahanka,23
77E,Volvo 8400 B7RLE,Diesel,40.3,72.57,215.5,2025,KR Puram,66
43E,Tata Marcopolo,CNG,39.9,27.82,119.6,2025,Hebbal,27
215K,Switch EiV 12,Electric,27.6,0,268.3,2025,Kengeri,24
348C,Switch EiV 12,Electric,48.6,0,94.1,2025,Marathahalli,37
290E,Volvo 9400XL,Diesel,47.1,79.17,222,2025,Mysuru Road,62
77E,Switch EiV 12,Electric,42.5,0,189.3,2025,KR Puram,67
365B,Switch EiV 12,Electric,35.2,0,209.6,2025,Silk Board,54
213K,Volvo 8400 B7RLE,Diesel,39.6,22.02,63.4,2025,Banerghatta,76
215K,Ashok Leyland Viking,Diesel,48.9,51.35,159.1,2025,Kengeri,74
252H,Volvo 9400XL,Diesel,29.7,69.77,244.8,2025,Bommanahalli,49
77E,Eicher Skyline Pro,CNG,27.5,91.25,274.9,2025,KR Puram,43
215K,Ashok Leyland Viking,Diesel,27.3,42.9,155.4,2025,Kengeri,20
96E,Volvo 9400XL,Diesel,35.9,90.44,261.2,2025,Electronic City,66
252H,Eicher Skyline Pro,CNG,43.1,51.63,155.6,2025,Bommanahalli,60
290E,Eicher Skyline Pro,CNG,40.3,47.95,189.7,2025,Mysuru Road,78
210N,Ashok Leyland Viking,Diesel,42.9,42.93,113.2,2025,Jayanagar,49
77E,Volvo 9400XL,Diesel,46.9,28.77,103.8,2025,KR Puram,14
210N,Volvo 9400XL,Diesel,31.2,22.33,63,2025,Jayanagar,41
252H,Tata Marcopolo,CNG,31.2,38.66,119.6,2025,Bommanahalli,26
43E,Volvo 9400XL,Diesel,43.3,47.21,161,2025,Hebbal,77
60A,Eicher Skyline Pro,CNG,27,46.98,208,2025,Indiranagar,35
210N,Ashok Leyland Viking,Diesel,45.1,65.47,244.5,2025,Jayanagar,50
210N,Volvo 9400XL,Diesel,38.6,94.7,265.2,2025,Jayanagar,57
77E,Volvo 8400 B7RLE,Diesel,43.6,54.26,195.7,2025,KR Puram,19
290E,Switch EiV 12,Electric,26.7,0,174.7,2025,Mysuru Road,37
356C,Tata Marcopolo,CNG,48,36.53,141.6,2025,Majestic,38
201R,Tata Marcopolo,CNG,31.7,50.22,178.4,2025,Yelahanka,76
60A,Tata Marcopolo,CNG,41.7,61.47,257,2025,Indiranagar,25
279F,Ashok Leyland Viking,Diesel,40.8,55.7,160,2025,Peenya,42
500D,Volvo 8400 B7RLE,Diesel,35.7,68.02,215.2,2025,Whitefield,51
365B,Ashok Leyland Viking,Diesel,48.4,78.16,202.9,2025,Silk Board,32
600A,Eicher Skyline Pro,CNG,32.3,65.85,241.4,2025,Banashankari,24
60A,Switch EiV 12,Electric,32.5,0,64.8,2025,Indiranagar,25
213K,Switch EiV 12,Electric,26.4,0,170.6,2025,Banerghatta,27
600A,Volvo 9400XL,Diesel,48.2,63.2,168,2025,Banashankari,75
215K,Volvo 9400XL,Diesel,35.2,65.52,228.2,2025,Kengeri,22
210N,Tata Marcopolo,CNG,29,36.2,117.3,2025,Jayanagar,50
43E,Volvo 8400 B7RLE,Diesel,29.6,21.59,75.5,2025,Hebbal,41
215K,Volvo 9400XL,Diesel,45.4,72,254,2025,Kengeri,46
96E,Eicher Skyline Pro,CNG,32.2,24.33,84.3,2025,Electronic City,29
600A,Volvo 9400XL,Diesel,37.9,34.81,115,2025,Banashankari,15
K1,Ashok Leyland Viking,Diesel,33.8,37,138.5,2025,Koramangala,11
356C,Tata Marcopolo,CNG,32.7,53.45,233.6,2025,Majestic,44
K1,Volvo 9400XL,Diesel,33.2,88.93,269.6,2025,Koramangala,28
V500C,Ashok Leyland Viking,Diesel,48.5,44.88,171.2,2025,ITPL,49
60A,Switch EiV 12,Electric,34.8,0,82.6,2025,Indiranagar,49
600A,Eicher Skyline Pro,CNG,37.6,55.21,181.7,2025,Banashankari,49
V500C,Tata Marcopolo,CNG,41.9,58.47,248.9,2025,ITPL,62
348C,Switch EiV 12,Electric,43.7,0,248.9,2025,Marathahalli,52
290E,Volvo 8400 B7RLE,Diesel,40.3,57.14,156.6,2025,Mysuru Road,40
600A,Volvo 8400 B7RLE,Diesel,29.5,58.8,208.2,2025,Banashankari,19
252H,Eicher Skyline Pro,CNG,27.9,34.02,110.5,2025,Bommanahalli,42
348C,Tata Marcopolo,CNG,43,14.74,60.4,2025,Marathahalli,56
12G,Switch EiV 12,Electric,29,0,173.3,2025,BTM Layout,37
201R,Volvo 8400 B7RLE,Diesel,25.5,28.52,78.4,2025,Yelahanka,72
600A,Ashok Leyland Viking,Diesel,31,84.45,256,2025,Banashankari,46
600A,Volvo 9400XL,Diesel,30.6,25.37,83.2,2025,Banashankari,79
V500C,Volvo 8400 B7RLE,Diesel,31.1,74.89,193.7,2025,ITPL,50
12G,Tata Marcopolo,CNG,30.9,43.85,146,2025,BTM Layout,51
77E,Eicher Skyline Pro,CNG,40.4,70.71,271.2,2025,KR Puram,31
210N,Switch EiV 12,Electric,35.7,0,151.5,2025,Jayanagar,11
600A,Volvo 8400 B7RLE,Diesel,42.4,50.38,179,2025,Banashankari,30
V500C,Volvo 9400XL,Diesel,37.5,31.37,97.8,2025,ITPL,55
43E,Switch EiV 12,Electric,40.8,0,251.5,2025,Hebbal,44
356C,Switch EiV 12,Electric,27.9,0,177.2,2025,Majestic,19
365B,Eicher Skyline Pro,CNG,27.9,55.11,193.2,2025,Silk Board,40
356C,Volvo 9400XL,Diesel,42.3,32.53,91.4,2025,Majestic,68
12G,Switch EiV 12,Electric,47.4,0,146.2,2025,BTM Layout,45
279F,Volvo 9400XL,Diesel,37.7,33.53,104.9,2025,Peenya,76
K1,Eicher Skyline Pro,CNG,44.8,20.62,64,2025,Koramangala,46
201R,Tata Marcopolo,CNG,39,41.67,164.3,2025,Yelahanka,46
252H,Switch EiV 12,Electric,31.3,0,211.5,2025,Bommanahalli,77
213K,Tata Marcopolo,CNG,43.1,16.35,62.2,2025,Banerghatta,68
77E,Switch EiV 12,Electric,45.5,0,243.9,2025,KR Puram,71
96E,Switch EiV 12,Electric,37.1,0,245.5,2025,Electronic City,48
356C,Volvo 9400XL,Diesel,44.8,41.99,133.4,2025,Majestic,22
60A,Ashok Leyland Viking,Diesel,46.4,26.26,100.4,2025,Indiranagar,67
401A,Volvo 8400 B7RLE,Diesel,26.9,52.76,162.6,2025,RT Nagar,72
210N,Volvo 8400 B7RLE,Diesel,47.5,84.41,236.8,2025,Jayanagar,62
356C,Ashok Leyland Viking,Diesel,46.9,24.22,74.7,2025,Majestic,52
201R,Switch EiV 12,Electric,49.2,0,179.2,2025,Yelahanka,69
96E,Tata Marcopolo,CNG,41.2,23.98,74.6,2025,Electronic City,27
60A,Ashok Leyland Viking,Diesel,45.1,45.27,142.6,2025,Indiranagar,23
348C,Volvo 9400XL,Diesel,39,93.7,279.4,2025,Marathahalli,73
401A,Volvo 9400XL,Diesel,33.8,35.44,108.4,2025,RT Nagar,60
348C,Volvo 8400 B7RLE,Diesel,34.2,23.5,75.1,2025,Marathahalli,62
365B,Volvo 9400XL,Diesel,41.4,61.46,219,2025,Silk Board,80
96E,Ashok Leyland Viking,Diesel,30.4,17.69,61.8,2025,Electronic City,59
365B,Eicher Skyline Pro,CNG,25.1,39.58,166.5,2025,Silk Board,54
600A,Eicher Skyline Pro,CNG,38.7,74.2,230,2025,Banashankari,58
500D,Eicher Skyline Pro,CNG,39.6,54.78,228.6,2025,Whitefield,59
210N,Volvo 8400 B7RLE,Diesel,45.1,68.78,225.4,2025,Jayanagar,68
201R,Volvo 8400 B7RLE,Diesel,41.8,26.5,90.9,2025,Yelahanka,53
348C,Ashok Leyland Viking,Diesel,29.2,79.97,223.3,2025,Marathahalli,54
77E,Switch EiV 12,Electric,43.7,0,255.9,2025,KR Puram,79
213K,Eicher Skyline Pro,CNG,44,66.69,259.8,2025,Banerghatta,39
500D,Switch EiV 12,Electric,47.2,0,203.9,2025,Whitefield,80
201R,Eicher Skyline Pro,CNG,40.8,57.9,187.3,2025,Yelahanka,16
600A,Eicher Skyline Pro,CNG,42.9,48.23,164.3,2025,Banashankari,74
365B,Ashok Leyland Viking,Diesel,32.8,36.51,104.5,2025,Silk Board,11
77E,Ashok Leyland Viking,Diesel,35.6,27.79,107.3,2025,KR Puram,45
12G,Switch EiV 12,Electric,29.7,0,171.6,2025,BTM Layout,14
43E,Eicher Skyline Pro,CNG,42.4,21.52,76.9,2025,Hebbal,33
356C,Volvo 9400XL,Diesel,41.5,65.18,240.8,2025,Majestic,77
43E,Switch EiV 12,Electric,42.3,0,119.8,2025,Hebbal,10
215K,Volvo 8400 B7RLE,Diesel,48.5,34.19,118.1,2025,Kengeri,24
201R,Ashok Leyland Viking,Diesel,31.7,47.16,131.4,2025,Yelahanka,25
K1,Ashok Leyland Viking,Diesel,30.5,62.72,212.8,2025,Koramangala,34
600A,Ashok Leyland Viking,Diesel,41.5,31.75,118.2,2025,Banashankari,61
356C,Volvo 9400XL,Diesel,44,83.12,231.2,2025,Majestic,41
365B,Volvo 9400XL,Diesel,42.5,26.01,79.4,2025,Silk Board,63
K1,Eicher Skyline Pro,CNG,25.8,45.76,155.1,2025,Koramangala,14
252H,Volvo 8400 B7RLE,Diesel,47,23.52,67.4,2025,Bommanahalli,12
12G,Eicher Skyline Pro,CNG,26,45.65,182.6,2025,BTM Layout,73
Route_No,Bus_Model,Fuel_Type,Avg_Speed_kmph,Fuel_Consumed_Liters,Distance_Covered_km,Year,Destination,No_of_Buses_in_Route
356C,Tata Marcopolo,CNG,48.8,34.75,142.4,2025,Majestic,40
V500C,Volvo 8400 B7RLE,Diesel,28.9,70.12,191.7,2025,ITPL,58
77E,Volvo 8400 B7RLE,Diesel,46.7,21.4,72.8,2025,KR Puram,54
279F,Volvo 9400XL,Diesel,25.5,54.57,215.8,2025,Peenya,30
60A,Volvo 9400XL,Diesel,30.3,87.68,243.1,2025,Indiranagar,44
348C,Volvo 8400 B7RLE,Diesel,32.6,30.51,100.3,2025,Marathahalli,62
252H,Tata Marcopolo,CNG,32.3,39.56,155,2025,Bommanahalli,43
77E,Eicher Skyline Pro,CNG,32.3,25.55,90.7,2025,KR Puram,72
401A,Switch EiV 12,Electric,44.6,0,160.3,2025,RT Nagar,21
60A,Ashok Leyland Viking,Diesel,37.9,30.66,103.9,2025,Indiranagar,65
213K,Eicher Skyline Pro,CNG,40.2,21.56,70.2,2025,Banerghatta,28
213K,Tata Marcopolo,CNG,48.7,16.7,74.3,2025,Banerghatta,10
K1,Eicher Skyline Pro,CNG,32.6,75.58,237.8,2025,Koramangala,54
600A,Eicher Skyline Pro,CNG,36,66.13,210.5,2025,Banashankari,34
215K,Volvo 9400XL,Diesel,25.9,43.71,168.9,2025,Kengeri,21
348C,Volvo 8400 B7RLE,Diesel,41.6,39.39,116.9,2025,Marathahalli,59
60A,Eicher Skyline Pro,CNG,38.7,53.21,174.4,2025,Indiranagar,68
213K,Eicher Skyline Pro,CNG,44.4,61.98,273.3,2025,Banerghatta,20
K1,Volvo 9400XL,Diesel,39.9,66.16,256.9,2025,Koramangala,19
12G,Volvo 8400 B7RLE,Diesel,29.9,30.96,79.5,2025,BTM Layout,37
K1,Ashok Leyland Viking,Diesel,34.7,45.27,131.6,2025,Koramangala,67
K1,Switch EiV 12,Electric,33.9,0,242.3,2025,Koramangala,72
201R,Volvo 9400XL,Diesel,38.6,44.92,121.8,2025,Yelahanka,20
600A,Tata Marcopolo,CNG,26.9,52.79,236.5,2025,Banashankari,41
60A,Switch EiV 12,Electric,30,0,229.9,2025,Indiranagar,72
60A,Volvo 9400XL,Diesel,45.4,17.19,61.2,2025,Indiranagar,24
201R,Ashok Leyland Viking,Diesel,44.3,84.41,220.4,2025,Yelahanka,78
210N,Eicher Skyline Pro,CNG,27.9,32.34,138.9,2025,Jayanagar,66
V500C,Eicher Skyline Pro,CNG,33.3,63.68,197.1,2025,ITPL,22
365B,Switch EiV 12,Electric,33.1,0,128.4,2025,Silk Board,34
96E,Eicher Skyline Pro,CNG,40.9,50.91,220.5,2025,Electronic City,53
600A,Switch EiV 12,Electric,28,0,163.9,2025,Banashankari,49
210N,Tata Marcopolo,CNG,44,56.46,216.9,2025,Jayanagar,26
77E,Tata Marcopolo,CNG,37.3,60.67,229.6,2025,KR Puram,37
348C,Tata Marcopolo,CNG,25.6,48.74,154.1,2025,Marathahalli,24
96E,Volvo 9400XL,Diesel,40.9,22.51,66.9,2025,Electronic City,41
252H,Eicher Skyline Pro,CNG,47.7,50.95,171.9,2025,Bommanahalli,40
213K,Eicher Skyline Pro,CNG,43.9,44.96,150.3,2025,Banerghatta,45
210N,Volvo 8400 B7RLE,Diesel,32.2,28.05,76.9,2025,Jayanagar,68
356C,Volvo 9400XL,Diesel,45.2,76.66,264.5,2025,Majestic,50
365B,Volvo 8400 B7RLE,Diesel,45.1,90.54,251.7,2025,Silk Board,33
279F,Ashok Leyland Viking,Diesel,38.5,69.09,256.4,2025,Peenya,45
V500C,Eicher Skyline Pro,CNG,33,81.23,257.1,2025,ITPL,73
279F,Eicher Skyline Pro,CNG,35.7,26.05,110.1,2025,Peenya,24
96E,Tata Marcopolo,CNG,25.2,66.22,249.4,2025,Electronic City,73
12G,Ashok Leyland Viking,Diesel,30.6,56.65,151.8,2025,BTM Layout,66
500D,Eicher Skyline Pro,CNG,48.6,38.54,134.3,2025,Whitefield,50
500D,Ashok Leyland Viking,Diesel,42.6,57.17,174.1,2025,Whitefield,38
210N,Volvo 8400 B7RLE,Diesel,49.1,95.15,273.8,2025,Jayanagar,43
215K,Volvo 9400XL,Diesel,32.5,57.87,169.4,2025,Kengeri,14
60A,Eicher Skyline Pro,CNG,40.2,18.14,68.1,2025,Indiranagar,10
12G,Tata Marcopolo,CNG,32,16.34,71.3,2025,BTM Layout,43
210N,Eicher Skyline Pro,CNG,28.6,30.18,112.7,2025,Jayanagar,43
96E,Volvo 9400XL,Diesel,31.1,78.9,276.8,2025,Electronic City,18
600A,Eicher Skyline Pro,CNG,30.9,55.62,227.6,2025,Banashankari,42
401A,Eicher Skyline Pro,CNG,40.8,35.67,140.9,2025,RT Nagar,13
365B,Ashok Leyland Viking,Diesel,27.3,47.4,177.9,2025,Silk Board,37
12G,Eicher Skyline Pro,CNG,29.7,42.66,130.6,2025,BTM Layout,73
401A,Tata Marcopolo,CNG,41.9,62.81,190,2025,RT Nagar,62
600A,Ashok Leyland Viking,Diesel,30.7,49.8,172.7,2025,Banashankari,72
348C,Eicher Skyline Pro,CNG,42.3,27.49,98.4,2025,Marathahalli,68
96E,Ashok Leyland Viking,Diesel,28.4,88.36,266.1,2025,Electronic City,71
77E,Ashok Leyland Viking,Diesel,48.1,22.27,85,2025,KR Puram,58
77E,Ashok Leyland Viking,Diesel,41.5,31.32,116.7,2025,KR Puram,15
348C,Switch EiV 12,Electric,38.2,0,182.1,2025,Marathahalli,10
401A,Volvo 9400XL,Diesel,27.3,29.43,113.2,2025,RT Nagar,76
600A,Ashok Leyland Viking,Diesel,40.8,85.79,258.1,2025,Banashankari,58
348C,Eicher Skyline Pro,CNG,43.1,31.48,136.8,2025,Marathahalli,23
60A,Eicher Skyline Pro,CNG,44.5,64.39,255.2,2025,Indiranagar,15
V500C,Tata Marcopolo,CNG,29,18.05,78.5,2025,ITPL,78
290E,Eicher Skyline Pro,CNG,25.2,61.35,193.4,2025,Mysuru Road,70
215K,Switch EiV 12,Electric,25.1,0,206,2025,Kengeri,21
279F,Switch EiV 12,Electric,38.7,0,95.4,2025,Peenya,25
348C,Tata Marcopolo,CNG,41.3,63.6,212.2,2025,Marathahalli,40
213K,Eicher Skyline Pro,CNG,30.9,62.13,216.7,2025,Banerghatta,35
365B,Tata Marcopolo,CNG,41.2,52.46,224.2,2025,Silk Board,29
279F,Eicher Skyline Pro,CNG,39.2,65.18,204.7,2025,Peenya,62
252H,Eicher Skyline Pro,CNG,31.6,41.86,140.9,2025,Bommanahalli,79
12G,Volvo 8400 B7RLE,Diesel,34.8,71.42,274.1,2025,BTM Layout,71
600A,Volvo 9400XL,Diesel,44.9,61.13,198.9,2025,Banashankari,12
365B,Ashok Leyland Viking,Diesel,37.3,66.92,186.9,2025,Silk Board,50
600A,Switch EiV 12,Electric,32,0,218.9,2025,Banashankari,17
60A,Volvo 9400XL,Diesel,41.1,23.61,65.3,2025,Indiranagar,64
356C,Ashok Leyland Viking,Diesel,48.8,68.93,266.9,2025,Majestic,78
213K,Ashok Leyland Viking,Diesel,25.4,36.33,141.4,2025,Banerghatta,33
401A,Tata Marcopolo,CNG,49.2,34.69,154.2,2025,RT Nagar,59
356C,Switch EiV 12,Electric,32.4,0,247.7,2025,Majestic,32
77E,Volvo 8400 B7RLE,Diesel,46.3,48.63,144.7,2025,KR Puram,60
401A,Eicher Skyline Pro,CNG,38.9,22.09,97.3,2025,RT Nagar,73
210N,Switch EiV 12,Electric,39.3,0,213.1,2025,Jayanagar,49
213K,Switch EiV 12,Electric,40.4,0,81.4,2025,Banerghatta,28
77E,Tata Marcopolo,CNG,28.5,73.54,277.8,2025,KR Puram,43
600A,Volvo 9400XL,Diesel,43.5,71.36,253,2025,Banashankari,13
279F,Ashok Leyland Viking,Diesel,34,72.95,214.5,2025,Peenya,12
348C,Volvo 8400 B7RLE,Diesel,45.3,62.65,238.1,2025,Marathahalli,17
215K,Volvo 8400 B7RLE,Diesel,37.8,80.22,260.9,2025,Kengeri,22
279F,Tata Marcopolo,CNG,41.2,58.13,235.6,2025,Peenya,72
12G,Tata Marcopolo,CNG,47.3,67.04,235.1,2025,BTM Layout,17
V500C,Ashok Leyland Viking,Diesel,27.3,42.35,142.6,2025,ITPL,35
290E,Ashok Leyland Viking,Diesel,36.6,20.49,67.9,2025,Mysuru Road,32
500D,Eicher Skyline Pro,CNG,39.8,40.38,123,2025,Whitefield,19
60A,Ashok Leyland Viking,Diesel,45.6,22.43,68.2,2025,Indiranagar,74
V500C,Switch EiV 12,Electric,38.1,0,88,2025,ITPL,61
252H,Switch EiV 12,Electric,30.4,0,229.4,2025,Bommanahalli,58
43E,Tata Marcopolo,CNG,27.1,64.01,197,2025,Hebbal,69
96E,Switch EiV 12,Electric,38.5,0,176.9,2025,Electronic City,45
365B,Volvo 8400 B7RLE,Diesel,43.2,50.51,200.2,2025,Silk Board,76
60A,Tata Marcopolo,CNG,33.1,41.4,173.6,2025,Indiranagar,53
96E,Ashok Leyland Viking,Diesel,36,45.69,119.6,2025,Electronic City,54
12G,Eicher Skyline Pro,CNG,49.1,15.42,65.6,2025,BTM Layout,35
348C,Eicher Skyline Pro,CNG,35.2,65.37,213.1,2025,Marathahalli,49
279F,Volvo 8400 B7RLE,Diesel,31.3,28.4,94.4,2025,Peenya,70
290E,Tata Marcopolo,CNG,41.5,63.51,217.2,2025,Mysuru Road,57
365B,Volvo 8400 B7RLE,Diesel,43.4,81.07,270.1,2025,Silk Board,44
12G,Ashok Leyland Viking,Diesel,35.5,67.77,194.6,2025,BTM Layout,23
213K,Ashok Leyland Viking,Diesel,43.9,54.85,138.3,2025,Banerghatta,44
348C,Ashok Leyland Viking,Diesel,26.2,33.38,85.5,2025,Marathahalli,34
213K,Tata Marcopolo,CNG,42.6,66.88,248.2,2025,Banerghatta,19
V500C,Eicher Skyline Pro,CNG,37.3,21.97,81.5,2025,ITPL,65
12G,Ashok Leyland Viking,Diesel,35.8,31.67,98.1,2025,BTM Layout,41
290E,Ashok Leyland Viking,Diesel,40.9,76.13,195.5,2025,Mysuru Road,22
213K,Switch EiV 12,Electric,40.6,0,142.4,2025,Banerghatta,78
356C,Switch EiV 12,Electric,46.4,0,170.7,2025,Majestic,11
12G,Volvo 9400XL,Diesel,29.1,78.63,204.9,2025,BTM Layout,19
279F,Volvo 9400XL,Diesel,25.7,59.58,201.3,2025,Peenya,69
348C,Switch EiV 12,Electric,39.4,0,266.9,2025,Marathahalli,12
60A,Eicher Skyline Pro,CNG,41.1,39.43,145.4,2025,Indiranagar,57
290E,Tata Marcopolo,CNG,48.5,50.29,180,2025,Mysuru Road,18
210N,Eicher Skyline Pro,CNG,47.6,82.43,271.5,2025,Jayanagar,36
201R,Volvo 9400XL,Diesel,27.5,29.79,75.3,2025,Yelahanka,39
600A,Volvo 8400 B7RLE,Diesel,42.1,31,80.8,2025,Banashankari,48
600A,Volvo 9400XL,Diesel,46.1,51.36,130.2,2025,Banashankari,60
290E,Volvo 9400XL,Diesel,32,89.35,239.2,2025,Mysuru Road,49
213K,Volvo 9400XL,Diesel,40.7,55.89,213.3,2025,Banerghatta,19
77E,Eicher Skyline Pro,CNG,45.1,64.77,221.7,2025,KR Puram,15
V500C,Ashok Leyland Viking,Diesel,43.8,26.68,99,2025,ITPL,20
401A,Volvo 9400XL,Diesel,35.3,90.88,277.9,2025,RT Nagar,80
77E,Eicher Skyline Pro,CNG,33.5,52.5,230.8,2025,KR Puram,73
210N,Eicher Skyline Pro,CNG,35.7,60.32,248.9,2025,Jayanagar,71
V500C,Switch EiV 12,Electric,27.6,0,226,2025,ITPL,70
77E,Switch EiV 12,Electric,37.6,0,258.6,2025,KR Puram,59
60A,Eicher Skyline Pro,CNG,33,55.67,241.8,2025,Indiranagar,14
213K,Switch EiV 12,Electric,25.3,0,145.6,2025,Banerghatta,59
215K,Switch EiV 12,Electric,27.3,0,259.2,2025,Kengeri,54
401A,Switch EiV 12,Electric,48.8,0,130.2,2025,RT Nagar,28
279F,Switch EiV 12,Electric,39.3,0,269.1,2025,Peenya,20
252H,Switch EiV 12,Electric,36.2,0,199,2025,Bommanahalli,66
12G,Volvo 9400XL,Diesel,33.2,35.48,124.5,2025,BTM Layout,72
500D,Tata Marcopolo,CNG,44.8,53.89,225.5,2025,Whitefield,17
401A,Eicher Skyline Pro,CNG,37.4,25.95,80.1,2025,RT Nagar,24
201R,Eicher Skyline Pro,CNG,36,41.76,180.9,2025,Yelahanka,22
96E,Volvo 8400 B7RLE,Diesel,27.9,50.54,137.2,2025,Electronic City,39
365B,Tata Marcopolo,CNG,40.5,72.18,227.5,2025,Silk Board,75
290E,Volvo 8400 B7RLE,Diesel,42.5,30.09,78.5,2025,Mysuru Road,58
365B,Volvo 9400XL,Diesel,42.7,91.84,240.8,2025,Silk Board,47
401A,Volvo 9400XL,Diesel,49.7,25.71,78.7,2025,RT Nagar,60
201R,Tata Marcopolo,CNG,45.3,32.01,141.5,2025,Yelahanka,35
356C,Switch EiV 12,Electric,43.8,0,276.9,2025,Majestic,67
201R,Volvo 8400 B7RLE,Diesel,27.1,38.96,142.8,2025,Yelahanka,38
60A,Ashok Leyland Viking,Diesel,35.6,47.36,182.8,2025,Indiranagar,78
K1,Volvo 8400 B7RLE,Diesel,37.3,33.57,84.5,2025,Koramangala,49
60A,Volvo 8400 B7RLE,Diesel,26.4,60.9,163.1,2025,Indiranagar,63
356C,Tata Marcopolo,CNG,41.2,20.85,85.9,2025,Majestic,50
77E,Tata Marcopolo,CNG,49.1,52.86,188.3,2025,KR Puram,31
60A,Ashok Leyland Viking,Diesel,46.7,43.34,122.9,2025,Indiranagar,33
43E,Volvo 9400XL,Diesel,25.3,68.75,271.9,2025,Hebbal,77
210N,Switch EiV 12,Electric,47.3,0,69.5,2025,Jayanagar,39
356C,Switch EiV 12,Electric,49.8,0,176.1,2025,Majestic,11
210N,Eicher Skyline Pro,CNG,38.8,17.11,76.2,2025,Jayanagar,58
252H,Eicher Skyline Pro,CNG,40.7,43.3,175.1,2025,Bommanahalli,74
348C,Volvo 8400 B7RLE,Diesel,40.7,47.39,160,2025,Marathahalli,66
348C,Volvo 8400 B7RLE,Diesel,26.1,88.42,258.3,2025,Marathahalli,71
356C,Ashok Leyland Viking,Diesel,47.3,84.53,269.1,2025,Majestic,27
279F,Volvo 8400 B7RLE,Diesel,31.9,70.59,196.4,2025,Peenya,50
77E,Volvo 8400 B7RLE,Diesel,33.8,47.99,162,2025,KR Puram,16
60A,Switch EiV 12,Electric,49.4,0,77.1,2025,Indiranagar,56
77E,Ashok Leyland Viking,Diesel,42.5,83.83,277,2025,KR Puram,68
12G,Switch EiV 12,Electric,45.3,0,128.1,2025,BTM Layout,50
348C,Volvo 8400 B7RLE,Diesel,29.1,54.47,210.6,2025,Marathahalli,26
213K,Switch EiV 12,Electric,48.7,0,241,2025,Banerghatta,27
365B,Volvo 8400 B7RLE,Diesel,40.3,70.25,219.7,2025,Silk Board,20
215K,Tata Marcopolo,CNG,46.7,86.45,265.2,2025,Kengeri,38
201R,Volvo 8400 B7RLE,Diesel,34.4,17.71,65.8,2025,Yelahanka,20
279F,Volvo 9400XL,Diesel,28.8,81.74,277.2,2025,Peenya,64
96E,Volvo 9400XL,Diesel,49.2,38.21,143.8,2025,Electronic City,72
213K,Volvo 9400XL,Diesel,36.7,78.28,244.4,2025,Banerghatta,18
500D,Ashok Leyland Viking,Diesel,26.4,31.63,120.1,2025,Whitefield,33
348C,Tata Marcopolo,CNG,50,53.13,238.8,2025,Marathahalli,77
213K,Switch EiV 12,Electric,44.2,0,182.2,2025,Banerghatta,51
365B,Eicher Skyline Pro,CNG,46.2,79.44,267.8,2025,Silk Board,18
290E,Switch EiV 12,Electric,28.2,0,159.1,2025,Mysuru Road,64
348C,Volvo 9400XL,Diesel,40.2,94.94,269.9,2025,Marathahalli,68
213K,Volvo 9400XL,Diesel,40.5,68.42,207.8,2025,Banerghatta,25
213K,Ashok Leyland Viking,Diesel,41.8,25.91,85,2025,Banerghatta,13
77E,Tata Marcopolo,CNG,38,53.74,229.9,2025,KR Puram,53
43E,Ashok Leyland Viking,Diesel,39,47.55,181.4,2025,Hebbal,26
600A,Volvo 9400XL,Diesel,28.4,58.51,148.8,2025,Banashankari,80
600A,Volvo 8400 B7RLE,Diesel,40.5,63.58,226.1,2025,Banashankari,46
V500C,Switch EiV 12,Electric,28.4,0,106.9,2025,ITPL,17
210N,Switch EiV 12,Electric,33.8,0,63.2,2025,Jayanagar,67
365B,Ashok Leyland Viking,Diesel,34.8,60.14,189.8,2025,Silk Board,73
210N,Volvo 9400XL,Diesel,33.7,79.15,258.9,2025,Jayanagar,50
60A,Volvo 9400XL,Diesel,34.9,67.69,232.4,2025,Indiranagar,52
V500C,Volvo 8400 B7RLE,Diesel,48.7,91.78,249.7,2025,ITPL,40
252H,Switch EiV 12,Electric,37.3,0,263.8,2025,Bommanahalli,48
77E,Eicher Skyline Pro,CNG,36.5,26.13,116.8,2025,KR Puram,24
500D,Tata Marcopolo,CNG,33.2,42.63,168.4,2025,Whitefield,27
365B,Volvo 8400 B7RLE,Diesel,26.9,41.88,112.8,2025,Silk Board,45
600A,Volvo 9400XL,Diesel,28.8,32.57,88.2,2025,Banashankari,73
K1,Ashok Leyland Viking,Diesel,29.5,66.59,201,2025,Koramangala,66
43E,Tata Marcopolo,CNG,36.8,64.3,257.3,2025,Hebbal,40
401A,Volvo 9400XL,Diesel,29.8,38.22,97.9,2025,RT Nagar,32
77E,Eicher Skyline Pro,CNG,32,29.77,97.2,2025,KR Puram,31
365B,Tata Marcopolo,CNG,28,21.54,79.5,2025,Silk Board,28
252H,Volvo 8400 B7RLE,Diesel,34.1,32.38,105.4,2025,Bommanahalli,78
60A,Volvo 8400 B7RLE,Diesel,26,57.28,211.9,2025,Indiranagar,27
500D,Ashok Leyland Viking,Diesel,27,51.99,198.1,2025,Whitefield,78
600A,Eicher Skyline Pro,CNG,26.5,76.89,262.6,2025,Banashankari,56
210N,Eicher Skyline Pro,CNG,43.7,72.45,237.4,2025,Jayanagar,29
356C,Eicher Skyline Pro,CNG,34.3,28.47,106.1,2025,Majestic,26
77E,Ashok Leyland Viking,Diesel,34.2,61.37,196,2025,KR Puram,62
43E,Eicher Skyline Pro,CNG,25.9,66.42,224.4,2025,Hebbal,77
77E,Volvo 9400XL,Diesel,47.4,66.38,216.9,2025,KR Puram,20
600A,Ashok Leyland Viking,Diesel,27.7,55.85,177.1,2025,Banashankari,49
279F,Volvo 9400XL,Diesel,31.1,61.02,177.2,2025,Peenya,23
500D,Ashok Leyland Viking,Diesel,25.5,47.94,143,2025,Whitefield,73
290E,Switch EiV 12,Electric,33.2,0,106.5,2025,Mysuru Road,76
43E,Ashok Leyland Viking,Diesel,47.3,25.45,86.3,2025,Hebbal,61
K1,Volvo 8400 B7RLE,Diesel,44.7,64.48,209.4,2025,Koramangala,76
77E,Switch EiV 12,Electric,38.4,0,79.1,2025,KR Puram,64
12G,Volvo 9400XL,Diesel,43.6,60.08,189.1,2025,BTM Layout,37
348C,Tata Marcopolo,CNG,32.1,24.85,88.1,2025,Marathahalli,66
K1,Ashok Leyland Viking,Diesel,39.3,66.61,202.1,2025,Koramangala,61
60A,Eicher Skyline Pro,CNG,40.1,82.54,277,2025,Indiranagar,60
252H,Switch EiV 12,Electric,28.8,0,82.4,2025,Bommanahalli,37
12G,Tata Marcopolo,CNG,29,34.79,114.1,2025,BTM Layout,14
356C,Ashok Leyland Viking,Diesel,29.3,31.91,122.7,2025,Majestic,40
500D,Eicher Skyline Pro,CNG,38.1,21.49,77.7,2025,Whitefield,50
356C,Volvo 9400XL,Diesel,27.8,89.16,276.1,2025,Majestic,17
365B,Ashok Leyland Viking,Diesel,46.6,73.36,273.3,2025,Silk Board,79
279F,Tata Marcopolo,CNG,29.3,29.15,116.7,2025,Peenya,19
213K,Eicher Skyline Pro,CNG,38.9,68.57,264.5,2025,Banerghatta,27
201R,Switch EiV 12,Electric,44.2,0,121.6,2025,Yelahanka,46
201R,Tata Marcopolo,CNG,33.1,27.79,101.1,2025,Yelahanka,37
279F,Switch EiV 12,Electric,31.1,0,171.7,2025,Peenya,44
213K,Switch EiV 12,Electric,40.3,0,85.3,2025,Banerghatta,37
252H,Switch EiV 12,Electric,39.5,0,123.5,2025,Bommanahalli,38
365B,Switch EiV 12,Electric,37,0,94,2025,Silk Board,16
60A,Volvo 9400XL,Diesel,26.3,58.97,177.2,2025,Indiranagar,31
290E,Eicher Skyline Pro,CNG,26.6,19.98,89.6,2025,Mysuru Road,39
290E,Switch EiV 12,Electric,45.2,0,130.9,2025,Mysuru Road,72
348C,Tata Marcopolo,CNG,42,28.02,116,2025,Marathahalli,50
365B,Ashok Leyland Viking,Diesel,36.8,61.26,191,2025,Silk Board,21
279F,Switch EiV 12,Electric,48.2,0,136.8,2025,Peenya,52
12G,Volvo 8400 B7RLE,Diesel,49.1,90.34,242.7,2025,BTM Layout,71
K1,Tata Marcopolo,CNG,48.5,67.48,220.8,2025,Koramangala,79
290E,Volvo 8400 B7RLE,Diesel,43.5,22.19,74.6,2025,Mysuru Road,66
348C,Ashok Leyland Viking,Diesel,28.5,66.4,245.2,2025,Marathahalli,73
V500C,Volvo 8400 B7RLE,Diesel,29.1,38.01,104.4,2025,ITPL,57
252H,Volvo 9400XL,Diesel,41.6,72.82,239.2,2025,Bommanahalli,27
12G,Tata Marcopolo,CNG,46.9,38.71,138.9,2025,BTM Layout,63
401A,Switch EiV 12,Electric,36,0,239.7,2025,RT Nagar,34
77E,Volvo 8400 B7RLE,Diesel,36.6,48.41,142.9,2025,KR Puram,57
210N,Volvo 9400XL,Diesel,37.6,78.82,224.5,2025,Jayanagar,13
210N,Tata Marcopolo,CNG,34.6,67.6,257.9,2025,Jayanagar,48
43E,Switch EiV 12,Electric,40.6,0,259.4,2025,Hebbal,71
96E,Ashok Leyland Viking,Diesel,48.5,24.9,85.7,2025,Electronic City,69
365B,Eicher Skyline Pro,CNG,28.5,31.9,133.7,2025,Silk Board,58
V500C,Ashok Leyland Viking,Diesel,38.3,51.13,196.4,2025,ITPL,14
348C,Tata Marcopolo,CNG,28.8,67.34,233.5,2025,Marathahalli,21
K1,Ashok Leyland Viking,Diesel,43.6,44.98,114.7,2025,Koramangala,26
K1,Volvo 8400 B7RLE,Diesel,44.1,48.6,185.4,2025,Koramangala,14
96E,Eicher Skyline Pro,CNG,45.5,42.74,135.3,2025,Electronic City,69
210N,Volvo 8400 B7RLE,Diesel,28.2,79.52,246.2,2025,Jayanagar,31
356C,Eicher Skyline Pro,CNG,28.7,70.4,235.4,2025,Majestic,15
600A,Ashok Leyland Viking,Diesel,43,63.23,218.9,2025,Banashankari,71
60A,Tata Marcopolo,CNG,38.6,62.97,212.7,2025,Indiranagar,29
77E,Switch EiV 12,Electric,29.5,0,136.1,2025,KR Puram,77
356C,Switch EiV 12,Electric,39.6,0,259.9,2025,Majestic,36
252H,Ashok Leyland Viking,Diesel,36.6,37.8,148.2,2025,Bommanahalli,65
600A,Tata Marcopolo,CNG,39.7,24.93,93.7,2025,Banashankari,45
77E,Switch EiV 12,Electric,25.5,0,194.5,2025,KR Puram,71
96E,Volvo 9400XL,Diesel,48.3,75.25,251.9,2025,Electronic City,17
43E,Volvo 9400XL,Diesel,48.1,59.9,213.3,2025,Hebbal,57
77E,Volvo 9400XL,Diesel,39.4,27.45,93.6,2025,KR Puram,64
215K,Volvo 9400XL,Diesel,43.4,39.29,153.3,2025,Kengeri,63
252H,Ashok Leyland Viking,Diesel,36.3,98.73,263.6,2025,Bommanahalli,20
210N,Volvo 9400XL,Diesel,46,102.98,276.7,2025,Jayanagar,17
500D,Switch EiV 12,Electric,46.7,0,262.6,2025,Whitefield,24
201R,Volvo 9400XL,Diesel,39.8,56.19,174.1,2025,Yelahanka,37
215K,Ashok Leyland Viking,Diesel,33.4,19.44,72,2025,Kengeri,49
60A,Volvo 9400XL,Diesel,33.3,19.69,61,2025,Indiranagar,61
12G,Ashok Leyland Viking,Diesel,48,59.02,178.2,2025,BTM Layout,21
600A,Volvo 8400 B7RLE,Diesel,43.4,42.88,136.3,2025,Banashankari,45
401A,Volvo 8400 B7RLE,Diesel,36.3,40.35,109.4,2025,RT Nagar,24
215K,Tata Marcopolo,CNG,37.5,27.23,98.8,2025,Kengeri,27
401A,Tata Marcopolo,CNG,34.1,67.5,261.3,2025,RT Nagar,25
60A,Volvo 9400XL,Diesel,25.3,56.96,199.1,2025,Indiranagar,69
252H,Eicher Skyline Pro,CNG,49,30.78,99.2,2025,Bommanahalli,74
77E,Volvo 8400 B7RLE,Diesel,27.1,37.84,151.2,2025,KR Puram,48
500D,Ashok Leyland Viking,Diesel,39.9,65.56,170.5,2025,Whitefield,78
96E,Ashok Leyland Viking,Diesel,30.2,58.49,225,2025,Electronic City,28
290E,Eicher Skyline Pro,CNG,29.8,34.4,105.1,2025,Mysuru Road,78
252H,Tata Marcopolo,CNG,39.1,52.9,163.9,2025,Bommanahalli,37
43E,Volvo 9400XL,Diesel,36.3,70.16,230.6,2025,Hebbal,20
96E,Eicher Skyline Pro,CNG,35,40.89,157,2025,Electronic City,35
279F,Switch EiV 12,Electric,29.5,0,94.2,2025,Peenya,58
279F,Volvo 8400 B7RLE,Diesel,48.7,81.57,249.6,2025,Peenya,77
77E,Ashok Leyland Viking,Diesel,41.1,38.42,119.6,2025,KR Puram,47
213K,Volvo 9400XL,Diesel,28.9,18.35,65.6,2025,Banerghatta,50
365B,Volvo 8400 B7RLE,Diesel,25.7,72.36,205,2025,Silk Board,33
279F,Tata Marcopolo,CNG,41.8,36.57,110.8,2025,Peenya,38
213K,Eicher Skyline Pro,CNG,45,25.37,82.9,2025,Banerghatta,60
600A,Volvo 9400XL,Diesel,31,76.85,203.6,2025,Banashankari,14
12G,Tata Marcopolo,CNG,43.1,26.5,113.5,2025,BTM Layout,71
279F,Volvo 9400XL,Diesel,34.9,69.27,242.6,2025,Peenya,56
290E,Ashok Leyland Viking,Diesel,32.3,27.34,105.1,2025,Mysuru Road,60
356C,Switch EiV 12,Electric,27.1,0,62.9,2025,Majestic,37
213K,Tata Marcopolo,CNG,25.7,32.3,105.7,2025,Banerghatta,14
V500C,Tata Marcopolo,CNG,35.5,43.4,188.3,2025,ITPL,26
77E,Volvo 8400 B7RLE,Diesel,33.5,83,239.8,2025,KR Puram,17
77E,Ashok Leyland Viking,Diesel,39.8,49.45,143.5,2025,KR Puram,40
96E,Ashok Leyland Viking,Diesel,35.2,59.28,197.3,2025,Electronic City,37
12G,Volvo 8400 B7RLE,Diesel,32.4,39.74,155.9,2025,BTM Layout,66
96E,Switch EiV 12,Electric,28.5,0,228,2025,Electronic City,22
60A,Volvo 8400 B7RLE,Diesel,37.2,65.36,251.1,2025,Indiranagar,19
600A,Ashok Leyland Viking,Diesel,35.6,93.14,236,2025,Banashankari,67
215K,Volvo 9400XL,Diesel,38.5,34.52,119.1,2025,Kengeri,34
356C,Eicher Skyline Pro,CNG,28.5,27.44,116.7,2025,Majestic,24
290E,Volvo 9400XL,Diesel,38.1,100.31,276.6,2025,Mysuru Road,19
V500C,Eicher Skyline Pro,CNG,25.5,27.43,119.9,2025,ITPL,32
500D,Ashok Leyland Viking,Diesel,39.4,29.51,85.9,2025,Whitefield,32
60A,Eicher Skyline Pro,CNG,41.3,42.85,181.9,2025,Indiranagar,33
600A,Tata Marcopolo,CNG,25.3,32.88,105.4,2025,Banashankari,44
V500C,Volvo 8400 B7RLE,Diesel,46.8,75.97,258,2025,ITPL,23
401A,Ashok Leyland Viking,Diesel,41.6,69.52,192.1,2025,RT Nagar,13
401A,Eicher Skyline Pro,CNG,35.5,73.07,261.2,2025,RT Nagar,22
348C,Tata Marcopolo,CNG,26.2,53.61,174.2,2025,Marathahalli,42
401A,Eicher Skyline Pro,CNG,27.1,56.96,222.4,2025,RT Nagar,49
348C,Volvo 8400 B7RLE,Diesel,34.7,38.87,114,2025,Marathahalli,49
V500C,Volvo 9400XL,Diesel,43,46.92,138.2,2025,ITPL,78
290E,Tata Marcopolo,CNG,36.9,46.2,184.6,2025,Mysuru Road,31
348C,Switch EiV 12,Electric,43.3,0,266.1,2025,Marathahalli,23
252H,Switch EiV 12,Electric,25.8,0,107.3,2025,Bommanahalli,19
60A,Ashok Leyland Viking,Diesel,39.9,45.67,117.7,2025,Indiranagar,37
401A,Ashok Leyland Viking,Diesel,39.9,56.37,169.2,2025,RT Nagar,26
401A,Switch EiV 12,Electric,27.7,0,229.6,2025,RT Nagar,59
201R,Volvo 9400XL,Diesel,43.2,23.59,76.5,2025,Yelahanka,46
600A,Volvo 9400XL,Diesel,35.9,73.67,211.4,2025,Banashankari,42
365B,Volvo 9400XL,Diesel,45,67.81,240.2,2025,Silk Board,68
12G,Ashok Leyland Viking,Diesel,39.8,39.42,119.9,2025,BTM Layout,75
210N,Volvo 9400XL,Diesel,47.9,29.61,80.1,2025,Jayanagar,56
252H,Volvo 8400 B7RLE,Diesel,36.2,96.88,269.1,2025,Bommanahalli,33
210N,Switch EiV 12,Electric,46.8,0,179.2,2025,Jayanagar,25
356C,Volvo 8400 B7RLE,Diesel,45.2,63.39,221.1,2025,Majestic,38
500D,Tata Marcopolo,CNG,46.2,62.91,212.3,2025,Whitefield,35
365B,Switch EiV 12,Electric,30.5,0,167.7,2025,Silk Board,21
96E,Switch EiV 12,Electric,48.6,0,277.3,2025,Electronic City,34
213K,Ashok Leyland Viking,Diesel,42.6,17.67,68.7,2025,Banerghatta,65
279F,Switch EiV 12,Electric,39.2,0,99.7,2025,Peenya,20
210N,Switch EiV 12,Electric,25.8,0,261.4,2025,Jayanagar,52
K1,Eicher Skyline Pro,CNG,32.4,48.65,213.4,2025,Koramangala,69
215K,Eicher Skyline Pro,CNG,48.6,73.72,273.6,2025,Kengeri,65
12G,Volvo 8400 B7RLE,Diesel,46.1,83.8,249.6,2025,BTM Layout,75
12G,Eicher Skyline Pro,CNG,25.9,62.24,242.4,2025,BTM Layout,23
12G,Eicher Skyline Pro,CNG,28,35.5,110.6,2025,BTM Layout,43
60A,Eicher Skyline Pro,CNG,33.5,52.16,213.2,2025,Indiranagar,50
252H,Tata Marcopolo,CNG,32.9,19.53,74.4,2025,Bommanahalli,55
356C,Ashok Leyland Viking,Diesel,33,68.05,234,2025,Majestic,63
96E,Volvo 8400 B7RLE,Diesel,40.4,89.46,254.9,2025,Electronic City,63
356C,Volvo 9400XL,Diesel,46.8,25.83,65.4,2025,Majestic,30
V500C,Volvo 9400XL,Diesel,38.2,64.58,252.4,2025,ITPL,18
252H,Eicher Skyline Pro,CNG,49.9,66.85,235.7,2025,Bommanahalli,28
252H,Volvo 9400XL,Diesel,35,71.06,228.8,2025,Bommanahalli,79
213K,Tata Marcopolo,CNG,46.8,44.26,198.1,2025,Banerghatta,11
213K,Ashok Leyland Viking,Diesel,35.4,73.12,229,2025,Banerghatta,47
348C,Eicher Skyline Pro,CNG,31,70.22,222.3,2025,Marathahalli,57
252H,Switch EiV 12,Electric,32.2,0,138,2025,Bommanahalli,70
252H,Ashok Leyland Viking,Diesel,30.8,48.85,125.2,2025,Bommanahalli,51
600A,Tata Marcopolo,CNG,49.7,17.55,63.9,2025,Banashankari,47
279F,Volvo 8400 B7RLE,Diesel,42,51.14,144.6,2025,Peenya,51
201R,Eicher Skyline Pro,CNG,44.7,85.83,269,2025,Yelahanka,37
201R,Eicher Skyline Pro,CNG,47,34.39,151.9,2025,Yelahanka,46
V500C,Tata Marcopolo,CNG,40.3,50.08,162.8,2025,ITPL,65
290E,Ashok Leyland Viking,Diesel,30.8,71.05,278.1,2025,Mysuru Road,56
600A,Volvo 9400XL,Diesel,40.2,62.07,202.9,2025,Banashankari,17
12G,Ashok Leyland Viking,Diesel,29.4,39.11,110.7,2025,BTM Layout,23
290E,Ashok Leyland Viking,Diesel,44.5,33.39,101,2025,Mysuru Road,59
43E,Ashok Leyland Viking,Diesel,49.2,19,72.7,2025,Hebbal,11
401A,Tata Marcopolo,CNG,49.9,80.99,264.1,2025,RT Nagar,28
348C,Ashok Leyland Viking,Diesel,44,41.53,147.2,2025,Marathahalli,45
201R,Volvo 9400XL,Diesel,45.4,33.1,93.9,2025,Yelahanka,24
215K,Ashok Leyland Viking,Diesel,38.4,32.22,109.2,2025,Kengeri,49
201R,Volvo 9400XL,Diesel,27.3,49.16,187.6,2025,Yelahanka,78
290E,Ashok Leyland Viking,Diesel,28.2,30.89,118.4,2025,Mysuru Road,65
279F,Eicher Skyline Pro,CNG,46.6,64.12,270.2,2025,Peenya,21
60A,Volvo 8400 B7RLE,Diesel,38.8,77.63,204.2,2025,Indiranagar,48
215K,Switch EiV 12,Electric,34.3,0,149.9,2025,Kengeri,67
600A,Switch EiV 12,Electric,43.1,0,117.1,2025,Banashankari,29
279F,Volvo 8400 B7RLE,Diesel,27,59.75,169.1,2025,Peenya,51
V500C,Volvo 9400XL,Diesel,26.9,55.68,210.3,2025,ITPL,13
356C,Switch EiV 12,Electric,37,0,168.9,2025,Majestic,76
96E,Volvo 9400XL,Diesel,45.6,62.98,190.3,2025,Electronic City,50
213K,Ashok Leyland Viking,Diesel,39.1,72.12,209.2,2025,Banerghatta,33
43E,Volvo 9400XL,Diesel,44.9,72.63,253.3,2025,Hebbal,33
500D,Tata Marcopolo,CNG,46.7,60.82,247.1,2025,Whitefield,60
96E,Eicher Skyline Pro,CNG,42.4,60.72,244.1,2025,Electronic City,10
348C,Eicher Skyline Pro,CNG,43.8,60.56,196.1,2025,Marathahalli,50
401A,Tata Marcopolo,CNG,46.8,83.38,253.8,2025,RT Nagar,26
201R,Tata Marcopolo,CNG,28.2,69,241.7,2025,Yelahanka,17
401A,Switch EiV 12,Electric,29,0,223.6,2025,RT Nagar,22
201R,Switch EiV 12,Electric,45.8,0,240,2025,Yelahanka,18
290E,Volvo 9400XL,Diesel,25.2,58.56,171.6,2025,Mysuru Road,54
252H,Tata Marcopolo,CNG,49.5,49.57,195.7,2025,Bommanahalli,72
213K,Switch EiV 12,Electric,40.9,0,117.2,2025,Banerghatta,46
K1,Ashok Leyland Viking,Diesel,44.5,67.21,178.8,2025,Koramangala,39
600A,Ashok Leyland Viking,Diesel,38.5,57.65,227.4,2025,Banashankari,49
290E,Switch EiV 12,Electric,40.8,0,135.2,2025,Mysuru Road,56
60A,Eicher Skyline Pro,CNG,27.6,60.15,265,2025,Indiranagar,37
60A,Ashok Leyland Viking,Diesel,26.7,71.59,211.3,2025,Indiranagar,57
213K,Tata Marcopolo,CNG,26.7,55.72,215.8,2025,Banerghatta,47
201R,Switch EiV 12,Electric,40.5,0,136.1,2025,Yelahanka,19
77E,Volvo 8400 B7RLE,Diesel,46.8,17.7,70.1,2025,KR Puram,12
290E,Ashok Leyland Viking,Diesel,43.7,101.37,273.2,2025,Mysuru Road,15
201R,Eicher Skyline Pro,CNG,25.6,74.77,226.8,2025,Yelahanka,24
279F,Ashok Leyland Viking,Diesel,37.2,35.89,131.2,2025,Peenya,54
348C,Switch EiV 12,Electric,36.1,0,210.3,2025,Marathahalli,71
96E,Volvo 8400 B7RLE,Diesel,49.9,38.29,120.2,2025,Electronic City,67
356C,Volvo 9400XL,Diesel,29.1,43.14,159.3,2025,Majestic,16
12G,Switch EiV 12,Electric,30.5,0,212.6,2025,BTM Layout,51
213K,Volvo 9400XL,Diesel,42,22.43,78.1,2025,Banerghatta,54
365B,Switch EiV 12,Electric,48.8,0,120.1,2025,Silk Board,30
600A,Tata Marcopolo,CNG,35.8,21.11,93.2,2025,Banashankari,65
96E,Switch EiV 12,Electric,41,0,152.3,2025,Electronic City,32
290E,Volvo 9400XL,Diesel,31.9,37.1,147.5,2025,Mysuru Road,12
V500C,Switch EiV 12,Electric,47.4,0,150.1,2025,ITPL,29
43E,Switch EiV 12,Electric,30.3,0,110.6,2025,Hebbal,56
V500C,Ashok Leyland Viking,Diesel,41.3,21.88,66.8,2025,ITPL,21
96E,Ashok Leyland Viking,Diesel,36.8,63.31,250.2,2025,Electronic City,67
348C,Switch EiV 12,Electric,46.7,0,100.8,2025,Marathahalli,78
43E,Tata Marcopolo,CNG,44.3,54.11,230.9,2025,Hebbal,27
600A,Volvo 9400XL,Diesel,40.7,84.32,227.4,2025,Banashankari,42
365B,Ashok Leyland Viking,Diesel,48,19.62,67.2,2025,Silk Board,45
348C,Ashok Leyland Viking,Diesel,37,87.89,235.2,2025,Marathahalli,61
401A,Ashok Leyland Viking,Diesel,42.1,27.82,87.5,2025,RT Nagar,66
365B,Volvo 8400 B7RLE,Diesel,37.3,40.1,104.1,2025,Silk Board,12
500D,Ashok Leyland Viking,Diesel,31.7,50.86,188,2025,Whitefield,31
290E,Switch EiV 12,Electric,36.4,0,128.3,2025,Mysuru Road,77
500D,Eicher Skyline Pro,CNG,26.8,17.44,62.6,2025,Whitefield,15
348C,Eicher Skyline Pro,CNG,40,48.17,165.6,2025,Marathahalli,26
V500C,Tata Marcopolo,CNG,46.5,51.06,212.9,2025,ITPL,57
600A,Eicher Skyline Pro,CNG,37,21.76,68.7,2025,Banashankari,22
215K,Eicher Skyline Pro,CNG,49.7,35.22,113.2,2025,Kengeri,40
V500C,Switch EiV 12,Electric,40.5,0,169.8,2025,ITPL,21
356C,Volvo 9400XL,Diesel,39,85.3,214.5,2025,Majestic,66
348C,Tata Marcopolo,CNG,37.9,42.08,131.8,2025,Marathahalli,55
401A,Volvo 8400 B7RLE,Diesel,25.8,52.37,137.1,2025,RT Nagar,15
210N,Eicher Skyline Pro,CNG,28.3,38.25,147.3,2025,Jayanagar,53
356C,Volvo 8400 B7RLE,Diesel,45,75.6,211.7,2025,Majestic,58
600A,Eicher Skyline Pro,CNG,27.6,24.48,96.8,2025,Banashankari,59
290E,Ashok Leyland Viking,Diesel,25.8,55.17,215.4,2025,Mysuru Road,48
43E,Volvo 8400 B7RLE,Diesel,38.5,20.04,71.4,2025,Hebbal,25
213K,Volvo 9400XL,Diesel,42.9,67.95,251.6,2025,Banerghatta,23
77E,Ashok Leyland Viking,Diesel,45.4,51.41,134.7,2025,KR Puram,80
12G,Volvo 9400XL,Diesel,38.7,68.95,256.9,2025,BTM Layout,17
290E,Volvo 9400XL,Diesel,41.1,48.49,159.5,2025,Mysuru Road,77
96E,Volvo 9400XL,Diesel,27,85.27,220.9,2025,Electronic City,51
96E,Tata Marcopolo,CNG,29,26.56,114.4,2025,Electronic City,78
201R,Tata Marcopolo,CNG,49.4,30.87,108.2,2025,Yelahanka,79
348C,Volvo 9400XL,Diesel,44.7,28.7,100.1,2025,Marathahalli,20
356C,Eicher Skyline Pro,CNG,38.9,41.58,169.6,2025,Majestic,63
12G,Ashok Leyland Viking,Diesel,49.9,27.84,110.3,2025,BTM Layout,79
K1,Switch EiV 12,Electric,30,0,203.1,2025,Koramangala,22
V500C,Ashok Leyland Viking,Diesel,26.8,82.37,209.7,2025,ITPL,14
500D,Volvo 9400XL,Diesel,36.6,30.69,116.7,2025,Whitefield,39
348C,Volvo 8400 B7RLE,Diesel,43.6,70.1,220,2025,Marathahalli,53
V500C,Eicher Skyline Pro,CNG,34.3,30.37,136.1,2025,ITPL,37
600A,Tata Marcopolo,CNG,46.7,17.79,68.8,2025,Banashankari,33
96E,Volvo 8400 B7RLE,Diesel,43.1,48.45,156.5,2025,Electronic City,70
290E,Ashok Leyland Viking,Diesel,47.5,80.51,252.2,2025,Mysuru Road,53
348C,Tata Marcopolo,CNG,39.8,27.68,120.9,2025,Marathahalli,66
600A,Switch EiV 12,Electric,40.6,0,106.3,2025,Banashankari,14
43E,Volvo 9400XL,Diesel,43.3,73.74,198.9,2025,Hebbal,33
401A,Tata Marcopolo,CNG,47.7,66.52,217.5,2025,RT Nagar,65
12G,Volvo 8400 B7RLE,Diesel,49.3,40.52,112.3,2025,BTM Layout,58
290E,Switch EiV 12,Electric,37.3,0,248,2025,Mysuru Road,39
96E,Volvo 8400 B7RLE,Diesel,46.8,36.11,114.4,2025,Electronic City,45
V500C,Tata Marcopolo,CNG,34,44.56,173.3,2025,ITPL,40
356C,Volvo 9400XL,Diesel,34.8,24.28,96,2025,Majestic,56
96E,Eicher Skyline Pro,CNG,41.4,33.49,116.8,2025,Electronic City,29
210N,Volvo 8400 B7RLE,Diesel,28.3,58.21,230.2,2025,Jayanagar,80
60A,Eicher Skyline Pro,CNG,30.9,51.38,159.8,2025,Indiranagar,76
365B,Tata Marcopolo,CNG,38,27.76,97.3,2025,Silk Board,79
96E,Tata Marcopolo,CNG,35.8,71.86,242.4,2025,Electronic City,78
252H,Volvo 8400 B7RLE,Diesel,42.7,71.19,195.8,2025,Bommanahalli,12
V500C,Ashok Leyland Viking,Diesel,25.9,26.88,96.9,2025,ITPL,19
401A,Volvo 9400XL,Diesel,36.9,54.7,206,2025,RT Nagar,65
252H,Tata Marcopolo,CNG,39.6,55.13,237.2,2025,Bommanahalli,54
252H,Switch EiV 12,Electric,27.8,0,105.3,2025,Bommanahalli,65
279F,Switch EiV 12,Electric,26.4,0,119.3,2025,Peenya,16
252H,Switch EiV 12,Electric,48.4,0,176.9,2025,Bommanahalli,30
500D,Ashok Leyland Viking,Diesel,28.1,21.62,68.7,2025,Whitefield,67
96E,Volvo 8400 B7RLE,Diesel,32.9,81.42,265.5,2025,Electronic City,23
348C,Volvo 9400XL,Diesel,28.7,17.36,69.1,2025,Marathahalli,24
201R,Tata Marcopolo,CNG,25.1,61.5,272.3,2025,Yelahanka,10
365B,Volvo 8400 B7RLE,Diesel,46.7,63.04,200.6,2025,Silk Board,54
401A,Volvo 8400 B7RLE,Diesel,37.2,49.54,173.4,2025,RT Nagar,63
500D,Ashok Leyland Viking,Diesel,25.7,30.62,90.7,2025,Whitefield,61
V500C,Eicher Skyline Pro,CNG,30,53.61,215,2025,ITPL,44
V500C,Ashok Leyland Viking,Diesel,27.3,77.92,273.4,2025,ITPL,34
356C,Volvo 8400 B7RLE,Diesel,46.7,56.98,157.6,2025,Majestic,20
43E,Eicher Skyline Pro,CNG,46,48.09,212.4,2025,Hebbal,31
215K,Ashok Leyland Viking,Diesel,37.4,61.37,210.3,2025,Kengeri,75
279F,Ashok Leyland Viking,Diesel,39.3,98.68,251.2,2025,Peenya,77
60A,Ashok Leyland Viking,Diesel,42.2,75.34,264.8,2025,Indiranagar,35
210N,Tata Marcopolo,CNG,41.5,29.91,107.4,2025,Jayanagar,37
77E,Eicher Skyline Pro,CNG,27.7,50.99,203.3,2025,KR Puram,12
V500C,Switch EiV 12,Electric,26.2,0,279.9,2025,ITPL,59
365B,Tata Marcopolo,CNG,35.2,63.86,275,2025,Silk Board,14
60A,Volvo 8400 B7RLE,Diesel,39.2,64.34,232.1,2025,Indiranagar,29
77E,Volvo 8400 B7RLE,Diesel,35.1,84.7,253.3,2025,KR Puram,20
V500C,Eicher Skyline Pro,CNG,45.2,49.93,206.9,2025,ITPL,65
290E,Tata Marcopolo,CNG,35.9,55.72,235.5,2025,Mysuru Road,48
K1,Eicher Skyline Pro,CNG,38.6,28.72,86.4,2025,Koramangala,54
96E,Volvo 8400 B7RLE,Diesel,34.2,42.47,131.4,2025,Electronic City,51
290E,Eicher Skyline Pro,CNG,34.7,57.99,213,2025,Mysuru Road,78
V500C,Volvo 9400XL,Diesel,34.3,39.53,112.3,2025,ITPL,38
201R,Volvo 9400XL,Diesel,40.1,21.73,76.1,2025,Yelahanka,54
252H,Tata Marcopolo,CNG,36.6,54.99,196.3,2025,Bommanahalli,67
356C,Eicher Skyline Pro,CNG,38,67.2,249.9,2025,Majestic,34
500D,Tata Marcopolo,CNG,33.5,18.37,65.6,2025,Whitefield,47
210N,Eicher Skyline Pro,CNG,39.5,38.86,147.7,2025,Jayanagar,52
252H,Tata Marcopolo,CNG,44.1,45.91,193.7,2025,Bommanahalli,41
600A,Eicher Skyline Pro,CNG,48.9,72.01,218,2025,Banashankari,17
600A,Eicher Skyline Pro,CNG,25.2,25.96,103.1,2025,Banashankari,31
43E,Switch EiV 12,Electric,31.1,0,257.6,2025,Hebbal,48
210N,Ashok Leyland Viking,Diesel,26.5,67.64,263.9,2025,Jayanagar,25
348C,Volvo 9400XL,Diesel,27.5,42.55,137.4,2025,Marathahalli,69
348C,Eicher Skyline Pro,CNG,32.1,33.66,116.5,2025,Marathahalli,80
201R,Volvo 8400 B7RLE,Diesel,38.5,79.78,236.7,2025,Yelahanka,17
365B,Switch EiV 12,Electric,42.9,0,194.3,2025,Silk Board,50
290E,Volvo 9400XL,Diesel,35.3,44.73,120,2025,Mysuru Road,60
77E,Volvo 8400 B7RLE,Diesel,42,36.04,99.9,2025,KR Puram,42
215K,Tata Marcopolo,CNG,42.7,55.53,175.5,2025,Kengeri,11
348C,Volvo 8400 B7RLE,Diesel,31.4,46.85,184.8,2025,Marathahalli,22
V500C,Eicher Skyline Pro,CNG,45.1,43.5,166.4,2025,ITPL,42
279F,Ashok Leyland Viking,Diesel,40.8,17.72,69.6,2025,Peenya,44
96E,Tata Marcopolo,CNG,45.5,44.47,192.4,2025,Electronic City,46
401A,Tata Marcopolo,CNG,30.3,28.14,110.2,2025,RT Nagar,66
290E,Volvo 8400 B7RLE,Diesel,46,39.06,150.4,2025,Mysuru Road,36
60A,Ashok Leyland Viking,Diesel,30.9,37.54,137.8,2025,Indiranagar,35
365B,Volvo 8400 B7RLE,Diesel,45.6,38.43,120.5,2025,Silk Board,32
77E,Volvo 8400 B7RLE,Diesel,27.4,60.22,206.9,2025,KR Puram,21
60A,Volvo 9400XL,Diesel,39.7,57.92,159.4,2025,Indiranagar,67
60A,Ashok Leyland Viking,Diesel,46.6,78.62,222.1,2025,Indiranagar,52
365B,Eicher Skyline Pro,CNG,25.6,20.46,81.1,2025,Silk Board,31
252H,Volvo 9400XL,Diesel,38.7,67.98,193.6,2025,Bommanahalli,30
279F,Ashok Leyland Viking,Diesel,39.9,44.99,146,2025,Peenya,70
356C,Volvo 8400 B7RLE,Diesel,28.4,78.27,277.3,2025,Majestic,42
77E,Eicher Skyline Pro,CNG,35.7,36.55,149,2025,KR Puram,27
600A,Ashok Leyland Viking,Diesel,49.8,78.85,212.3,2025,Banashankari,65
12G,Eicher Skyline Pro,CNG,43.1,21.43,82.9,2025,BTM Layout,42
290E,Volvo 8400 B7RLE,Diesel,27,45.77,120.3,2025,Mysuru Road,71
V500C,Volvo 9400XL,Diesel,29.8,85.99,256.7,2025,ITPL,28
12G,Volvo 8400 B7RLE,Diesel,33.9,42.2,109.9,2025,BTM Layout,60
401A,Ashok Leyland Viking,Diesel,26.7,47.07,174.2,2025,RT Nagar,46
279F,Volvo 9400XL,Diesel,38.5,29.16,111.4,2025,Peenya,21
215K,Switch EiV 12,Electric,38.3,0,203.2,2025,Kengeri,62
401A,Eicher Skyline Pro,CNG,33.3,32.82,131.4,2025,RT Nagar,37
213K,Volvo 9400XL,Diesel,41.5,83.53,278.7,2025,Banerghatta,28
12G,Ashok Leyland Viking,Diesel,36.6,85.21,220.7,2025,BTM Layout,69
600A,Ashok Leyland Viking,Diesel,48.9,66.49,183.7,2025,Banashankari,31
77E,Ashok Leyland Viking,Diesel,30,64.11,211.8,2025,KR Puram,27
401A,Tata Marcopolo,CNG,36.3,19.67,81.3,2025,RT Nagar,77
96E,Volvo 8400 B7RLE,Diesel,41.6,36.96,136.5,2025,Electronic City,17
401A,Eicher Skyline Pro,CNG,30.9,73.35,264,2025,RT Nagar,56
43E,Eicher Skyline Pro,CNG,49.8,21.3,93.5,2025,Hebbal,54
279F,Ashok Leyland Viking,Diesel,46.1,54.49,178.8,2025,Peenya,68
213K,Volvo 8400 B7RLE,Diesel,27.2,54.28,197.2,2025,Banerghatta,53
210N,Volvo 9400XL,Diesel,45.7,23.99,88.1,2025,Jayanagar,30
279F,Ashok Leyland Viking,Diesel,25.9,73.07,215.9,2025,Peenya,79
290E,Eicher Skyline Pro,CNG,34,37.65,117.9,2025,Mysuru Road,52
60A,Tata Marcopolo,CNG,38.8,76.95,266.1,2025,Indiranagar,58
12G,Switch EiV 12,Electric,36.2,0,147.3,2025,BTM Layout,73
96E,Volvo 8400 B7RLE,Diesel,37.9,49.52,192.1,2025,Electronic City,63
V500C,Volvo 8400 B7RLE,Diesel,49.8,44.82,169.3,2025,ITPL,26
12G,Volvo 8400 B7RLE,Diesel,48.3,39.6,105.9,2025,BTM Layout,27
K1,Switch EiV 12,Electric,34.5,0,239.8,2025,Koramangala,53
K1,Volvo 8400 B7RLE,Diesel,46.7,68.27,253.2,2025,Koramangala,72
279F,Eicher Skyline Pro,CNG,32.6,74.9,233.8,2025,Peenya,51
600A,Switch EiV 12,Electric,29.3,0,148.7,2025,Banashankari,66
252H,Switch EiV 12,Electric,33.7,0,212.9,2025,Bommanahalli,41
12G,Ashok Leyland Viking,Diesel,41,73.55,274.6,2025,BTM Layout,73
348C,Switch EiV 12,Electric,46.6,0,89.2,2025,Marathahalli,35
210N,Tata Marcopolo,CNG,37.2,67.27,263,2025,Jayanagar,47
290E,Volvo 9400XL,Diesel,29.4,70.16,228.3,2025,Mysuru Road,43
K1,Ashok Leyland Viking,Diesel,28.7,48.41,147.7,2025,Koramangala,48
252H,Ashok Leyland Viking,Diesel,25.6,27.75,75,2025,Bommanahalli,10
96E,Ashok Leyland Viking,Diesel,38.7,68.86,271.9,2025,Electronic City,74
356C,Ashok Leyland Viking,Diesel,32.8,47.59,155.1,2025,Majestic,63
96E,Volvo 9400XL,Diesel,27.6,45.27,156.7,2025,Electronic City,42
356C,Volvo 9400XL,Diesel,40.5,30.93,107.5,2025,Majestic,45
96E,Volvo 9400XL,Diesel,26.5,25.44,93.4,2025,Electronic City,60
348C,Switch EiV 12,Electric,26.5,0,161.2,2025,Marathahalli,43
V500C,Ashok Leyland Viking,Diesel,26.4,78.73,278.9,2025,ITPL,49
201R,Ashok Leyland Viking,Diesel,31,101.87,276.4,2025,Yelahanka,22
215K,Volvo 8400 B7RLE,Diesel,32.6,32.7,86.7,2025,Kengeri,52
K1,Volvo 9400XL,Diesel,26.6,65.04,212.3,2025,Koramangala,54
96E,Switch EiV 12,Electric,45.3,0,279.3,2025,Electronic City,11
279F,Ashok Leyland Viking,Diesel,32.7,56.84,195.3,2025,Peenya,65
43E,Switch EiV 12,Electric,35.7,0,175.9,2025,Hebbal,22
600A,Eicher Skyline Pro,CNG,47.2,24.17,88.8,2025,Banashankari,10
365B,Volvo 9400XL,Diesel,34.2,32.94,102.8,2025,Silk Board,65
201R,Volvo 9400XL,Diesel,43.3,66.26,242.1,2025,Yelahanka,20
279F,Ashok Leyland Viking,Diesel,35.4,19.37,62.4,2025,Peenya,17
500D,Ashok Leyland Viking,Diesel,31.5,17.64,64.2,2025,Whitefield,32
77E,Eicher Skyline Pro,CNG,38.4,27.15,90.2,2025,KR Puram,15
252H,Ashok Leyland Viking,Diesel,31,15.82,62.7,2025,Bommanahalli,19
V500C,Eicher Skyline Pro,CNG,49,63.32,236.3,2025,ITPL,53
348C,Volvo 9400XL,Diesel,38.7,26.43,84.1,2025,Marathahalli,43
77E,Switch EiV 12,Electric,27.5,0,245.8,2025,KR Puram,60
600A,Eicher Skyline Pro,CNG,28.8,48.01,167.4,2025,Banashankari,25
201R,Ashok Leyland Viking,Diesel,36.9,72.52,222.2,2025,Yelahanka,68
500D,Eicher Skyline Pro,CNG,36.5,35.14,146.8,2025,Whitefield,12
279F,Ashok Leyland Viking,Diesel,48.9,69.64,256.3,2025,Peenya,21
43E,Ashok Leyland Viking,Diesel,42.2,41,129.4,2025,Hebbal,49
401A,Volvo 8400 B7RLE,Diesel,46,45.35,116,2025,RT Nagar,67
252H,Switch EiV 12,Electric,36.5,0,258.4,2025,Bommanahalli,57
12G,Volvo 8400 B7RLE,Diesel,41.5,52.1,200.2,2025,BTM Layout,73
215K,Eicher Skyline Pro,CNG,40.3,64.55,200.1,2025,Kengeri,12
77E,Ashok Leyland Viking,Diesel,28.8,48.25,174,2025,KR Puram,53
279F,Volvo 9400XL,Diesel,42,67.39,172.7,2025,Peenya,34
213K,Tata Marcopolo,CNG,42.9,25.32,78.7,2025,Banerghatta,56
201R,Ashok Leyland Viking,Diesel,25.3,19.24,75.7,2025,Yelahanka,18
356C,Volvo 9400XL,Diesel,33.8,75.49,222.3,2025,Majestic,10
215K,Tata Marcopolo,CNG,44.4,34.29,136.9,2025,Kengeri,32
365B,Volvo 9400XL,Diesel,29.4,38.03,100.7,2025,Silk Board,65
213K,Volvo 8400 B7RLE,Diesel,44.1,70.85,205.3,2025,Banerghatta,66
365B,Eicher Skyline Pro,CNG,27.1,14.51,64.6,2025,Silk Board,20
401A,Tata Marcopolo,CNG,44.2,31.75,125,2025,RT Nagar,10
215K,Volvo 9400XL,Diesel,30.1,53.69,144,2025,Kengeri,42
365B,Eicher Skyline Pro,CNG,44.4,49.25,195.3,2025,Silk Board,23
96E,Volvo 9400XL,Diesel,26,44.7,176.7,2025,Electronic City,11
V500C,Volvo 9400XL,Diesel,32.3,59.37,235.7,2025,ITPL,45
600A,Switch EiV 12,Electric,39.6,0,192.4,2025,Banashankari,17
V500C,Volvo 9400XL,Diesel,45.3,64.45,224.6,2025,ITPL,23
348C,Volvo 8400 B7RLE,Diesel,33.5,22.66,88.2,2025,Marathahalli,44
43E,Switch EiV 12,Electric,34.3,0,109.4,2025,Hebbal,44
290E,Tata Marcopolo,CNG,36,39.57,155.1,2025,Mysuru Road,18
356C,Eicher Skyline Pro,CNG,31,84.06,267.5,2025,Majestic,40
348C,Ashok Leyland Viking,Diesel,47.2,29.81,103.4,2025,Marathahalli,42
201R,Volvo 9400XL,Diesel,45.4,32.41,122.9,2025,Yelahanka,36
365B,Volvo 9400XL,Diesel,48,85.53,246.2,2025,Silk Board,64
356C,Switch EiV 12,Electric,36.5,0,226.1,2025,Majestic,21
600A,Volvo 9400XL,Diesel,43.2,66.91,245.2,2025,Banashankari,25
213K,Tata Marcopolo,CNG,29.4,53.54,204.4,2025,Banerghatta,46
213K,Tata Marcopolo,CNG,48.4,90.25,276.6,2025,Banerghatta,37
210N,Ashok Leyland Viking,Diesel,28.3,26.83,96.3,2025,Jayanagar,43
213K,Eicher Skyline Pro,CNG,30.3,63.82,239.9,2025,Banerghatta,68
290E,Switch EiV 12,Electric,43.3,0,245,2025,Mysuru Road,14
600A,Volvo 8400 B7RLE,Diesel,39.8,54.96,179.3,2025,Banashankari,41
365B,Volvo 9400XL,Diesel,39.1,35.52,125.5,2025,Silk Board,14
401A,Ashok Leyland Viking,Diesel,40.9,69.23,252.1,2025,RT Nagar,43
210N,Eicher Skyline Pro,CNG,36.5,31.59,95.2,2025,Jayanagar,69
77E,Tata Marcopolo,CNG,43.2,25.47,114.3,2025,KR Puram,54
348C,Switch EiV 12,Electric,35,0,81.8,2025,Marathahalli,59
252H,Tata Marcopolo,CNG,30.1,61.58,236,2025,Bommanahalli,10
K1,Eicher Skyline Pro,CNG,40.4,67.43,221.3,2025,Koramangala,44
401A,Tata Marcopolo,CNG,44.6,36.07,138.2,2025,RT Nagar,76
V500C,Ashok Leyland Viking,Diesel,44,23.97,61.2,2025,ITPL,75
348C,Volvo 9400XL,Diesel,30.1,56.92,224.1,2025,Marathahalli,45
43E,Eicher Skyline Pro,CNG,33.2,43.71,140.9,2025,Hebbal,25
348C,Switch EiV 12,Electric,46.9,0,127.2,2025,Marathahalli,41
201R,Tata Marcopolo,CNG,34.2,76.02,279.2,2025,Yelahanka,19
348C,Volvo 8400 B7RLE,Diesel,47.2,64.58,218.9,2025,Marathahalli,79
V500C,Ashok Leyland Viking,Diesel,35.3,41.23,146.1,2025,ITPL,43
290E,Switch EiV 12,Electric,40.5,0,60.7,2025,Mysuru Road,69
401A,Volvo 9400XL,Diesel,44.9,52.36,138.2,2025,RT Nagar,15
201R,Volvo 9400XL,Diesel,37,54.68,189.4,2025,Yelahanka,52
213K,Eicher Skyline Pro,CNG,39.5,19.34,74.3,2025,Banerghatta,62
348C,Eicher Skyline Pro,CNG,40.1,45.66,183.3,2025,Marathahalli,74
348C,Tata Marcopolo,CNG,31.7,55.95,237.1,2025,Marathahalli,50
500D,Volvo 8400 B7RLE,Diesel,26.9,65.54,169.6,2025,Whitefield,25
252H,Ashok Leyland Viking,Diesel,44.6,37.48,133.5,2025,Bommanahalli,43
500D,Switch EiV 12,Electric,37.9,0,233.5,2025,Whitefield,22
279F,Volvo 9400XL,Diesel,28.7,52.4,156.8,2025,Peenya,80
60A,Eicher Skyline Pro,CNG,27.2,46.68,155.5,2025,Indiranagar,17
252H,Ashok Leyland Viking,Diesel,43.4,47.93,191.6,2025,Bommanahalli,19
401A,Eicher Skyline Pro,CNG,41.1,73.05,265.3,2025,RT Nagar,73
V500C,Ashok Leyland Viking,Diesel,44.6,74.7,200,2025,ITPL,50
201R,Volvo 9400XL,Diesel,46,48.83,150.2,2025,Yelahanka,63
279F,Volvo 9400XL,Diesel,39.7,66.91,185.8,2025,Peenya,62
201R,Ashok Leyland Viking,Diesel,33.4,55.02,139.7,2025,Yelahanka,47
600A,Ashok Leyland Viking,Diesel,45.8,22.44,65.3,2025,Banashankari,72
43E,Tata Marcopolo,CNG,32.5,39.45,174,2025,Hebbal,52
290E,Switch EiV 12,Electric,35.7,0,117,2025,Mysuru Road,12
252H,Switch EiV 12,Electric,46,0,252,2025,Bommanahalli,23
K1,Switch EiV 12,Electric,45.1,0,100.9,2025,Koramangala,17
213K,Volvo 9400XL,Diesel,37.1,59.55,160.8,2025,Banerghatta,11
60A,Volvo 9400XL,Diesel,43.2,23.95,77.7,2025,Indiranagar,53
43E,Volvo 9400XL,Diesel,43.2,42.79,156.1,2025,Hebbal,16
279F,Ashok Leyland Viking,Diesel,40.3,35.15,95,2025,Peenya,44
252H,Switch EiV 12,Electric,41.4,0,225.3,2025,Bommanahalli,72
365B,Volvo 9400XL,Diesel,26.7,104.62,270.5,2025,Silk Board,15
348C,Ashok Leyland Viking,Diesel,31.5,42.54,122.1,2025,Marathahalli,35
279F,Eicher Skyline Pro,CNG,31.2,76.12,259.4,2025,Peenya,48
356C,Volvo 9400XL,Diesel,36.2,61.96,227.1,2025,Majestic,51
348C,Ashok Leyland Viking,Diesel,37.2,29.17,74.4,2025,Marathahalli,11
43E,Eicher Skyline Pro,CNG,47.7,23,73.8,2025,Hebbal,76
500D,Volvo 8400 B7RLE,Diesel,35.3,58.62,177.1,2025,Whitefield,70
43E,Switch EiV 12,Electric,25.5,0,258,2025,Hebbal,73
96E,Tata Marcopolo,CNG,49.1,53.64,206,2025,Electronic City,52
348C,Volvo 8400 B7RLE,Diesel,26.3,85.07,266.1,2025,Marathahalli,65
252H,Switch EiV 12,Electric,43.3,0,117.2,2025,Bommanahalli,50
77E,Switch EiV 12,Electric,31.4,0,275.9,2025,KR Puram,44
600A,Ashok Leyland Viking,Diesel,30,60.9,203.9,2025,Banashankari,80
96E,Switch EiV 12,Electric,49.3,0,162.1,2025,Electronic City,22
252H,Volvo 9400XL,Diesel,33.7,72.59,193.9,2025,Bommanahalli,26
K1,Switch EiV 12,Electric,30.6,0,93.3,2025,Koramangala,58
600A,Volvo 9400XL,Diesel,46.3,34.47,115.2,2025,Banashankari,43
43E,Volvo 8400 B7RLE,Diesel,27.9,46.2,175.1,2025,Hebbal,76
356C,Switch EiV 12,Electric,26.7,0,219,2025,Majestic,72
252H,Eicher Skyline Pro,CNG,38.6,69.08,215.7,2025,Bommanahalli,43
279F,Volvo 8400 B7RLE,Diesel,37.1,58.5,160.8,2025,Peenya,71
279F,Volvo 9400XL,Diesel,46.2,76.52,268.1,2025,Peenya,28
401A,Tata Marcopolo,CNG,35.3,40.66,161.7,2025,RT Nagar,18
365B,Switch EiV 12,Electric,26.6,0,180,2025,Silk Board,44
348C,Volvo 9400XL,Diesel,45.2,54.19,172.8,2025,Marathahalli,52
213K,Ashok Leyland Viking,Diesel,44.7,25.48,71.4,2025,Banerghatta,14
96E,Tata Marcopolo,CNG,29.1,33.44,116.9,2025,Electronic City,56
210N,Switch EiV 12,Electric,38,0,226.5,2025,Jayanagar,80
43E,Tata Marcopolo,CNG,46.9,24.33,105.1,2025,Hebbal,10
600A,Eicher Skyline Pro,CNG,31,68.4,251.5,2025,Banashankari,43
K1,Volvo 9400XL,Diesel,44.3,108.9,276.7,2025,Koramangala,46
60A,Tata Marcopolo,CNG,36.6,17.03,74.3,2025,Indiranagar,13
96E,Eicher Skyline Pro,CNG,37.4,56.52,178.5,2025,Electronic City,64
60A,Eicher Skyline Pro,CNG,45.6,57.27,204.5,2025,Indiranagar,61
500D,Switch EiV 12,Electric,49.1,0,230.6,2025,Whitefield,12
600A,Ashok Leyland Viking,Diesel,38.1,35.76,104.8,2025,Banashankari,41
V500C,Ashok Leyland Viking,Diesel,39.4,67.91,234.4,2025,ITPL,77
348C,Volvo 8400 B7RLE,Diesel,34.9,60.81,235.5,2025,Marathahalli,11
201R,Volvo 9400XL,Diesel,28.9,50.03,177.3,2025,Yelahanka,44
401A,Volvo 9400XL,Diesel,32.9,61.94,234.5,2025,RT Nagar,28
215K,Eicher Skyline Pro,CNG,31.9,57.96,259.4,2025,Kengeri,38
210N,Volvo 8400 B7RLE,Diesel,30.1,32.78,91,2025,Jayanagar,74
43E,Tata Marcopolo,CNG,41.4,79.52,256.7,2025,Hebbal,17
43E,Volvo 8400 B7RLE,Diesel,40.4,59.77,156.9,2025,Hebbal,58
210N,Tata Marcopolo,CNG,45.1,67.62,254.1,2025,Jayanagar,46
500D,Volvo 8400 B7RLE,Diesel,35.4,68.61,272.8,2025,Whitefield,36
12G,Volvo 8400 B7RLE,Diesel,40.9,75.27,206.9,2025,BTM Layout,32
348C,Eicher Skyline Pro,CNG,35.7,78.31,254,2025,Marathahalli,62
12G,Eicher Skyline Pro,CNG,39,16.57,62.8,2025,BTM Layout,29
290E,Tata Marcopolo,CNG,47.3,69.99,218.3,2025,Mysuru Road,13
12G,Eicher Skyline Pro,CNG,29.7,51.52,220.9,2025,BTM Layout,32
213K,Tata Marcopolo,CNG,38.5,59.08,240.2,2025,Banerghatta,67
252H,Eicher Skyline Pro,CNG,36.8,30.53,129.2,2025,Bommanahalli,40
K1,Volvo 8400 B7RLE,Diesel,33.9,49.67,161,2025,Koramangala,57
348C,Switch EiV 12,Electric,33.4,0,242.2,2025,Marathahalli,75
600A,Switch EiV 12,Electric,42.8,0,98.2,2025,Banashankari,39
500D,Volvo 9400XL,Diesel,27.5,84.52,241.7,2025,Whitefield,38
43E,Ashok Leyland Viking,Diesel,33.7,28.72,91.2,2025,Hebbal,73
V500C,Volvo 9400XL,Diesel,41.3,65.48,224.7,2025,ITPL,21
60A,Tata Marcopolo,CNG,46,37.09,137.5,2025,Indiranagar,69
215K,Tata Marcopolo,CNG,40.9,86.35,275.4,2025,Kengeri,53
365B,Volvo 9400XL,Diesel,33.1,59.16,208.8,2025,Silk Board,27
201R,Volvo 8400 B7RLE,Diesel,29.4,19.9,75.3,2025,Yelahanka,33
210N,Tata Marcopolo,CNG,45.9,32.17,110,2025,Jayanagar,69
348C,Tata Marcopolo,CNG,42.4,53.44,201.4,2025,Marathahalli,27
500D,Eicher Skyline Pro,CNG,30.3,41.71,127.2,2025,Whitefield,40
210N,Switch EiV 12,Electric,41.3,0,126.9,2025,Jayanagar,45
290E,Switch EiV 12,Electric,46.8,0,266.4,2025,Mysuru Road,16
215K,Eicher Skyline Pro,CNG,44.7,57.16,228.5,2025,Kengeri,25
279F,Tata Marcopolo,CNG,47.7,29.28,117.3,2025,Peenya,58
60A,Volvo 9400XL,Diesel,27.8,57.81,183.3,2025,Indiranagar,56
290E,Ashok Leyland Viking,Diesel,46.6,48.58,161.3,2025,Mysuru Road,66
252H,Ashok Leyland Viking,Diesel,49.4,53.9,143.7,2025,Bommanahalli,76
60A,Eicher Skyline Pro,CNG,26.1,37.23,153,2025,Indiranagar,59
213K,Switch EiV 12,Electric,32,0,262,2025,Banerghatta,41
401A,Volvo 8400 B7RLE,Diesel,32.3,64.35,248.8,2025,RT Nagar,40
215K,Volvo 8400 B7RLE,Diesel,45.1,89.39,225.9,2025,Kengeri,78
401A,Volvo 9400XL,Diesel,43.2,91.91,271.8,2025,RT Nagar,19
401A,Volvo 8400 B7RLE,Diesel,32,63.66,242.5,2025,RT Nagar,69
201R,Ashok Leyland Viking,Diesel,42.6,25.61,84.8,2025,Yelahanka,31
500D,Eicher Skyline Pro,CNG,31,26.9,81.2,2025,Whitefield,20
600A,Tata Marcopolo,CNG,32.5,41.85,163.1,2025,Banashankari,73
356C,Volvo 9400XL,Diesel,32.5,34.69,125.4,2025,Majestic,47
43E,Tata Marcopolo,CNG,47.6,16.5,70.6,2025,Hebbal,15
213K,Ashok Leyland Viking,Diesel,39.8,53.9,206.9,2025,Banerghatta,55
96E,Volvo 8400 B7RLE,Diesel,27,35.25,100.8,2025,Electronic City,67
365B,Ashok Leyland Viking,Diesel,25.9,69.59,234.8,2025,Silk Board,66
77E,Volvo 9400XL,Diesel,46.4,85,279,2025,KR Puram,27
210N,Volvo 9400XL,Diesel,45.8,21.77,74,2025,Jayanagar,30
K1,Switch EiV 12,Electric,27.3,0,85.3,2025,Koramangala,63
201R,Eicher Skyline Pro,CNG,41.7,61.29,260.1,2025,Yelahanka,21
348C,Volvo 8400 B7RLE,Diesel,39.3,77.35,253.4,2025,Marathahalli,27
60A,Volvo 9400XL,Diesel,32.9,49.08,154.7,2025,Indiranagar,28
210N,Eicher Skyline Pro,CNG,40,53.08,230.3,2025,Jayanagar,11
201R,Volvo 9400XL,Diesel,40.2,45.69,157.5,2025,Yelahanka,64
213K,Volvo 8400 B7RLE,Diesel,42.6,66.59,190.2,2025,Banerghatta,31
12G,Eicher Skyline Pro,CNG,27.6,48.28,172.7,2025,BTM Layout,17
500D,Switch EiV 12,Electric,41.3,0,167.3,2025,Whitefield,63
348C,Eicher Skyline Pro,CNG,40,65.39,269.1,2025,Marathahalli,38
279F,Ashok Leyland Viking,Diesel,40.9,65.76,171.4,2025,Peenya,80
252H,Tata Marcopolo,CNG,34,31.28,116,2025,Bommanahalli,39
215K,Ashok Leyland Viking,Diesel,28.5,24.01,70,2025,Kengeri,52
77E,Volvo 8400 B7RLE,Diesel,33.3,84.92,273.7,2025,KR Puram,13
600A,Eicher Skyline Pro,CNG,40.3,30.14,103.1,2025,Banashankari,53
252H,Tata Marcopolo,CNG,37.9,35.07,105.5,2025,Bommanahalli,40
12G,Volvo 8400 B7RLE,Diesel,30.5,24.15,61.7,2025,BTM Layout,54
213K,Ashok Leyland Viking,Diesel,33.5,22.62,83.8,2025,Banerghatta,12
500D,Eicher Skyline Pro,CNG,37.8,54.04,185.9,2025,Whitefield,26
600A,Switch EiV 12,Electric,34.9,0,265,2025,Banashankari,53
600A,Ashok Leyland Viking,Diesel,40.4,29.65,79.2,2025,Banashankari,27
290E,Ashok Leyland Viking,Diesel,37.7,35.66,135.9,2025,Mysuru Road,78
60A,Volvo 9400XL,Diesel,42.6,42.26,168.6,2025,Indiranagar,43
12G,Eicher Skyline Pro,CNG,31.9,24.75,88.9,2025,BTM Layout,40
210N,Ashok Leyland Viking,Diesel,35.3,39.57,152.8,2025,Jayanagar,22
252H,Volvo 8400 B7RLE,Diesel,40.2,73.24,217.1,2025,Bommanahalli,74
365B,Eicher Skyline Pro,CNG,48.9,57,241.2,2025,Silk Board,34
401A,Volvo 9400XL,Diesel,40.9,23.4,60.3,2025,RT Nagar,33
96E,Eicher Skyline Pro,CNG,26.5,29.88,116.7,2025,Electronic City,59
356C,Switch EiV 12,Electric,27.9,0,211,2025,Majestic,36
43E,Volvo 9400XL,Diesel,36.4,47.29,144.4,2025,Hebbal,34
77E,Volvo 8400 B7RLE,Diesel,35.5,23.88,86.6,2025,KR Puram,63
213K,Eicher Skyline Pro,CNG,27,21.4,75.6,2025,Banerghatta,23
K1,Volvo 8400 B7RLE,Diesel,41.7,75.95,267.2,2025,Koramangala,58
356C,Volvo 9400XL,Diesel,39.8,55.5,139.6,2025,Majestic,30
215K,Tata Marcopolo,CNG,47.8,51.01,199.9,2025,Kengeri,28
356C,Switch EiV 12,Electric,43.1,0,252.2,2025,Majestic,54
500D,Tata Marcopolo,CNG,47.6,27.91,86.5,2025,Whitefield,79
365B,Volvo 9400XL,Diesel,28.6,70.5,177.5,2025,Silk Board,71
600A,Volvo 9400XL,Diesel,32.4,47.32,152.8,2025,Banashankari,46
43E,Tata Marcopolo,CNG,26.1,58.72,187,2025,Hebbal,80
365B,Tata Marcopolo,CNG,33.6,44.68,182.9,2025,Silk Board,26
12G,Switch EiV 12,Electric,46.1,0,203.5,2025,BTM Layout,56
12G,Ashok Leyland Viking,Diesel,35.7,60.49,212.3,2025,BTM Layout,74
348C,Switch EiV 12,Electric,32.7,0,120.6,2025,Marathahalli,54
252H,Tata Marcopolo,CNG,36.2,55.65,233.6,2025,Bommanahalli,25
43E,Switch EiV 12,Electric,46.4,0,240.9,2025,Hebbal,30
365B,Tata Marcopolo,CNG,35.8,75.24,261.7,2025,Silk Board,13
210N,Ashok Leyland Viking,Diesel,34.3,55.3,188.1,2025,Jayanagar,56
365B,Volvo 9400XL,Diesel,42.2,70.28,215.2,2025,Silk Board,38
96E,Tata Marcopolo,CNG,35.8,30.09,96.7,2025,Electronic City,46
77E,Switch EiV 12,Electric,33.6,0,255.8,2025,KR Puram,72
96E,Tata Marcopolo,CNG,25.6,23.69,94,2025,Electronic City,29
600A,Switch EiV 12,Electric,33.5,0,200.1,2025,Banashankari,58
V500C,Eicher Skyline Pro,CNG,35.2,21.86,75.8,2025,ITPL,62
356C,Ashok Leyland Viking,Diesel,40.1,68.59,209,2025,Majestic,73
12G,Ashok Leyland Viking,Diesel,49.7,33.92,107.9,2025,BTM Layout,26
215K,Volvo 9400XL,Diesel,28.5,65.48,211.4,2025,Kengeri,55
500D,Tata Marcopolo,CNG,37.6,14.87,66.1,2025,Whitefield,52
201R,Switch EiV 12,Electric,26,0,144.5,2025,Yelahanka,61
77E,Eicher Skyline Pro,CNG,34.7,20.62,66.8,2025,KR Puram,61
215K,Eicher Skyline Pro,CNG,43.9,17.65,65.1,2025,Kengeri,18
V500C,Ashok Leyland Viking,Diesel,47.5,46.22,123.6,2025,ITPL,57
252H,Eicher Skyline Pro,CNG,32.8,62.39,270.3,2025,Bommanahalli,70
401A,Volvo 9400XL,Diesel,45.7,48.44,192.6,2025,RT Nagar,78
356C,Switch EiV 12,Electric,49,0,123.4,2025,Majestic,61
96E,Eicher Skyline Pro,CNG,34.6,41.5,145.7,2025,Electronic City,41
K1,Volvo 8400 B7RLE,Diesel,28.9,53.77,179.1,2025,Koramangala,79
V500C,Volvo 8400 B7RLE,Diesel,44,47.78,179.2,2025,ITPL,41
279F,Switch EiV 12,Electric,32.6,0,156.9,2025,Peenya,23
348C,Volvo 8400 B7RLE,Diesel,29.9,45.27,117.1,2025,Marathahalli,59
K1,Eicher Skyline Pro,CNG,31.8,30.41,135.3,2025,Koramangala,73
252H,Eicher Skyline Pro,CNG,33.7,47.2,182.7,2025,Bommanahalli,39
348C,Ashok Leyland Viking,Diesel,36.1,26.34,90.6,2025,Marathahalli,77
279F,Eicher Skyline Pro,CNG,35,37.32,167.6,2025,Peenya,64
60A,Tata Marcopolo,CNG,40.6,65.83,253.7,2025,Indiranagar,10
96E,Ashok Leyland Viking,Diesel,30,63.54,196.5,2025,Electronic City,59
K1,Volvo 9400XL,Diesel,36.9,20.73,68.7,2025,Koramangala,62
V500C,Ashok Leyland Viking,Diesel,49.1,28.49,110.1,2025,ITPL,16
60A,Switch EiV 12,Electric,38.3,0,218.9,2025,Indiranagar,25
290E,Tata Marcopolo,CNG,28.3,60.06,251.4,2025,Mysuru Road,17
290E,Volvo 9400XL,Diesel,44.9,30.03,87.5,2025,Mysuru Road,38
60A,Volvo 8400 B7RLE,Diesel,48.6,92.91,253,2025,Indiranagar,34
43E,Ashok Leyland Viking,Diesel,49.5,50.17,161.8,2025,Hebbal,24
500D,Tata Marcopolo,CNG,39.7,70.17,250,2025,Whitefield,61
96E,Tata Marcopolo,CNG,30.1,29.67,122.9,2025,Electronic City,13
210N,Switch EiV 12,Electric,37.8,0,145,2025,Jayanagar,76
60A,Tata Marcopolo,CNG,39.4,39.15,168.3,2025,Indiranagar,29
213K,Switch EiV 12,Electric,35.2,0,275.8,2025,Banerghatta,60
210N,Volvo 8400 B7RLE,Diesel,44.1,72.05,242.1,2025,Jayanagar,32
365B,Volvo 8400 B7RLE,Diesel,30,101.47,270.3,2025,Silk Board,72
12G,Switch EiV 12,Electric,36,0,247.9,2025,BTM Layout,55
V500C,Switch EiV 12,Electric,47.3,0,246.3,2025,ITPL,63
365B,Eicher Skyline Pro,CNG,47.1,20.07,73.7,2025,Silk Board,41
K1,Switch EiV 12,Electric,40.7,0,172.3,2025,Koramangala,48
201R,Eicher Skyline Pro,CNG,25.5,71,263.8,2025,Yelahanka,11
252H,Tata Marcopolo,CNG,43.1,52.32,211.3,2025,Bommanahalli,11
279F,Eicher Skyline Pro,CNG,32.5,25.32,89.6,2025,Peenya,17
V500C,Eicher Skyline Pro,CNG,32,71.47,237,2025,ITPL,42
213K,Eicher Skyline Pro,CNG,25.2,60.18,270.6,2025,Banerghatta,69
201R,Ashok Leyland Viking,Diesel,45.7,71.01,208.9,2025,Yelahanka,24
96E,Volvo 8400 B7RLE,Diesel,43.4,16.82,63.1,2025,Electronic City,21
279F,Volvo 9400XL,Diesel,28.6,61.4,222.9,2025,Peenya,49
213K,Ashok Leyland Viking,Diesel,41.5,62.81,229.2,2025,Banerghatta,62
201R,Switch EiV 12,Electric,40.3,0,246.1,2025,Yelahanka,79
290E,Tata Marcopolo,CNG,37.2,25.51,79.5,2025,Mysuru Road,56
V500C,Volvo 8400 B7RLE,Diesel,35.2,57.6,149.7,2025,ITPL,51
600A,Tata Marcopolo,CNG,27.8,32.45,136.7,2025,Banashankari,59
60A,Volvo 9400XL,Diesel,26.8,68.27,268.5,2025,Indiranagar,32
60A,Tata Marcopolo,CNG,32.5,56.17,175,2025,Indiranagar,30
500D,Volvo 9400XL,Diesel,44.9,47.77,170.1,2025,Whitefield,55
43E,Tata Marcopolo,CNG,26.8,19.7,71,2025,Hebbal,74
12G,Eicher Skyline Pro,CNG,30.8,36.53,125,2025,BTM Layout,42
201R,Volvo 9400XL,Diesel,48.2,76.2,236.8,2025,Yelahanka,14
215K,Ashok Leyland Viking,Diesel,33,80.66,259.3,2025,Kengeri,14
V500C,Eicher Skyline Pro,CNG,41,24.55,109.7,2025,ITPL,27
213K,Switch EiV 12,Electric,33.9,0,192.8,2025,Banerghatta,14
K1,Volvo 9400XL,Diesel,28.1,52.83,202.5,2025,Koramangala,30
348C,Tata Marcopolo,CNG,36.2,44.01,170.7,2025,Marathahalli,11
60A,Volvo 8400 B7RLE,Diesel,26.8,56.05,197.5,2025,Indiranagar,71
V500C,Ashok Leyland Viking,Diesel,42.8,30.32,113.2,2025,ITPL,17
201R,Volvo 8400 B7RLE,Diesel,38.8,72.22,236.9,2025,Yelahanka,61
12G,Tata Marcopolo,CNG,44.4,26.83,91.4,2025,BTM Layout,58
210N,Volvo 8400 B7RLE,Diesel,32.1,62.69,169.3,2025,Jayanagar,79
252H,Switch EiV 12,Electric,26.4,0,198.5,2025,Bommanahalli,59
279F,Ashok Leyland Viking,Diesel,32.9,89.87,224.7,2025,Peenya,64
77E,Volvo 8400 B7RLE,Diesel,26.2,59.16,172.4,2025,KR Puram,71
365B,Ashok Leyland Viking,Diesel,26.6,57.33,215.5,2025,Silk Board,73
401A,Volvo 8400 B7RLE,Diesel,31.2,16.84,60.8,2025,RT Nagar,44
252H,Volvo 8400 B7RLE,Diesel,27.5,42.63,129.6,2025,Bommanahalli,26
K1,Tata Marcopolo,CNG,46.1,34.44,119.5,2025,Koramangala,18
279F,Volvo 8400 B7RLE,Diesel,47.3,74.14,233.6,2025,Peenya,11
96E,Switch EiV 12,Electric,34.4,0,260.2,2025,Electronic City,75
279F,Eicher Skyline Pro,CNG,27.2,67.51,272.1,2025,Peenya,66
600A,Tata Marcopolo,CNG,34.7,42.69,168.6,2025,Banashankari,27
96E,Eicher Skyline Pro,CNG,25.1,66.08,214.8,2025,Electronic City,59
215K,Switch EiV 12,Electric,41.7,0,216.9,2025,Kengeri,18
600A,Ashok Leyland Viking,Diesel,44,69.41,272.5,2025,Banashankari,64
215K,Eicher Skyline Pro,CNG,32.5,67.95,214.6,2025,Kengeri,14
201R,Switch EiV 12,Electric,41.1,0,232,2025,Yelahanka,43
77E,Volvo 8400 B7RLE,Diesel,34,17.94,70.6,2025,KR Puram,78
96E,Volvo 9400XL,Diesel,35.8,53.38,170.1,2025,Electronic City,68
V500C,Tata Marcopolo,CNG,34.2,29.82,106,2025,ITPL,37
290E,Tata Marcopolo,CNG,44.2,19.73,71.5,2025,Mysuru Road,30
12G,Volvo 9400XL,Diesel,46.3,85.49,240.9,2025,BTM Layout,17
60A,Ashok Leyland Viking,Diesel,36.8,53.56,204.6,2025,Indiranagar,47
356C,Eicher Skyline Pro,CNG,41.9,27.48,107.5,2025,Majestic,41
12G,Volvo 9400XL,Diesel,28.4,35.95,125,2025,BTM Layout,29
600A,Volvo 9400XL,Diesel,32.9,64.17,222.5,2025,Banashankari,43
290E,Ashok Leyland Viking,Diesel,42.8,52.49,146.9,2025,Mysuru Road,20
290E,Volvo 9400XL,Diesel,32.2,83.82,255.8,2025,Mysuru Road,40
77E,Tata Marcopolo,CNG,27.8,19.29,72.8,2025,KR Puram,30
V500C,Eicher Skyline Pro,CNG,45.9,39.34,118.9,2025,ITPL,13
500D,Volvo 8400 B7RLE,Diesel,33.4,56.7,143.4,2025,Whitefield,21
77E,Switch EiV 12,Electric,35.3,0,87.4,2025,KR Puram,18
213K,Ashok Leyland Viking,Diesel,35.1,51.09,168.4,2025,Banerghatta,49
348C,Tata Marcopolo,CNG,25.2,51.65,190.9,2025,Marathahalli,29
V500C,Tata Marcopolo,CNG,38,67.72,272,2025,ITPL,60
96E,Switch EiV 12,Electric,44.3,0,128.6,2025,Electronic City,56
348C,Volvo 9400XL,Diesel,38,58.02,230,2025,Marathahalli,68
290E,Volvo 8400 B7RLE,Diesel,25.4,23.97,87.6,2025,Mysuru Road,59
60A,Volvo 8400 B7RLE,Diesel,28,81.98,237.6,2025,Indiranagar,55
356C,Volvo 9400XL,Diesel,32.3,17.46,63.9,2025,Majestic,33
96E,Switch EiV 12,Electric,33.7,0,174,2025,Electronic City,52
12G,Switch EiV 12,Electric,25,0,141.8,2025,BTM Layout,49
210N,Volvo 8400 B7RLE,Diesel,41.2,31.81,126,2025,Jayanagar,26
252H,Ashok Leyland Viking,Diesel,25.6,64.04,246.4,2025,Bommanahalli,35
K1,Ashok Leyland Viking,Diesel,44.5,72.89,232.3,2025,Koramangala,24
290E,Volvo 9400XL,Diesel,32.6,56.8,147.6,2025,Mysuru Road,61
252H,Volvo 9400XL,Diesel,31.2,34.16,110.2,2025,Bommanahalli,39
V500C,Switch EiV 12,Electric,36.8,0,224.4,2025,ITPL,42
12G,Tata Marcopolo,CNG,48.9,16.47,72.7,2025,BTM Layout,67
12G,Switch EiV 12,Electric,49.8,0,232.7,2025,BTM Layout,65
290E,Switch EiV 12,Electric,49.1,0,179.8,2025,Mysuru Road,65
96E,Eicher Skyline Pro,CNG,34.1,22.95,76.6,2025,Electronic City,56
V500C,Tata Marcopolo,CNG,28.5,26.21,103.1,2025,ITPL,28
K1,Volvo 9400XL,Diesel,39.5,85.24,231.9,2025,Koramangala,54
500D,Volvo 8400 B7RLE,Diesel,40.9,77.35,238.4,2025,Whitefield,57
201R,Volvo 9400XL,Diesel,31.5,69.02,208.3,2025,Yelahanka,60
348C,Switch EiV 12,Electric,32.3,0,261.8,2025,Marathahalli,56
V500C,Ashok Leyland Viking,Diesel,47.3,45.88,163.4,2025,ITPL,74
213K,Tata Marcopolo,CNG,28.7,24.47,73.7,2025,Banerghatta,70
600A,Volvo 8400 B7RLE,Diesel,36.2,73.59,198.8,2025,Banashankari,69
96E,Switch EiV 12,Electric,38.2,0,270.7,2025,Electronic City,33
12G,Ashok Leyland Viking,Diesel,37.5,32.16,113.2,2025,BTM Layout,45
356C,Ashok Leyland Viking,Diesel,31.9,20.7,76.8,2025,Majestic,34
213K,Eicher Skyline Pro,CNG,38.7,44.15,161.1,2025,Banerghatta,40
201R,Switch EiV 12,Electric,29.1,0,69.7,2025,Yelahanka,73
213K,Switch EiV 12,Electric,30.2,0,158,2025,Banerghatta,26
12G,Eicher Skyline Pro,CNG,46.1,15.88,71,2025,BTM Layout,24
348C,Volvo 8400 B7RLE,Diesel,46.3,81.91,234.5,2025,Marathahalli,24
210N,Eicher Skyline Pro,CNG,29.9,61.28,271.3,2025,Jayanagar,66
401A,Volvo 9400XL,Diesel,42.8,70.22,278.9,2025,RT Nagar,19
215K,Volvo 8400 B7RLE,Diesel,31.5,58.72,185.3,2025,Kengeri,69
252H,Volvo 8400 B7RLE,Diesel,26.8,55.51,190.6,2025,Bommanahalli,15
213K,Tata Marcopolo,CNG,29.8,65.86,275.9,2025,Banerghatta,38
401A,Ashok Leyland Viking,Diesel,48.6,65.91,259.7,2025,RT Nagar,14
V500C,Tata Marcopolo,CNG,49.4,42.24,174.7,2025,ITPL,69
348C,Eicher Skyline Pro,CNG,36.9,23.45,95.6,2025,Marathahalli,10
96E,Tata Marcopolo,CNG,41,28.6,114.4,2025,Electronic City,60
500D,Volvo 9400XL,Diesel,39.1,26.19,95.8,2025,Whitefield,75
252H,Volvo 8400 B7RLE,Diesel,25.3,67.55,169.8,2025,Bommanahalli,51
210N,Eicher Skyline Pro,CNG,48.2,41.43,138.5,2025,Jayanagar,33
252H,Switch EiV 12,Electric,30.6,0,199.6,2025,Bommanahalli,77
401A,Eicher Skyline Pro,CNG,46.2,31.95,130.8,2025,RT Nagar,50
356C,Volvo 8400 B7RLE,Diesel,35.7,31.84,81,2025,Majestic,27
V500C,Volvo 8400 B7RLE,Diesel,41.6,61.92,165.8,2025,ITPL,43
252H,Volvo 8400 B7RLE,Diesel,34.9,31.86,123.6,2025,Bommanahalli,17
96E,Switch EiV 12,Electric,26.1,0,278.5,2025,Electronic City,68
201R,Volvo 8400 B7RLE,Diesel,34.3,73.62,227.4,2025,Yelahanka,14
K1,Tata Marcopolo,CNG,48,51.03,225.9,2025,Koramangala,21
96E,Switch EiV 12,Electric,33.9,0,187,2025,Electronic City,76
77E,Switch EiV 12,Electric,31.3,0,233.3,2025,KR Puram,73
279F,Ashok Leyland Viking,Diesel,34,52.83,184.1,2025,Peenya,22
600A,Volvo 8400 B7RLE,Diesel,29.8,29.12,112.9,2025,Banashankari,79
279F,Tata Marcopolo,CNG,37.6,24.74,82.4,2025,Peenya,62
V500C,Ashok Leyland Viking,Diesel,25.9,24.83,68.6,2025,ITPL,53
12G,Eicher Skyline Pro,CNG,32.1,56.65,250.7,2025,BTM Layout,76
60A,Ashok Leyland Viking,Diesel,35.9,55.78,188,2025,Indiranagar,70
348C,Volvo 9400XL,Diesel,44,59.41,173.7,2025,Marathahalli,10
77E,Volvo 9400XL,Diesel,47.4,35.13,137.7,2025,KR Puram,73
365B,Eicher Skyline Pro,CNG,35.5,61.48,256.4,2025,Silk Board,32
210N,Tata Marcopolo,CNG,37.4,49.83,164.8,2025,Jayanagar,39
365B,Tata Marcopolo,CNG,29.7,54.33,190,2025,Silk Board,70
500D,Switch EiV 12,Electric,30.2,0,248.1,2025,Whitefield,34
213K,Volvo 9400XL,Diesel,26.7,19.35,75.7,2025,Banerghatta,71
213K,Ashok Leyland Viking,Diesel,35.2,46.15,171.5,2025,Banerghatta,36
600A,Ashok Leyland Viking,Diesel,33.3,68.89,243.9,2025,Banashankari,59
356C,Switch EiV 12,Electric,41.4,0,229.6,2025,Majestic,12
290E,Switch EiV 12,Electric,46.9,0,93.4,2025,Mysuru Road,61
348C,Tata Marcopolo,CNG,32.1,49.1,178.6,2025,Marathahalli,53
365B,Ashok Leyland Viking,Diesel,28.2,18.72,68.3,2025,Silk Board,65
290E,Tata Marcopolo,CNG,35.4,15.86,60,2025,Mysuru Road,36
60A,Volvo 8400 B7RLE,Diesel,49.3,25.36,72,2025,Indiranagar,48
12G,Switch EiV 12,Electric,32.6,0,126.9,2025,BTM Layout,21
348C,Eicher Skyline Pro,CNG,25,27.04,110.7,2025,Marathahalli,34
12G,Ashok Leyland Viking,Diesel,30.6,78.04,272.7,2025,BTM Layout,79
210N,Switch EiV 12,Electric,46.2,0,223.2,2025,Jayanagar,44
96E,Switch EiV 12,Electric,32.6,0,153,2025,Electronic City,30
60A,Tata Marcopolo,CNG,42.8,31.15,131.6,2025,Indiranagar,63
43E,Ashok Leyland Viking,Diesel,34.3,25.95,100,2025,Hebbal,57
96E,Switch EiV 12,Electric,49.6,0,237.5,2025,Electronic City,11
500D,Switch EiV 12,Electric,34.8,0,225.9,2025,Whitefield,31
201R,Volvo 9400XL,Diesel,41.5,72.55,189.9,2025,Yelahanka,69
43E,Switch EiV 12,Electric,42.7,0,179.8,2025,Hebbal,27
201R,Switch EiV 12,Electric,44.5,0,96.8,2025,Yelahanka,45
215K,Eicher Skyline Pro,CNG,48.8,61.5,188.4,2025,Kengeri,67
12G,Eicher Skyline Pro,CNG,40,34.37,118.4,2025,BTM Layout,66
365B,Tata Marcopolo,CNG,44,68.87,217.2,2025,Silk Board,21
401A,Tata Marcopolo,CNG,37.7,48.68,173,2025,RT Nagar,39
43E,Switch EiV 12,Electric,45.7,0,265.2,2025,Hebbal,70
201R,Tata Marcopolo,CNG,42.9,57.79,213.4,2025,Yelahanka,66
365B,Switch EiV 12,Electric,42.4,0,262.6,2025,Silk Board,38
401A,Ashok Leyland Viking,Diesel,46.5,75.71,220.4,2025,RT Nagar,55
500D,Eicher Skyline Pro,CNG,29.9,67.54,237.6,2025,Whitefield,52
365B,Tata Marcopolo,CNG,49.5,31.23,133.8,2025,Silk Board,10
96E,Tata Marcopolo,CNG,43.2,55.76,214.3,2025,Electronic City,59
96E,Ashok Leyland Viking,Diesel,37.4,87.4,268.4,2025,Electronic City,49
V500C,Switch EiV 12,Electric,44.7,0,95.9,2025,ITPL,57
12G,Volvo 8400 B7RLE,Diesel,34.6,87.32,221.6,2025,BTM Layout,51
K1,Volvo 9400XL,Diesel,25.3,68.79,244.6,2025,Koramangala,62
201R,Switch EiV 12,Electric,35.9,0,273.5,2025,Yelahanka,26
96E,Tata Marcopolo,CNG,42.6,26.43,111.7,2025,Electronic City,63
60A,Volvo 9400XL,Diesel,49.2,69.91,180.2,2025,Indiranagar,70
252H,Volvo 8400 B7RLE,Diesel,43,45.1,171.1,2025,Bommanahalli,68
77E,Ashok Leyland Viking,Diesel,45,29.86,99.4,2025,KR Puram,53
252H,Tata Marcopolo,CNG,28.3,34.25,147.2,2025,Bommanahalli,49
348C,Volvo 9400XL,Diesel,32.7,32.23,94.6,2025,Marathahalli,43
201R,Switch EiV 12,Electric,41.8,0,251.7,2025,Yelahanka,21
210N,Eicher Skyline Pro,CNG,31.3,59.76,235.3,2025,Jayanagar,74
77E,Tata Marcopolo,CNG,45.8,42.62,185.8,2025,KR Puram,58
213K,Switch EiV 12,Electric,41.9,0,62.7,2025,Banerghatta,63
290E,Eicher Skyline Pro,CNG,38.7,20.81,71.4,2025,Mysuru Road,18
600A,Tata Marcopolo,CNG,33.8,32.43,127.5,2025,Banashankari,49
60A,Volvo 8400 B7RLE,Diesel,43.3,42.97,133.5,2025,Indiranagar,43
201R,Tata Marcopolo,CNG,44.6,21.87,75,2025,Yelahanka,24
290E,Eicher Skyline Pro,CNG,42.1,44.36,155.2,2025,Mysuru Road,72
500D,Switch EiV 12,Electric,34.3,0,72.4,2025,Whitefield,53
V500C,Switch EiV 12,Electric,41,0,267.8,2025,ITPL,70
213K,Switch EiV 12,Electric,40.8,0,207.7,2025,Banerghatta,22
365B,Volvo 8400 B7RLE,Diesel,35.5,28.62,103.8,2025,Silk Board,63
77E,Volvo 8400 B7RLE,Diesel,31.9,28.24,82.3,2025,KR Puram,25
290E,Volvo 8400 B7RLE,Diesel,49.5,59.59,155,2025,Mysuru Road,13
77E,Tata Marcopolo,CNG,29.5,39.07,174.1,2025,KR Puram,50
401A,Switch EiV 12,Electric,35.1,0,84.9,2025,RT Nagar,28
K1,Ashok Leyland Viking,Diesel,42.6,70.93,222.3,2025,Koramangala,75
356C,Tata Marcopolo,CNG,34.9,40.1,136.2,2025,Majestic,18
213K,Volvo 9400XL,Diesel,37.1,36.24,105.2,2025,Banerghatta,51
252H,Switch EiV 12,Electric,41.4,0,123.2,2025,Bommanahalli,45
500D,Ashok Leyland Viking,Diesel,40.1,104.42,273.1,2025,Whitefield,22
210N,Tata Marcopolo,CNG,48.8,22.23,76.6,2025,Jayanagar,21
600A,Ashok Leyland Viking,Diesel,40,23.37,80.3,2025,Banashankari,13
600A,Volvo 8400 B7RLE,Diesel,31.7,80.35,202.7,2025,Banashankari,22
201R,Volvo 8400 B7RLE,Diesel,31.3,77.49,272.3,2025,Yelahanka,23
77E,Volvo 8400 B7RLE,Diesel,40.3,72.57,215.5,2025,KR Puram,66
43E,Tata Marcopolo,CNG,39.9,27.82,119.6,2025,Hebbal,27
215K,Switch EiV 12,Electric,27.6,0,268.3,2025,Kengeri,24
348C,Switch EiV 12,Electric,48.6,0,94.1,2025,Marathahalli,37
290E,Volvo 9400XL,Diesel,47.1,79.17,222,2025,Mysuru Road,62
77E,Switch EiV 12,Electric,42.5,0,189.3,2025,KR Puram,67
365B,Switch EiV 12,Electric,35.2,0,209.6,2025,Silk Board,54
213K,Volvo 8400 B7RLE,Diesel,39.6,22.02,63.4,2025,Banerghatta,76
215K,Ashok Leyland Viking,Diesel,48.9,51.35,159.1,2025,Kengeri,74
252H,Volvo 9400XL,Diesel,29.7,69.77,244.8,2025,Bommanahalli,49
77E,Eicher Skyline Pro,CNG,27.5,91.25,274.9,2025,KR Puram,43
215K,Ashok Leyland Viking,Diesel,27.3,42.9,155.4,2025,Kengeri,20
96E,Volvo 9400XL,Diesel,35.9,90.44,261.2,2025,Electronic City,66
252H,Eicher Skyline Pro,CNG,43.1,51.63,155.6,2025,Bommanahalli,60
290E,Eicher Skyline Pro,CNG,40.3,47.95,189.7,2025,Mysuru Road,78
210N,Ashok Leyland Viking,Diesel,42.9,42.93,113.2,2025,Jayanagar,49
77E,Volvo 9400XL,Diesel,46.9,28.77,103.8,2025,KR Puram,14
210N,Volvo 9400XL,Diesel,31.2,22.33,63,2025,Jayanagar,41
252H,Tata Marcopolo,CNG,31.2,38.66,119.6,2025,Bommanahalli,26
43E,Volvo 9400XL,Diesel,43.3,47.21,161,2025,Hebbal,77
60A,Eicher Skyline Pro,CNG,27,46.98,208,2025,Indiranagar,35
210N,Ashok Leyland Viking,Diesel,45.1,65.47,244.5,2025,Jayanagar,50
210N,Volvo 9400XL,Diesel,38.6,94.7,265.2,2025,Jayanagar,57
77E,Volvo 8400 B7RLE,Diesel,43.6,54.26,195.7,2025,KR Puram,19
290E,Switch EiV 12,Electric,26.7,0,174.7,2025,Mysuru Road,37
356C,Tata Marcopolo,CNG,48,36.53,141.6,2025,Majestic,38
201R,Tata Marcopolo,CNG,31.7,50.22,178.4,2025,Yelahanka,76
60A,Tata Marcopolo,CNG,41.7,61.47,257,2025,Indiranagar,25
279F,Ashok Leyland Viking,Diesel,40.8,55.7,160,2025,Peenya,42
500D,Volvo 8400 B7RLE,Diesel,35.7,68.02,215.2,2025,Whitefield,51
365B,Ashok Leyland Viking,Diesel,48.4,78.16,202.9,2025,Silk Board,32
600A,Eicher Skyline Pro,CNG,32.3,65.85,241.4,2025,Banashankari,24
60A,Switch EiV 12,Electric,32.5,0,64.8,2025,Indiranagar,25
213K,Switch EiV 12,Electric,26.4,0,170.6,2025,Banerghatta,27
600A,Volvo 9400XL,Diesel,48.2,63.2,168,2025,Banashankari,75
215K,Volvo 9400XL,Diesel,35.2,65.52,228.2,2025,Kengeri,22
210N,Tata Marcopolo,CNG,29,36.2,117.3,2025,Jayanagar,50
43E,Volvo 8400 B7RLE,Diesel,29.6,21.59,75.5,2025,Hebbal,41
215K,Volvo 9400XL,Diesel,45.4,72,254,2025,Kengeri,46
96E,Eicher Skyline Pro,CNG,32.2,24.33,84.3,2025,Electronic City,29
600A,Volvo 9400XL,Diesel,37.9,34.81,115,2025,Banashankari,15
K1,Ashok Leyland Viking,Diesel,33.8,37,138.5,2025,Koramangala,11
356C,Tata Marcopolo,CNG,32.7,53.45,233.6,2025,Majestic,44
K1,Volvo 9400XL,Diesel,33.2,88.93,269.6,2025,Koramangala,28
V500C,Ashok Leyland Viking,Diesel,48.5,44.88,171.2,2025,ITPL,49
60A,Switch EiV 12,Electric,34.8,0,82.6,2025,Indiranagar,49
600A,Eicher Skyline Pro,CNG,37.6,55.21,181.7,2025,Banashankari,49
V500C,Tata Marcopolo,CNG,41.9,58.47,248.9,2025,ITPL,62
348C,Switch EiV 12,Electric,43.7,0,248.9,2025,Marathahalli,52
290E,Volvo 8400 B7RLE,Diesel,40.3,57.14,156.6,2025,Mysuru Road,40
600A,Volvo 8400 B7RLE,Diesel,29.5,58.8,208.2,2025,Banashankari,19
252H,Eicher Skyline Pro,CNG,27.9,34.02,110.5,2025,Bommanahalli,42
348C,Tata Marcopolo,CNG,43,14.74,60.4,2025,Marathahalli,56
12G,Switch EiV 12,Electric,29,0,173.3,2025,BTM Layout,37
201R,Volvo 8400 B7RLE,Diesel,25.5,28.52,78.4,2025,Yelahanka,72
600A,Ashok Leyland Viking,Diesel,31,84.45,256,2025,Banashankari,46
600A,Volvo 9400XL,Diesel,30.6,25.37,83.2,2025,Banashankari,79
V500C,Volvo 8400 B7RLE,Diesel,31.1,74.89,193.7,2025,ITPL,50
12G,Tata Marcopolo,CNG,30.9,43.85,146,2025,BTM Layout,51
77E,Eicher Skyline Pro,CNG,40.4,70.71,271.2,2025,KR Puram,31
210N,Switch EiV 12,Electric,35.7,0,151.5,2025,Jayanagar,11
600A,Volvo 8400 B7RLE,Diesel,42.4,50.38,179,2025,Banashankari,30
V500C,Volvo 9400XL,Diesel,37.5,31.37,97.8,2025,ITPL,55
43E,Switch EiV 12,Electric,40.8,0,251.5,2025,Hebbal,44
356C,Switch EiV 12,Electric,27.9,0,177.2,2025,Majestic,19
365B,Eicher Skyline Pro,CNG,27.9,55.11,193.2,2025,Silk Board,40
356C,Volvo 9400XL,Diesel,42.3,32.53,91.4,2025,Majestic,68
12G,Switch EiV 12,Electric,47.4,0,146.2,2025,BTM Layout,45
279F,Volvo 9400XL,Diesel,37.7,33.53,104.9,2025,Peenya,76
K1,Eicher Skyline Pro,CNG,44.8,20.62,64,2025,Koramangala,46
201R,Tata Marcopolo,CNG,39,41.67,164.3,2025,Yelahanka,46
252H,Switch EiV 12,Electric,31.3,0,211.5,2025,Bommanahalli,77
213K,Tata Marcopolo,CNG,43.1,16.35,62.2,2025,Banerghatta,68
77E,Switch EiV 12,Electric,45.5,0,243.9,2025,KR Puram,71
96E,Switch EiV 12,Electric,37.1,0,245.5,2025,Electronic City,48
356C,Volvo 9400XL,Diesel,44.8,41.99,133.4,2025,Majestic,22
60A,Ashok Leyland Viking,Diesel,46.4,26.26,100.4,2025,Indiranagar,67
401A,Volvo 8400 B7RLE,Diesel,26.9,52.76,162.6,2025,RT Nagar,72
210N,Volvo 8400 B7RLE,Diesel,47.5,84.41,236.8,2025,Jayanagar,62
356C,Ashok Leyland Viking,Diesel,46.9,24.22,74.7,2025,Majestic,52
201R,Switch EiV 12,Electric,49.2,0,179.2,2025,Yelahanka,69
96E,Tata Marcopolo,CNG,41.2,23.98,74.6,2025,Electronic City,27
60A,Ashok Leyland Viking,Diesel,45.1,45.27,142.6,2025,Indiranagar,23
348C,Volvo 9400XL,Diesel,39,93.7,279.4,2025,Marathahalli,73
401A,Volvo 9400XL,Diesel,33.8,35.44,108.4,2025,RT Nagar,60
348C,Volvo 8400 B7RLE,Diesel,34.2,23.5,75.1,2025,Marathahalli,62
365B,Volvo 9400XL,Diesel,41.4,61.46,219,2025,Silk Board,80
96E,Ashok Leyland Viking,Diesel,30.4,17.69,61.8,2025,Electronic City,59
365B,Eicher Skyline Pro,CNG,25.1,39.58,166.5,2025,Silk Board,54
600A,Eicher Skyline Pro,CNG,38.7,74.2,230,2025,Banashankari,58
500D,Eicher Skyline Pro,CNG,39.6,54.78,228.6,2025,Whitefield,59
210N,Volvo 8400 B7RLE,Diesel,45.1,68.78,225.4,2025,Jayanagar,68
201R,Volvo 8400 B7RLE,Diesel,41.8,26.5,90.9,2025,Yelahanka,53
348C,Ashok Leyland Viking,Diesel,29.2,79.97,223.3,2025,Marathahalli,54
77E,Switch EiV 12,Electric,43.7,0,255.9,2025,KR Puram,79
213K,Eicher Skyline Pro,CNG,44,66.69,259.8,2025,Banerghatta,39
500D,Switch EiV 12,Electric,47.2,0,203.9,2025,Whitefield,80
201R,Eicher Skyline Pro,CNG,40.8,57.9,187.3,2025,Yelahanka,16
600A,Eicher Skyline Pro,CNG,42.9,48.23,164.3,2025,Banashankari,74
365B,Ashok Leyland Viking,Diesel,32.8,36.51,104.5,2025,Silk Board,11
77E,Ashok Leyland Viking,Diesel,35.6,27.79,107.3,2025,KR Puram,45
12G,Switch EiV 12,Electric,29.7,0,171.6,2025,BTM Layout,14
43E,Eicher Skyline Pro,CNG,42.4,21.52,76.9,2025,Hebbal,33
356C,Volvo 9400XL,Diesel,41.5,65.18,240.8,2025,Majestic,77
43E,Switch EiV 12,Electric,42.3,0,119.8,2025,Hebbal,10
215K,Volvo 8400 B7RLE,Diesel,48.5,34.19,118.1,2025,Kengeri,24
201R,Ashok Leyland Viking,Diesel,31.7,47.16,131.4,2025,Yelahanka,25
K1,Ashok Leyland Viking,Diesel,30.5,62.72,212.8,2025,Koramangala,34
600A,Ashok Leyland Viking,Diesel,41.5,31.75,118.2,2025,Banashankari,61
356C,Volvo 9400XL,Diesel,44,83.12,231.2,2025,Majestic,41
365B,Volvo 9400XL,Diesel,42.5,26.01,79.4,2025,Silk Board,63
K1,Eicher Skyline Pro,CNG,25.8,45.76,155.1,2025,Koramangala,14
252H,Volvo 8400 B7RLE,Diesel,47,23.52,67.4,2025,Bommanahalli,12
12G,Eicher Skyline Pro,CNG,26,45.65,182.6,2025,BTM Layout,73
Route_No,Bus_Model,Fuel_Type,Avg_Speed_kmph,Fuel_Consumed_Liters,Distance_Covered_km,Year,Destination,No_of_Buses_in_Route
356C,Tata Marcopolo,CNG,48.8,34.75,142.4,2025,Majestic,40
V500C,Volvo 8400 B7RLE,Diesel,28.9,70.12,191.7,2025,ITPL,58
77E,Volvo 8400 B7RLE,Diesel,46.7,21.4,72.8,2025,KR Puram,54
279F,Volvo 9400XL,Diesel,25.5,54.57,215.8,2025,Peenya,30
60A,Volvo 9400XL,Diesel,30.3,87.68,243.1,2025,Indiranagar,44
348C,Volvo 8400 B7RLE,Diesel,32.6,30.51,100.3,2025,Marathahalli,62
252H,Tata Marcopolo,CNG,32.3,39.56,155,2025,Bommanahalli,43
77E,Eicher Skyline Pro,CNG,32.3,25.55,90.7,2025,KR Puram,72
401A,Switch EiV 12,Electric,44.6,0,160.3,2025,RT Nagar,21
60A,Ashok Leyland Viking,Diesel,37.9,30.66,103.9,2025,Indiranagar,65
213K,Eicher Skyline Pro,CNG,40.2,21.56,70.2,2025,Banerghatta,28
213K,Tata Marcopolo,CNG,48.7,16.7,74.3,2025,Banerghatta,10
K1,Eicher Skyline Pro,CNG,32.6,75.58,237.8,2025,Koramangala,54
600A,Eicher Skyline Pro,CNG,36,66.13,210.5,2025,Banashankari,34
215K,Volvo 9400XL,Diesel,25.9,43.71,168.9,2025,Kengeri,21
348C,Volvo 8400 B7RLE,Diesel,41.6,39.39,116.9,2025,Marathahalli,59
60A,Eicher Skyline Pro,CNG,38.7,53.21,174.4,2025,Indiranagar,68
213K,Eicher Skyline Pro,CNG,44.4,61.98,273.3,2025,Banerghatta,20
K1,Volvo 9400XL,Diesel,39.9,66.16,256.9,2025,Koramangala,19
12G,Volvo 8400 B7RLE,Diesel,29.9,30.96,79.5,2025,BTM Layout,37
K1,Ashok Leyland Viking,Diesel,34.7,45.27,131.6,2025,Koramangala,67
K1,Switch EiV 12,Electric,33.9,0,242.3,2025,Koramangala,72
201R,Volvo 9400XL,Diesel,38.6,44.92,121.8,2025,Yelahanka,20
600A,Tata Marcopolo,CNG,26.9,52.79,236.5,2025,Banashankari,41
60A,Switch EiV 12,Electric,30,0,229.9,2025,Indiranagar,72
60A,Volvo 9400XL,Diesel,45.4,17.19,61.2,2025,Indiranagar,24
201R,Ashok Leyland Viking,Diesel,44.3,84.41,220.4,2025,Yelahanka,78
210N,Eicher Skyline Pro,CNG,27.9,32.34,138.9,2025,Jayanagar,66
V500C,Eicher Skyline Pro,CNG,33.3,63.68,197.1,2025,ITPL,22
365B,Switch EiV 12,Electric,33.1,0,128.4,2025,Silk Board,34
96E,Eicher Skyline Pro,CNG,40.9,50.91,220.5,2025,Electronic City,53
600A,Switch EiV 12,Electric,28,0,163.9,2025,Banashankari,49
210N,Tata Marcopolo,CNG,44,56.46,216.9,2025,Jayanagar,26
77E,Tata Marcopolo,CNG,37.3,60.67,229.6,2025,KR Puram,37
348C,Tata Marcopolo,CNG,25.6,48.74,154.1,2025,Marathahalli,24
96E,Volvo 9400XL,Diesel,40.9,22.51,66.9,2025,Electronic City,41
252H,Eicher Skyline Pro,CNG,47.7,50.95,171.9,2025,Bommanahalli,40
213K,Eicher Skyline Pro,CNG,43.9,44.96,150.3,2025,Banerghatta,45
210N,Volvo 8400 B7RLE,Diesel,32.2,28.05,76.9,2025,Jayanagar,68
356C,Volvo 9400XL,Diesel,45.2,76.66,264.5,2025,Majestic,50
365B,Volvo 8400 B7RLE,Diesel,45.1,90.54,251.7,2025,Silk Board,33
279F,Ashok Leyland Viking,Diesel,38.5,69.09,256.4,2025,Peenya,45
V500C,Eicher Skyline Pro,CNG,33,81.23,257.1,2025,ITPL,73
279F,Eicher Skyline Pro,CNG,35.7,26.05,110.1,2025,Peenya,24
96E,Tata Marcopolo,CNG,25.2,66.22,249.4,2025,Electronic City,73
12G,Ashok Leyland Viking,Diesel,30.6,56.65,151.8,2025,BTM Layout,66
500D,Eicher Skyline Pro,CNG,48.6,38.54,134.3,2025,Whitefield,50
500D,Ashok Leyland Viking,Diesel,42.6,57.17,174.1,2025,Whitefield,38
210N,Volvo 8400 B7RLE,Diesel,49.1,95.15,273.8,2025,Jayanagar,43
215K,Volvo 9400XL,Diesel,32.5,57.87,169.4,2025,Kengeri,14
60A,Eicher Skyline Pro,CNG,40.2,18.14,68.1,2025,Indiranagar,10
12G,Tata Marcopolo,CNG,32,16.34,71.3,2025,BTM Layout,43
210N,Eicher Skyline Pro,CNG,28.6,30.18,112.7,2025,Jayanagar,43
96E,Volvo 9400XL,Diesel,31.1,78.9,276.8,2025,Electronic City,18
600A,Eicher Skyline Pro,CNG,30.9,55.62,227.6,2025,Banashankari,42
401A,Eicher Skyline Pro,CNG,40.8,35.67,140.9,2025,RT Nagar,13
365B,Ashok Leyland Viking,Diesel,27.3,47.4,177.9,2025,Silk Board,37
12G,Eicher Skyline Pro,CNG,29.7,42.66,130.6,2025,BTM Layout,73
401A,Tata Marcopolo,CNG,41.9,62.81,190,2025,RT Nagar,62
600A,Ashok Leyland Viking,Diesel,30.7,49.8,172.7,2025,Banashankari,72
348C,Eicher Skyline Pro,CNG,42.3,27.49,98.4,2025,Marathahalli,68
96E,Ashok Leyland Viking,Diesel,28.4,88.36,266.1,2025,Electronic City,71
77E,Ashok Leyland Viking,Diesel,48.1,22.27,85,2025,KR Puram,58
77E,Ashok Leyland Viking,Diesel,41.5,31.32,116.7,2025,KR Puram,15
348C,Switch EiV 12,Electric,38.2,0,182.1,2025,Marathahalli,10
401A,Volvo 9400XL,Diesel,27.3,29.43,113.2,2025,RT Nagar,76
600A,Ashok Leyland Viking,Diesel,40.8,85.79,258.1,2025,Banashankari,58
348C,Eicher Skyline Pro,CNG,43.1,31.48,136.8,2025,Marathahalli,23
60A,Eicher Skyline Pro,CNG,44.5,64.39,255.2,2025,Indiranagar,15
V500C,Tata Marcopolo,CNG,29,18.05,78.5,2025,ITPL,78
290E,Eicher Skyline Pro,CNG,25.2,61.35,193.4,2025,Mysuru Road,70
215K,Switch EiV 12,Electric,25.1,0,206,2025,Kengeri,21
279F,Switch EiV 12,Electric,38.7,0,95.4,2025,Peenya,25
348C,Tata Marcopolo,CNG,41.3,63.6,212.2,2025,Marathahalli,40
213K,Eicher Skyline Pro,CNG,30.9,62.13,216.7,2025,Banerghatta,35
365B,Tata Marcopolo,CNG,41.2,52.46,224.2,2025,Silk Board,29
279F,Eicher Skyline Pro,CNG,39.2,65.18,204.7,2025,Peenya,62
252H,Eicher Skyline Pro,CNG,31.6,41.86,140.9,2025,Bommanahalli,79
12G,Volvo 8400 B7RLE,Diesel,34.8,71.42,274.1,2025,BTM Layout,71
600A,Volvo 9400XL,Diesel,44.9,61.13,198.9,2025,Banashankari,12
365B,Ashok Leyland Viking,Diesel,37.3,66.92,186.9,2025,Silk Board,50
600A,Switch EiV 12,Electric,32,0,218.9,2025,Banashankari,17
60A,Volvo 9400XL,Diesel,41.1,23.61,65.3,2025,Indiranagar,64
356C,Ashok Leyland Viking,Diesel,48.8,68.93,266.9,2025,Majestic,78
213K,Ashok Leyland Viking,Diesel,25.4,36.33,141.4,2025,Banerghatta,33
401A,Tata Marcopolo,CNG,49.2,34.69,154.2,2025,RT Nagar,59
356C,Switch EiV 12,Electric,32.4,0,247.7,2025,Majestic,32
77E,Volvo 8400 B7RLE,Diesel,46.3,48.63,144.7,2025,KR Puram,60
401A,Eicher Skyline Pro,CNG,38.9,22.09,97.3,2025,RT Nagar,73
210N,Switch EiV 12,Electric,39.3,0,213.1,2025,Jayanagar,49
213K,Switch EiV 12,Electric,40.4,0,81.4,2025,Banerghatta,28
77E,Tata Marcopolo,CNG,28.5,73.54,277.8,2025,KR Puram,43
600A,Volvo 9400XL,Diesel,43.5,71.36,253,2025,Banashankari,13
279F,Ashok Leyland Viking,Diesel,34,72.95,214.5,2025,Peenya,12
348C,Volvo 8400 B7RLE,Diesel,45.3,62.65,238.1,2025,Marathahalli,17
215K,Volvo 8400 B7RLE,Diesel,37.8,80.22,260.9,2025,Kengeri,22
279F,Tata Marcopolo,CNG,41.2,58.13,235.6,2025,Peenya,72
12G,Tata Marcopolo,CNG,47.3,67.04,235.1,2025,BTM Layout,17
V500C,Ashok Leyland Viking,Diesel,27.3,42.35,142.6,2025,ITPL,35
290E,Ashok Leyland Viking,Diesel,36.6,20.49,67.9,2025,Mysuru Road,32
500D,Eicher Skyline Pro,CNG,39.8,40.38,123,2025,Whitefield,19
60A,Ashok Leyland Viking,Diesel,45.6,22.43,68.2,2025,Indiranagar,74
V500C,Switch EiV 12,Electric,38.1,0,88,2025,ITPL,61
252H,Switch EiV 12,Electric,30.4,0,229.4,2025,Bommanahalli,58
43E,Tata Marcopolo,CNG,27.1,64.01,197,2025,Hebbal,69
96E,Switch EiV 12,Electric,38.5,0,176.9,2025,Electronic City,45
365B,Volvo 8400 B7RLE,Diesel,43.2,50.51,200.2,2025,Silk Board,76
60A,Tata Marcopolo,CNG,33.1,41.4,173.6,2025,Indiranagar,53
96E,Ashok Leyland Viking,Diesel,36,45.69,119.6,2025,Electronic City,54
12G,Eicher Skyline Pro,CNG,49.1,15.42,65.6,2025,BTM Layout,35
348C,Eicher Skyline Pro,CNG,35.2,65.37,213.1,2025,Marathahalli,49
279F,Volvo 8400 B7RLE,Diesel,31.3,28.4,94.4,2025,Peenya,70
290E,Tata Marcopolo,CNG,41.5,63.51,217.2,2025,Mysuru Road,57
365B,Volvo 8400 B7RLE,Diesel,43.4,81.07,270.1,2025,Silk Board,44
12G,Ashok Leyland Viking,Diesel,35.5,67.77,194.6,2025,BTM Layout,23
213K,Ashok Leyland Viking,Diesel,43.9,54.85,138.3,2025,Banerghatta,44
348C,Ashok Leyland Viking,Diesel,26.2,33.38,85.5,2025,Marathahalli,34
213K,Tata Marcopolo,CNG,42.6,66.88,248.2,2025,Banerghatta,19
V500C,Eicher Skyline Pro,CNG,37.3,21.97,81.5,2025,ITPL,65
12G,Ashok Leyland Viking,Diesel,35.8,31.67,98.1,2025,BTM Layout,41
290E,Ashok Leyland Viking,Diesel,40.9,76.13,195.5,2025,Mysuru Road,22
213K,Switch EiV 12,Electric,40.6,0,142.4,2025,Banerghatta,78
356C,Switch EiV 12,Electric,46.4,0,170.7,2025,Majestic,11
12G,Volvo 9400XL,Diesel,29.1,78.63,204.9,2025,BTM Layout,19
279F,Volvo 9400XL,Diesel,25.7,59.58,201.3,2025,Peenya,69
348C,Switch EiV 12,Electric,39.4,0,266.9,2025,Marathahalli,12
60A,Eicher Skyline Pro,CNG,41.1,39.43,145.4,2025,Indiranagar,57
290E,Tata Marcopolo,CNG,48.5,50.29,180,2025,Mysuru Road,18
210N,Eicher Skyline Pro,CNG,47.6,82.43,271.5,2025,Jayanagar,36
201R,Volvo 9400XL,Diesel,27.5,29.79,75.3,2025,Yelahanka,39
600A,Volvo 8400 B7RLE,Diesel,42.1,31,80.8,2025,Banashankari,48
600A,Volvo 9400XL,Diesel,46.1,51.36,130.2,2025,Banashankari,60
290E,Volvo 9400XL,Diesel,32,89.35,239.2,2025,Mysuru Road,49
213K,Volvo 9400XL,Diesel,40.7,55.89,213.3,2025,Banerghatta,19
77E,Eicher Skyline Pro,CNG,45.1,64.77,221.7,2025,KR Puram,15
V500C,Ashok Leyland Viking,Diesel,43.8,26.68,99,2025,ITPL,20
401A,Volvo 9400XL,Diesel,35.3,90.88,277.9,2025,RT Nagar,80
77E,Eicher Skyline Pro,CNG,33.5,52.5,230.8,2025,KR Puram,73
210N,Eicher Skyline Pro,CNG,35.7,60.32,248.9,2025,Jayanagar,71
V500C,Switch EiV 12,Electric,27.6,0,226,2025,ITPL,70
77E,Switch EiV 12,Electric,37.6,0,258.6,2025,KR Puram,59
60A,Eicher Skyline Pro,CNG,33,55.67,241.8,2025,Indiranagar,14
213K,Switch EiV 12,Electric,25.3,0,145.6,2025,Banerghatta,59
215K,Switch EiV 12,Electric,27.3,0,259.2,2025,Kengeri,54
401A,Switch EiV 12,Electric,48.8,0,130.2,2025,RT Nagar,28
279F,Switch EiV 12,Electric,39.3,0,269.1,2025,Peenya,20
252H,Switch EiV 12,Electric,36.2,0,199,2025,Bommanahalli,66
12G,Volvo 9400XL,Diesel,33.2,35.48,124.5,2025,BTM Layout,72
500D,Tata Marcopolo,CNG,44.8,53.89,225.5,2025,Whitefield,17
401A,Eicher Skyline Pro,CNG,37.4,25.95,80.1,2025,RT Nagar,24
201R,Eicher Skyline Pro,CNG,36,41.76,180.9,2025,Yelahanka,22
96E,Volvo 8400 B7RLE,Diesel,27.9,50.54,137.2,2025,Electronic City,39
365B,Tata Marcopolo,CNG,40.5,72.18,227.5,2025,Silk Board,75
290E,Volvo 8400 B7RLE,Diesel,42.5,30.09,78.5,2025,Mysuru Road,58
365B,Volvo 9400XL,Diesel,42.7,91.84,240.8,2025,Silk Board,47
401A,Volvo 9400XL,Diesel,49.7,25.71,78.7,2025,RT Nagar,60
201R,Tata Marcopolo,CNG,45.3,32.01,141.5,2025,Yelahanka,35
356C,Switch EiV 12,Electric,43.8,0,276.9,2025,Majestic,67
201R,Volvo 8400 B7RLE,Diesel,27.1,38.96,142.8,2025,Yelahanka,38
60A,Ashok Leyland Viking,Diesel,35.6,47.36,182.8,2025,Indiranagar,78
K1,Volvo 8400 B7RLE,Diesel,37.3,33.57,84.5,2025,Koramangala,49
60A,Volvo 8400 B7RLE,Diesel,26.4,60.9,163.1,2025,Indiranagar,63
356C,Tata Marcopolo,CNG,41.2,20.85,85.9,2025,Majestic,50
77E,Tata Marcopolo,CNG,49.1,52.86,188.3,2025,KR Puram,31
60A,Ashok Leyland Viking,Diesel,46.7,43.34,122.9,2025,Indiranagar,33
43E,Volvo 9400XL,Diesel,25.3,68.75,271.9,2025,Hebbal,77
210N,Switch EiV 12,Electric,47.3,0,69.5,2025,Jayanagar,39
356C,Switch EiV 12,Electric,49.8,0,176.1,2025,Majestic,11
210N,Eicher Skyline Pro,CNG,38.8,17.11,76.2,2025,Jayanagar,58
252H,Eicher Skyline Pro,CNG,40.7,43.3,175.1,2025,Bommanahalli,74
348C,Volvo 8400 B7RLE,Diesel,40.7,47.39,160,2025,Marathahalli,66
348C,Volvo 8400 B7RLE,Diesel,26.1,88.42,258.3,2025,Marathahalli,71
356C,Ashok Leyland Viking,Diesel,47.3,84.53,269.1,2025,Majestic,27
279F,Volvo 8400 B7RLE,Diesel,31.9,70.59,196.4,2025,Peenya,50
77E,Volvo 8400 B7RLE,Diesel,33.8,47.99,162,2025,KR Puram,16
60A,Switch EiV 12,Electric,49.4,0,77.1,2025,Indiranagar,56
77E,Ashok Leyland Viking,Diesel,42.5,83.83,277,2025,KR Puram,68
12G,Switch EiV 12,Electric,45.3,0,128.1,2025,BTM Layout,50
348C,Volvo 8400 B7RLE,Diesel,29.1,54.47,210.6,2025,Marathahalli,26
213K,Switch EiV 12,Electric,48.7,0,241,2025,Banerghatta,27
365B,Volvo 8400 B7RLE,Diesel,40.3,70.25,219.7,2025,Silk Board,20
215K,Tata Marcopolo,CNG,46.7,86.45,265.2,2025,Kengeri,38
201R,Volvo 8400 B7RLE,Diesel,34.4,17.71,65.8,2025,Yelahanka,20
279F,Volvo 9400XL,Diesel,28.8,81.74,277.2,2025,Peenya,64
96E,Volvo 9400XL,Diesel,49.2,38.21,143.8,2025,Electronic City,72
213K,Volvo 9400XL,Diesel,36.7,78.28,244.4,2025,Banerghatta,18
500D,Ashok Leyland Viking,Diesel,26.4,31.63,120.1,2025,Whitefield,33
348C,Tata Marcopolo,CNG,50,53.13,238.8,2025,Marathahalli,77
213K,Switch EiV 12,Electric,44.2,0,182.2,2025,Banerghatta,51
365B,Eicher Skyline Pro,CNG,46.2,79.44,267.8,2025,Silk Board,18
290E,Switch EiV 12,Electric,28.2,0,159.1,2025,Mysuru Road,64
348C,Volvo 9400XL,Diesel,40.2,94.94,269.9,2025,Marathahalli,68
213K,Volvo 9400XL,Diesel,40.5,68.42,207.8,2025,Banerghatta,25
213K,Ashok Leyland Viking,Diesel,41.8,25.91,85,2025,Banerghatta,13
77E,Tata Marcopolo,CNG,38,53.74,229.9,2025,KR Puram,53
43E,Ashok Leyland Viking,Diesel,39,47.55,181.4,2025,Hebbal,26
600A,Volvo 9400XL,Diesel,28.4,58.51,148.8,2025,Banashankari,80
600A,Volvo 8400 B7RLE,Diesel,40.5,63.58,226.1,2025,Banashankari,46
V500C,Switch EiV 12,Electric,28.4,0,106.9,2025,ITPL,17
210N,Switch EiV 12,Electric,33.8,0,63.2,2025,Jayanagar,67
365B,Ashok Leyland Viking,Diesel,34.8,60.14,189.8,2025,Silk Board,73
210N,Volvo 9400XL,Diesel,33.7,79.15,258.9,2025,Jayanagar,50
60A,Volvo 9400XL,Diesel,34.9,67.69,232.4,2025,Indiranagar,52
V500C,Volvo 8400 B7RLE,Diesel,48.7,91.78,249.7,2025,ITPL,40
252H,Switch EiV 12,Electric,37.3,0,263.8,2025,Bommanahalli,48
77E,Eicher Skyline Pro,CNG,36.5,26.13,116.8,2025,KR Puram,24
500D,Tata Marcopolo,CNG,33.2,42.63,168.4,2025,Whitefield,27
365B,Volvo 8400 B7RLE,Diesel,26.9,41.88,112.8,2025,Silk Board,45
600A,Volvo 9400XL,Diesel,28.8,32.57,88.2,2025,Banashankari,73
K1,Ashok Leyland Viking,Diesel,29.5,66.59,201,2025,Koramangala,66
43E,Tata Marcopolo,CNG,36.8,64.3,257.3,2025,Hebbal,40
401A,Volvo 9400XL,Diesel,29.8,38.22,97.9,2025,RT Nagar,32
77E,Eicher Skyline Pro,CNG,32,29.77,97.2,2025,KR Puram,31
365B,Tata Marcopolo,CNG,28,21.54,79.5,2025,Silk Board,28
252H,Volvo 8400 B7RLE,Diesel,34.1,32.38,105.4,2025,Bommanahalli,78
60A,Volvo 8400 B7RLE,Diesel,26,57.28,211.9,2025,Indiranagar,27
500D,Ashok Leyland Viking,Diesel,27,51.99,198.1,2025,Whitefield,78
600A,Eicher Skyline Pro,CNG,26.5,76.89,262.6,2025,Banashankari,56
210N,Eicher Skyline Pro,CNG,43.7,72.45,237.4,2025,Jayanagar,29
356C,Eicher Skyline Pro,CNG,34.3,28.47,106.1,2025,Majestic,26
77E,Ashok Leyland Viking,Diesel,34.2,61.37,196,2025,KR Puram,62
43E,Eicher Skyline Pro,CNG,25.9,66.42,224.4,2025,Hebbal,77
77E,Volvo 9400XL,Diesel,47.4,66.38,216.9,2025,KR Puram,20
600A,Ashok Leyland Viking,Diesel,27.7,55.85,177.1,2025,Banashankari,49
279F,Volvo 9400XL,Diesel,31.1,61.02,177.2,2025,Peenya,23
500D,Ashok Leyland Viking,Diesel,25.5,47.94,143,2025,Whitefield,73
290E,Switch EiV 12,Electric,33.2,0,106.5,2025,Mysuru Road,76
43E,Ashok Leyland Viking,Diesel,47.3,25.45,86.3,2025,Hebbal,61
K1,Volvo 8400 B7RLE,Diesel,44.7,64.48,209.4,2025,Koramangala,76
77E,Switch EiV 12,Electric,38.4,0,79.1,2025,KR Puram,64
12G,Volvo 9400XL,Diesel,43.6,60.08,189.1,2025,BTM Layout,37
348C,Tata Marcopolo,CNG,32.1,24.85,88.1,2025,Marathahalli,66
K1,Ashok Leyland Viking,Diesel,39.3,66.61,202.1,2025,Koramangala,61
60A,Eicher Skyline Pro,CNG,40.1,82.54,277,2025,Indiranagar,60
252H,Switch EiV 12,Electric,28.8,0,82.4,2025,Bommanahalli,37
12G,Tata Marcopolo,CNG,29,34.79,114.1,2025,BTM Layout,14
356C,Ashok Leyland Viking,Diesel,29.3,31.91,122.7,2025,Majestic,40
500D,Eicher Skyline Pro,CNG,38.1,21.49,77.7,2025,Whitefield,50
356C,Volvo 9400XL,Diesel,27.8,89.16,276.1,2025,Majestic,17
365B,Ashok Leyland Viking,Diesel,46.6,73.36,273.3,2025,Silk Board,79
279F,Tata Marcopolo,CNG,29.3,29.15,116.7,2025,Peenya,19
213K,Eicher Skyline Pro,CNG,38.9,68.57,264.5,2025,Banerghatta,27
201R,Switch EiV 12,Electric,44.2,0,121.6,2025,Yelahanka,46
201R,Tata Marcopolo,CNG,33.1,27.79,101.1,2025,Yelahanka,37
279F,Switch EiV 12,Electric,31.1,0,171.7,2025,Peenya,44
213K,Switch EiV 12,Electric,40.3,0,85.3,2025,Banerghatta,37
252H,Switch EiV 12,Electric,39.5,0,123.5,2025,Bommanahalli,38
365B,Switch EiV 12,Electric,37,0,94,2025,Silk Board,16
60A,Volvo 9400XL,Diesel,26.3,58.97,177.2,2025,Indiranagar,31
290E,Eicher Skyline Pro,CNG,26.6,19.98,89.6,2025,Mysuru Road,39
290E,Switch EiV 12,Electric,45.2,0,130.9,2025,Mysuru Road,72
348C,Tata Marcopolo,CNG,42,28.02,116,2025,Marathahalli,50
365B,Ashok Leyland Viking,Diesel,36.8,61.26,191,2025,Silk Board,21
279F,Switch EiV 12,Electric,48.2,0,136.8,2025,Peenya,52
12G,Volvo 8400 B7RLE,Diesel,49.1,90.34,242.7,2025,BTM Layout,71
K1,Tata Marcopolo,CNG,48.5,67.48,220.8,2025,Koramangala,79
290E,Volvo 8400 B7RLE,Diesel,43.5,22.19,74.6,2025,Mysuru Road,66
348C,Ashok Leyland Viking,Diesel,28.5,66.4,245.2,2025,Marathahalli,73
V500C,Volvo 8400 B7RLE,Diesel,29.1,38.01,104.4,2025,ITPL,57
252H,Volvo 9400XL,Diesel,41.6,72.82,239.2,2025,Bommanahalli,27
12G,Tata Marcopolo,CNG,46.9,38.71,138.9,2025,BTM Layout,63
401A,Switch EiV 12,Electric,36,0,239.7,2025,RT Nagar,34
77E,Volvo 8400 B7RLE,Diesel,36.6,48.41,142.9,2025,KR Puram,57
210N,Volvo 9400XL,Diesel,37.6,78.82,224.5,2025,Jayanagar,13
210N,Tata Marcopolo,CNG,34.6,67.6,257.9,2025,Jayanagar,48
43E,Switch EiV 12,Electric,40.6,0,259.4,2025,Hebbal,71
96E,Ashok Leyland Viking,Diesel,48.5,24.9,85.7,2025,Electronic City,69
365B,Eicher Skyline Pro,CNG,28.5,31.9,133.7,2025,Silk Board,58
V500C,Ashok Leyland Viking,Diesel,38.3,51.13,196.4,2025,ITPL,14
348C,Tata Marcopolo,CNG,28.8,67.34,233.5,2025,Marathahalli,21
K1,Ashok Leyland Viking,Diesel,43.6,44.98,114.7,2025,Koramangala,26
K1,Volvo 8400 B7RLE,Diesel,44.1,48.6,185.4,2025,Koramangala,14
96E,Eicher Skyline Pro,CNG,45.5,42.74,135.3,2025,Electronic City,69
210N,Volvo 8400 B7RLE,Diesel,28.2,79.52,246.2,2025,Jayanagar,31
356C,Eicher Skyline Pro,CNG,28.7,70.4,235.4,2025,Majestic,15
600A,Ashok Leyland Viking,Diesel,43,63.23,218.9,2025,Banashankari,71
60A,Tata Marcopolo,CNG,38.6,62.97,212.7,2025,Indiranagar,29
77E,Switch EiV 12,Electric,29.5,0,136.1,2025,KR Puram,77
356C,Switch EiV 12,Electric,39.6,0,259.9,2025,Majestic,36
252H,Ashok Leyland Viking,Diesel,36.6,37.8,148.2,2025,Bommanahalli,65
600A,Tata Marcopolo,CNG,39.7,24.93,93.7,2025,Banashankari,45
77E,Switch EiV 12,Electric,25.5,0,194.5,2025,KR Puram,71
96E,Volvo 9400XL,Diesel,48.3,75.25,251.9,2025,Electronic City,17
43E,Volvo 9400XL,Diesel,48.1,59.9,213.3,2025,Hebbal,57
77E,Volvo 9400XL,Diesel,39.4,27.45,93.6,2025,KR Puram,64
215K,Volvo 9400XL,Diesel,43.4,39.29,153.3,2025,Kengeri,63
252H,Ashok Leyland Viking,Diesel,36.3,98.73,263.6,2025,Bommanahalli,20
210N,Volvo 9400XL,Diesel,46,102.98,276.7,2025,Jayanagar,17
500D,Switch EiV 12,Electric,46.7,0,262.6,2025,Whitefield,24
201R,Volvo 9400XL,Diesel,39.8,56.19,174.1,2025,Yelahanka,37
215K,Ashok Leyland Viking,Diesel,33.4,19.44,72,2025,Kengeri,49
60A,Volvo 9400XL,Diesel,33.3,19.69,61,2025,Indiranagar,61
12G,Ashok Leyland Viking,Diesel,48,59.02,178.2,2025,BTM Layout,21
600A,Volvo 8400 B7RLE,Diesel,43.4,42.88,136.3,2025,Banashankari,45
401A,Volvo 8400 B7RLE,Diesel,36.3,40.35,109.4,2025,RT Nagar,24
215K,Tata Marcopolo,CNG,37.5,27.23,98.8,2025,Kengeri,27
401A,Tata Marcopolo,CNG,34.1,67.5,261.3,2025,RT Nagar,25
60A,Volvo 9400XL,Diesel,25.3,56.96,199.1,2025,Indiranagar,69
252H,Eicher Skyline Pro,CNG,49,30.78,99.2,2025,Bommanahalli,74
77E,Volvo 8400 B7RLE,Diesel,27.1,37.84,151.2,2025,KR Puram,48
500D,Ashok Leyland Viking,Diesel,39.9,65.56,170.5,2025,Whitefield,78
96E,Ashok Leyland Viking,Diesel,30.2,58.49,225,2025,Electronic City,28
290E,Eicher Skyline Pro,CNG,29.8,34.4,105.1,2025,Mysuru Road,78
252H,Tata Marcopolo,CNG,39.1,52.9,163.9,2025,Bommanahalli,37
43E,Volvo 9400XL,Diesel,36.3,70.16,230.6,2025,Hebbal,20
96E,Eicher Skyline Pro,CNG,35,40.89,157,2025,Electronic City,35
279F,Switch EiV 12,Electric,29.5,0,94.2,2025,Peenya,58
279F,Volvo 8400 B7RLE,Diesel,48.7,81.57,249.6,2025,Peenya,77
77E,Ashok Leyland Viking,Diesel,41.1,38.42,119.6,2025,KR Puram,47
213K,Volvo 9400XL,Diesel,28.9,18.35,65.6,2025,Banerghatta,50
365B,Volvo 8400 B7RLE,Diesel,25.7,72.36,205,2025,Silk Board,33
279F,Tata Marcopolo,CNG,41.8,36.57,110.8,2025,Peenya,38
213K,Eicher Skyline Pro,CNG,45,25.37,82.9,2025,Banerghatta,60
600A,Volvo 9400XL,Diesel,31,76.85,203.6,2025,Banashankari,14
12G,Tata Marcopolo,CNG,43.1,26.5,113.5,2025,BTM Layout,71
279F,Volvo 9400XL,Diesel,34.9,69.27,242.6,2025,Peenya,56
290E,Ashok Leyland Viking,Diesel,32.3,27.34,105.1,2025,Mysuru Road,60
356C,Switch EiV 12,Electric,27.1,0,62.9,2025,Majestic,37
213K,Tata Marcopolo,CNG,25.7,32.3,105.7,2025,Banerghatta,14
V500C,Tata Marcopolo,CNG,35.5,43.4,188.3,2025,ITPL,26
77E,Volvo 8400 B7RLE,Diesel,33.5,83,239.8,2025,KR Puram,17
77E,Ashok Leyland Viking,Diesel,39.8,49.45,143.5,2025,KR Puram,40
96E,Ashok Leyland Viking,Diesel,35.2,59.28,197.3,2025,Electronic City,37
12G,Volvo 8400 B7RLE,Diesel,32.4,39.74,155.9,2025,BTM Layout,66
96E,Switch EiV 12,Electric,28.5,0,228,2025,Electronic City,22
60A,Volvo 8400 B7RLE,Diesel,37.2,65.36,251.1,2025,Indiranagar,19
600A,Ashok Leyland Viking,Diesel,35.6,93.14,236,2025,Banashankari,67
215K,Volvo 9400XL,Diesel,38.5,34.52,119.1,2025,Kengeri,34
356C,Eicher Skyline Pro,CNG,28.5,27.44,116.7,2025,Majestic,24
290E,Volvo 9400XL,Diesel,38.1,100.31,276.6,2025,Mysuru Road,19
V500C,Eicher Skyline Pro,CNG,25.5,27.43,119.9,2025,ITPL,32
500D,Ashok Leyland Viking,Diesel,39.4,29.51,85.9,2025,Whitefield,32
60A,Eicher Skyline Pro,CNG,41.3,42.85,181.9,2025,Indiranagar,33
600A,Tata Marcopolo,CNG,25.3,32.88,105.4,2025,Banashankari,44
V500C,Volvo 8400 B7RLE,Diesel,46.8,75.97,258,2025,ITPL,23
401A,Ashok Leyland Viking,Diesel,41.6,69.52,192.1,2025,RT Nagar,13
401A,Eicher Skyline Pro,CNG,35.5,73.07,261.2,2025,RT Nagar,22
348C,Tata Marcopolo,CNG,26.2,53.61,174.2,2025,Marathahalli,42
401A,Eicher Skyline Pro,CNG,27.1,56.96,222.4,2025,RT Nagar,49
348C,Volvo 8400 B7RLE,Diesel,34.7,38.87,114,2025,Marathahalli,49
V500C,Volvo 9400XL,Diesel,43,46.92,138.2,2025,ITPL,78
290E,Tata Marcopolo,CNG,36.9,46.2,184.6,2025,Mysuru Road,31
348C,Switch EiV 12,Electric,43.3,0,266.1,2025,Marathahalli,23
252H,Switch EiV 12,Electric,25.8,0,107.3,2025,Bommanahalli,19
60A,Ashok Leyland Viking,Diesel,39.9,45.67,117.7,2025,Indiranagar,37
401A,Ashok Leyland Viking,Diesel,39.9,56.37,169.2,2025,RT Nagar,26
401A,Switch EiV 12,Electric,27.7,0,229.6,2025,RT Nagar,59
201R,Volvo 9400XL,Diesel,43.2,23.59,76.5,2025,Yelahanka,46
600A,Volvo 9400XL,Diesel,35.9,73.67,211.4,2025,Banashankari,42
365B,Volvo 9400XL,Diesel,45,67.81,240.2,2025,Silk Board,68
12G,Ashok Leyland Viking,Diesel,39.8,39.42,119.9,2025,BTM Layout,75
210N,Volvo 9400XL,Diesel,47.9,29.61,80.1,2025,Jayanagar,56
252H,Volvo 8400 B7RLE,Diesel,36.2,96.88,269.1,2025,Bommanahalli,33
210N,Switch EiV 12,Electric,46.8,0,179.2,2025,Jayanagar,25
356C,Volvo 8400 B7RLE,Diesel,45.2,63.39,221.1,2025,Majestic,38
500D,Tata Marcopolo,CNG,46.2,62.91,212.3,2025,Whitefield,35
365B,Switch EiV 12,Electric,30.5,0,167.7,2025,Silk Board,21
96E,Switch EiV 12,Electric,48.6,0,277.3,2025,Electronic City,34
213K,Ashok Leyland Viking,Diesel,42.6,17.67,68.7,2025,Banerghatta,65
279F,Switch EiV 12,Electric,39.2,0,99.7,2025,Peenya,20
210N,Switch EiV 12,Electric,25.8,0,261.4,2025,Jayanagar,52
K1,Eicher Skyline Pro,CNG,32.4,48.65,213.4,2025,Koramangala,69
215K,Eicher Skyline Pro,CNG,48.6,73.72,273.6,2025,Kengeri,65
12G,Volvo 8400 B7RLE,Diesel,46.1,83.8,249.6,2025,BTM Layout,75
12G,Eicher Skyline Pro,CNG,25.9,62.24,242.4,2025,BTM Layout,23
12G,Eicher Skyline Pro,CNG,28,35.5,110.6,2025,BTM Layout,43
60A,Eicher Skyline Pro,CNG,33.5,52.16,213.2,2025,Indiranagar,50
252H,Tata Marcopolo,CNG,32.9,19.53,74.4,2025,Bommanahalli,55
356C,Ashok Leyland Viking,Diesel,33,68.05,234,2025,Majestic,63
96E,Volvo 8400 B7RLE,Diesel,40.4,89.46,254.9,2025,Electronic City,63
356C,Volvo 9400XL,Diesel,46.8,25.83,65.4,2025,Majestic,30
V500C,Volvo 9400XL,Diesel,38.2,64.58,252.4,2025,ITPL,18
252H,Eicher Skyline Pro,CNG,49.9,66.85,235.7,2025,Bommanahalli,28
252H,Volvo 9400XL,Diesel,35,71.06,228.8,2025,Bommanahalli,79
213K,Tata Marcopolo,CNG,46.8,44.26,198.1,2025,Banerghatta,11
213K,Ashok Leyland Viking,Diesel,35.4,73.12,229,2025,Banerghatta,47
348C,Eicher Skyline Pro,CNG,31,70.22,222.3,2025,Marathahalli,57
252H,Switch EiV 12,Electric,32.2,0,138,2025,Bommanahalli,70
252H,Ashok Leyland Viking,Diesel,30.8,48.85,125.2,2025,Bommanahalli,51
600A,Tata Marcopolo,CNG,49.7,17.55,63.9,2025,Banashankari,47
279F,Volvo 8400 B7RLE,Diesel,42,51.14,144.6,2025,Peenya,51
201R,Eicher Skyline Pro,CNG,44.7,85.83,269,2025,Yelahanka,37
201R,Eicher Skyline Pro,CNG,47,34.39,151.9,2025,Yelahanka,46
V500C,Tata Marcopolo,CNG,40.3,50.08,162.8,2025,ITPL,65
290E,Ashok Leyland Viking,Diesel,30.8,71.05,278.1,2025,Mysuru Road,56
600A,Volvo 9400XL,Diesel,40.2,62.07,202.9,2025,Banashankari,17
12G,Ashok Leyland Viking,Diesel,29.4,39.11,110.7,2025,BTM Layout,23
290E,Ashok Leyland Viking,Diesel,44.5,33.39,101,2025,Mysuru Road,59
43E,Ashok Leyland Viking,Diesel,49.2,19,72.7,2025,Hebbal,11
401A,Tata Marcopolo,CNG,49.9,80.99,264.1,2025,RT Nagar,28
348C,Ashok Leyland Viking,Diesel,44,41.53,147.2,2025,Marathahalli,45
201R,Volvo 9400XL,Diesel,45.4,33.1,93.9,2025,Yelahanka,24
215K,Ashok Leyland Viking,Diesel,38.4,32.22,109.2,2025,Kengeri,49
201R,Volvo 9400XL,Diesel,27.3,49.16,187.6,2025,Yelahanka,78
290E,Ashok Leyland Viking,Diesel,28.2,30.89,118.4,2025,Mysuru Road,65
279F,Eicher Skyline Pro,CNG,46.6,64.12,270.2,2025,Peenya,21
60A,Volvo 8400 B7RLE,Diesel,38.8,77.63,204.2,2025,Indiranagar,48
215K,Switch EiV 12,Electric,34.3,0,149.9,2025,Kengeri,67
600A,Switch EiV 12,Electric,43.1,0,117.1,2025,Banashankari,29
279F,Volvo 8400 B7RLE,Diesel,27,59.75,169.1,2025,Peenya,51
V500C,Volvo 9400XL,Diesel,26.9,55.68,210.3,2025,ITPL,13
356C,Switch EiV 12,Electric,37,0,168.9,2025,Majestic,76
96E,Volvo 9400XL,Diesel,45.6,62.98,190.3,2025,Electronic City,50
213K,Ashok Leyland Viking,Diesel,39.1,72.12,209.2,2025,Banerghatta,33
43E,Volvo 9400XL,Diesel,44.9,72.63,253.3,2025,Hebbal,33
500D,Tata Marcopolo,CNG,46.7,60.82,247.1,2025,Whitefield,60
96E,Eicher Skyline Pro,CNG,42.4,60.72,244.1,2025,Electronic City,10
348C,Eicher Skyline Pro,CNG,43.8,60.56,196.1,2025,Marathahalli,50
401A,Tata Marcopolo,CNG,46.8,83.38,253.8,2025,RT Nagar,26
201R,Tata Marcopolo,CNG,28.2,69,241.7,2025,Yelahanka,17
401A,Switch EiV 12,Electric,29,0,223.6,2025,RT Nagar,22
201R,Switch EiV 12,Electric,45.8,0,240,2025,Yelahanka,18
290E,Volvo 9400XL,Diesel,25.2,58.56,171.6,2025,Mysuru Road,54
252H,Tata Marcopolo,CNG,49.5,49.57,195.7,2025,Bommanahalli,72
213K,Switch EiV 12,Electric,40.9,0,117.2,2025,Banerghatta,46
K1,Ashok Leyland Viking,Diesel,44.5,67.21,178.8,2025,Koramangala,39
600A,Ashok Leyland Viking,Diesel,38.5,57.65,227.4,2025,Banashankari,49
290E,Switch EiV 12,Electric,40.8,0,135.2,2025,Mysuru Road,56
60A,Eicher Skyline Pro,CNG,27.6,60.15,265,2025,Indiranagar,37
60A,Ashok Leyland Viking,Diesel,26.7,71.59,211.3,2025,Indiranagar,57
213K,Tata Marcopolo,CNG,26.7,55.72,215.8,2025,Banerghatta,47
201R,Switch EiV 12,Electric,40.5,0,136.1,2025,Yelahanka,19
77E,Volvo 8400 B7RLE,Diesel,46.8,17.7,70.1,2025,KR Puram,12
290E,Ashok Leyland Viking,Diesel,43.7,101.37,273.2,2025,Mysuru Road,15
201R,Eicher Skyline Pro,CNG,25.6,74.77,226.8,2025,Yelahanka,24
279F,Ashok Leyland Viking,Diesel,37.2,35.89,131.2,2025,Peenya,54
348C,Switch EiV 12,Electric,36.1,0,210.3,2025,Marathahalli,71
96E,Volvo 8400 B7RLE,Diesel,49.9,38.29,120.2,2025,Electronic City,67
356C,Volvo 9400XL,Diesel,29.1,43.14,159.3,2025,Majestic,16
12G,Switch EiV 12,Electric,30.5,0,212.6,2025,BTM Layout,51
213K,Volvo 9400XL,Diesel,42,22.43,78.1,2025,Banerghatta,54
365B,Switch EiV 12,Electric,48.8,0,120.1,2025,Silk Board,30
600A,Tata Marcopolo,CNG,35.8,21.11,93.2,2025,Banashankari,65
96E,Switch EiV 12,Electric,41,0,152.3,2025,Electronic City,32
290E,Volvo 9400XL,Diesel,31.9,37.1,147.5,2025,Mysuru Road,12
V500C,Switch EiV 12,Electric,47.4,0,150.1,2025,ITPL,29
43E,Switch EiV 12,Electric,30.3,0,110.6,2025,Hebbal,56
V500C,Ashok Leyland Viking,Diesel,41.3,21.88,66.8,2025,ITPL,21
96E,Ashok Leyland Viking,Diesel,36.8,63.31,250.2,2025,Electronic City,67
348C,Switch EiV 12,Electric,46.7,0,100.8,2025,Marathahalli,78
43E,Tata Marcopolo,CNG,44.3,54.11,230.9,2025,Hebbal,27
600A,Volvo 9400XL,Diesel,40.7,84.32,227.4,2025,Banashankari,42
365B,Ashok Leyland Viking,Diesel,48,19.62,67.2,2025,Silk Board,45
348C,Ashok Leyland Viking,Diesel,37,87.89,235.2,2025,Marathahalli,61
401A,Ashok Leyland Viking,Diesel,42.1,27.82,87.5,2025,RT Nagar,66
365B,Volvo 8400 B7RLE,Diesel,37.3,40.1,104.1,2025,Silk Board,12
500D,Ashok Leyland Viking,Diesel,31.7,50.86,188,2025,Whitefield,31
290E,Switch EiV 12,Electric,36.4,0,128.3,2025,Mysuru Road,77
500D,Eicher Skyline Pro,CNG,26.8,17.44,62.6,2025,Whitefield,15
348C,Eicher Skyline Pro,CNG,40,48.17,165.6,2025,Marathahalli,26
V500C,Tata Marcopolo,CNG,46.5,51.06,212.9,2025,ITPL,57
600A,Eicher Skyline Pro,CNG,37,21.76,68.7,2025,Banashankari,22
215K,Eicher Skyline Pro,CNG,49.7,35.22,113.2,2025,Kengeri,40
V500C,Switch EiV 12,Electric,40.5,0,169.8,2025,ITPL,21
356C,Volvo 9400XL,Diesel,39,85.3,214.5,2025,Majestic,66
348C,Tata Marcopolo,CNG,37.9,42.08,131.8,2025,Marathahalli,55
401A,Volvo 8400 B7RLE,Diesel,25.8,52.37,137.1,2025,RT Nagar,15
210N,Eicher Skyline Pro,CNG,28.3,38.25,147.3,2025,Jayanagar,53
356C,Volvo 8400 B7RLE,Diesel,45,75.6,211.7,2025,Majestic,58
600A,Eicher Skyline Pro,CNG,27.6,24.48,96.8,2025,Banashankari,59
290E,Ashok Leyland Viking,Diesel,25.8,55.17,215.4,2025,Mysuru Road,48
43E,Volvo 8400 B7RLE,Diesel,38.5,20.04,71.4,2025,Hebbal,25
213K,Volvo 9400XL,Diesel,42.9,67.95,251.6,2025,Banerghatta,23
77E,Ashok Leyland Viking,Diesel,45.4,51.41,134.7,2025,KR Puram,80
12G,Volvo 9400XL,Diesel,38.7,68.95,256.9,2025,BTM Layout,17
290E,Volvo 9400XL,Diesel,41.1,48.49,159.5,2025,Mysuru Road,77
96E,Volvo 9400XL,Diesel,27,85.27,220.9,2025,Electronic City,51
96E,Tata Marcopolo,CNG,29,26.56,114.4,2025,Electronic City,78
201R,Tata Marcopolo,CNG,49.4,30.87,108.2,2025,Yelahanka,79
348C,Volvo 9400XL,Diesel,44.7,28.7,100.1,2025,Marathahalli,20
356C,Eicher Skyline Pro,CNG,38.9,41.58,169.6,2025,Majestic,63
12G,Ashok Leyland Viking,Diesel,49.9,27.84,110.3,2025,BTM Layout,79
K1,Switch EiV 12,Electric,30,0,203.1,2025,Koramangala,22
V500C,Ashok Leyland Viking,Diesel,26.8,82.37,209.7,2025,ITPL,14
500D,Volvo 9400XL,Diesel,36.6,30.69,116.7,2025,Whitefield,39
348C,Volvo 8400 B7RLE,Diesel,43.6,70.1,220,2025,Marathahalli,53
V500C,Eicher Skyline Pro,CNG,34.3,30.37,136.1,2025,ITPL,37
600A,Tata Marcopolo,CNG,46.7,17.79,68.8,2025,Banashankari,33
96E,Volvo 8400 B7RLE,Diesel,43.1,48.45,156.5,2025,Electronic City,70
290E,Ashok Leyland Viking,Diesel,47.5,80.51,252.2,2025,Mysuru Road,53
348C,Tata Marcopolo,CNG,39.8,27.68,120.9,2025,Marathahalli,66
600A,Switch EiV 12,Electric,40.6,0,106.3,2025,Banashankari,14
43E,Volvo 9400XL,Diesel,43.3,73.74,198.9,2025,Hebbal,33
401A,Tata Marcopolo,CNG,47.7,66.52,217.5,2025,RT Nagar,65
12G,Volvo 8400 B7RLE,Diesel,49.3,40.52,112.3,2025,BTM Layout,58
290E,Switch EiV 12,Electric,37.3,0,248,2025,Mysuru Road,39
96E,Volvo 8400 B7RLE,Diesel,46.8,36.11,114.4,2025,Electronic City,45
V500C,Tata Marcopolo,CNG,34,44.56,173.3,2025,ITPL,40
356C,Volvo 9400XL,Diesel,34.8,24.28,96,2025,Majestic,56
96E,Eicher Skyline Pro,CNG,41.4,33.49,116.8,2025,Electronic City,29
210N,Volvo 8400 B7RLE,Diesel,28.3,58.21,230.2,2025,Jayanagar,80
60A,Eicher Skyline Pro,CNG,30.9,51.38,159.8,2025,Indiranagar,76
365B,Tata Marcopolo,CNG,38,27.76,97.3,2025,Silk Board,79
96E,Tata Marcopolo,CNG,35.8,71.86,242.4,2025,Electronic City,78
252H,Volvo 8400 B7RLE,Diesel,42.7,71.19,195.8,2025,Bommanahalli,12
V500C,Ashok Leyland Viking,Diesel,25.9,26.88,96.9,2025,ITPL,19
401A,Volvo 9400XL,Diesel,36.9,54.7,206,2025,RT Nagar,65
252H,Tata Marcopolo,CNG,39.6,55.13,237.2,2025,Bommanahalli,54
252H,Switch EiV 12,Electric,27.8,0,105.3,2025,Bommanahalli,65
279F,Switch EiV 12,Electric,26.4,0,119.3,2025,Peenya,16
252H,Switch EiV 12,Electric,48.4,0,176.9,2025,Bommanahalli,30
500D,Ashok Leyland Viking,Diesel,28.1,21.62,68.7,2025,Whitefield,67
96E,Volvo 8400 B7RLE,Diesel,32.9,81.42,265.5,2025,Electronic City,23
348C,Volvo 9400XL,Diesel,28.7,17.36,69.1,2025,Marathahalli,24
201R,Tata Marcopolo,CNG,25.1,61.5,272.3,2025,Yelahanka,10
365B,Volvo 8400 B7RLE,Diesel,46.7,63.04,200.6,2025,Silk Board,54
401A,Volvo 8400 B7RLE,Diesel,37.2,49.54,173.4,2025,RT Nagar,63
500D,Ashok Leyland Viking,Diesel,25.7,30.62,90.7,2025,Whitefield,61
V500C,Eicher Skyline Pro,CNG,30,53.61,215,2025,ITPL,44
V500C,Ashok Leyland Viking,Diesel,27.3,77.92,273.4,2025,ITPL,34
356C,Volvo 8400 B7RLE,Diesel,46.7,56.98,157.6,2025,Majestic,20
43E,Eicher Skyline Pro,CNG,46,48.09,212.4,2025,Hebbal,31
215K,Ashok Leyland Viking,Diesel,37.4,61.37,210.3,2025,Kengeri,75
279F,Ashok Leyland Viking,Diesel,39.3,98.68,251.2,2025,Peenya,77
60A,Ashok Leyland Viking,Diesel,42.2,75.34,264.8,2025,Indiranagar,35
210N,Tata Marcopolo,CNG,41.5,29.91,107.4,2025,Jayanagar,37
77E,Eicher Skyline Pro,CNG,27.7,50.99,203.3,2025,KR Puram,12
V500C,Switch EiV 12,Electric,26.2,0,279.9,2025,ITPL,59
365B,Tata Marcopolo,CNG,35.2,63.86,275,2025,Silk Board,14
60A,Volvo 8400 B7RLE,Diesel,39.2,64.34,232.1,2025,Indiranagar,29
77E,Volvo 8400 B7RLE,Diesel,35.1,84.7,253.3,2025,KR Puram,20
V500C,Eicher Skyline Pro,CNG,45.2,49.93,206.9,2025,ITPL,65
290E,Tata Marcopolo,CNG,35.9,55.72,235.5,2025,Mysuru Road,48
K1,Eicher Skyline Pro,CNG,38.6,28.72,86.4,2025,Koramangala,54
96E,Volvo 8400 B7RLE,Diesel,34.2,42.47,131.4,2025,Electronic City,51
290E,Eicher Skyline Pro,CNG,34.7,57.99,213,2025,Mysuru Road,78
V500C,Volvo 9400XL,Diesel,34.3,39.53,112.3,2025,ITPL,38
201R,Volvo 9400XL,Diesel,40.1,21.73,76.1,2025,Yelahanka,54
252H,Tata Marcopolo,CNG,36.6,54.99,196.3,2025,Bommanahalli,67
356C,Eicher Skyline Pro,CNG,38,67.2,249.9,2025,Majestic,34
500D,Tata Marcopolo,CNG,33.5,18.37,65.6,2025,Whitefield,47
210N,Eicher Skyline Pro,CNG,39.5,38.86,147.7,2025,Jayanagar,52
252H,Tata Marcopolo,CNG,44.1,45.91,193.7,2025,Bommanahalli,41
600A,Eicher Skyline Pro,CNG,48.9,72.01,218,2025,Banashankari,17
600A,Eicher Skyline Pro,CNG,25.2,25.96,103.1,2025,Banashankari,31
43E,Switch EiV 12,Electric,31.1,0,257.6,2025,Hebbal,48
210N,Ashok Leyland Viking,Diesel,26.5,67.64,263.9,2025,Jayanagar,25
348C,Volvo 9400XL,Diesel,27.5,42.55,137.4,2025,Marathahalli,69
348C,Eicher Skyline Pro,CNG,32.1,33.66,116.5,2025,Marathahalli,80
201R,Volvo 8400 B7RLE,Diesel,38.5,79.78,236.7,2025,Yelahanka,17
365B,Switch EiV 12,Electric,42.9,0,194.3,2025,Silk Board,50
290E,Volvo 9400XL,Diesel,35.3,44.73,120,2025,Mysuru Road,60
77E,Volvo 8400 B7RLE,Diesel,42,36.04,99.9,2025,KR Puram,42
215K,Tata Marcopolo,CNG,42.7,55.53,175.5,2025,Kengeri,11
348C,Volvo 8400 B7RLE,Diesel,31.4,46.85,184.8,2025,Marathahalli,22
V500C,Eicher Skyline Pro,CNG,45.1,43.5,166.4,2025,ITPL,42
279F,Ashok Leyland Viking,Diesel,40.8,17.72,69.6,2025,Peenya,44
96E,Tata Marcopolo,CNG,45.5,44.47,192.4,2025,Electronic City,46
401A,Tata Marcopolo,CNG,30.3,28.14,110.2,2025,RT Nagar,66
290E,Volvo 8400 B7RLE,Diesel,46,39.06,150.4,2025,Mysuru Road,36
60A,Ashok Leyland Viking,Diesel,30.9,37.54,137.8,2025,Indiranagar,35
365B,Volvo 8400 B7RLE,Diesel,45.6,38.43,120.5,2025,Silk Board,32
77E,Volvo 8400 B7RLE,Diesel,27.4,60.22,206.9,2025,KR Puram,21
60A,Volvo 9400XL,Diesel,39.7,57.92,159.4,2025,Indiranagar,67
60A,Ashok Leyland Viking,Diesel,46.6,78.62,222.1,2025,Indiranagar,52
365B,Eicher Skyline Pro,CNG,25.6,20.46,81.1,2025,Silk Board,31
252H,Volvo 9400XL,Diesel,38.7,67.98,193.6,2025,Bommanahalli,30
279F,Ashok Leyland Viking,Diesel,39.9,44.99,146,2025,Peenya,70
356C,Volvo 8400 B7RLE,Diesel,28.4,78.27,277.3,2025,Majestic,42
77E,Eicher Skyline Pro,CNG,35.7,36.55,149,2025,KR Puram,27
600A,Ashok Leyland Viking,Diesel,49.8,78.85,212.3,2025,Banashankari,65
12G,Eicher Skyline Pro,CNG,43.1,21.43,82.9,2025,BTM Layout,42
290E,Volvo 8400 B7RLE,Diesel,27,45.77,120.3,2025,Mysuru Road,71
V500C,Volvo 9400XL,Diesel,29.8,85.99,256.7,2025,ITPL,28
12G,Volvo 8400 B7RLE,Diesel,33.9,42.2,109.9,2025,BTM Layout,60
401A,Ashok Leyland Viking,Diesel,26.7,47.07,174.2,2025,RT Nagar,46
279F,Volvo 9400XL,Diesel,38.5,29.16,111.4,2025,Peenya,21
215K,Switch EiV 12,Electric,38.3,0,203.2,2025,Kengeri,62
401A,Eicher Skyline Pro,CNG,33.3,32.82,131.4,2025,RT Nagar,37
213K,Volvo 9400XL,Diesel,41.5,83.53,278.7,2025,Banerghatta,28
12G,Ashok Leyland Viking,Diesel,36.6,85.21,220.7,2025,BTM Layout,69
600A,Ashok Leyland Viking,Diesel,48.9,66.49,183.7,2025,Banashankari,31
77E,Ashok Leyland Viking,Diesel,30,64.11,211.8,2025,KR Puram,27
401A,Tata Marcopolo,CNG,36.3,19.67,81.3,2025,RT Nagar,77
96E,Volvo 8400 B7RLE,Diesel,41.6,36.96,136.5,2025,Electronic City,17
401A,Eicher Skyline Pro,CNG,30.9,73.35,264,2025,RT Nagar,56
43E,Eicher Skyline Pro,CNG,49.8,21.3,93.5,2025,Hebbal,54
279F,Ashok Leyland Viking,Diesel,46.1,54.49,178.8,2025,Peenya,68
213K,Volvo 8400 B7RLE,Diesel,27.2,54.28,197.2,2025,Banerghatta,53
210N,Volvo 9400XL,Diesel,45.7,23.99,88.1,2025,Jayanagar,30
279F,Ashok Leyland Viking,Diesel,25.9,73.07,215.9,2025,Peenya,79
290E,Eicher Skyline Pro,CNG,34,37.65,117.9,2025,Mysuru Road,52
60A,Tata Marcopolo,CNG,38.8,76.95,266.1,2025,Indiranagar,58
12G,Switch EiV 12,Electric,36.2,0,147.3,2025,BTM Layout,73
96E,Volvo 8400 B7RLE,Diesel,37.9,49.52,192.1,2025,Electronic City,63
V500C,Volvo 8400 B7RLE,Diesel,49.8,44.82,169.3,2025,ITPL,26
12G,Volvo 8400 B7RLE,Diesel,48.3,39.6,105.9,2025,BTM Layout,27
K1,Switch EiV 12,Electric,34.5,0,239.8,2025,Koramangala,53
K1,Volvo 8400 B7RLE,Diesel,46.7,68.27,253.2,2025,Koramangala,72
279F,Eicher Skyline Pro,CNG,32.6,74.9,233.8,2025,Peenya,51
600A,Switch EiV 12,Electric,29.3,0,148.7,2025,Banashankari,66
252H,Switch EiV 12,Electric,33.7,0,212.9,2025,Bommanahalli,41
12G,Ashok Leyland Viking,Diesel,41,73.55,274.6,2025,BTM Layout,73
348C,Switch EiV 12,Electric,46.6,0,89.2,2025,Marathahalli,35
210N,Tata Marcopolo,CNG,37.2,67.27,263,2025,Jayanagar,47
290E,Volvo 9400XL,Diesel,29.4,70.16,228.3,2025,Mysuru Road,43
K1,Ashok Leyland Viking,Diesel,28.7,48.41,147.7,2025,Koramangala,48
252H,Ashok Leyland Viking,Diesel,25.6,27.75,75,2025,Bommanahalli,10
96E,Ashok Leyland Viking,Diesel,38.7,68.86,271.9,2025,Electronic City,74
356C,Ashok Leyland Viking,Diesel,32.8,47.59,155.1,2025,Majestic,63
96E,Volvo 9400XL,Diesel,27.6,45.27,156.7,2025,Electronic City,42
356C,Volvo 9400XL,Diesel,40.5,30.93,107.5,2025,Majestic,45
96E,Volvo 9400XL,Diesel,26.5,25.44,93.4,2025,Electronic City,60
348C,Switch EiV 12,Electric,26.5,0,161.2,2025,Marathahalli,43
V500C,Ashok Leyland Viking,Diesel,26.4,78.73,278.9,2025,ITPL,49
201R,Ashok Leyland Viking,Diesel,31,101.87,276.4,2025,Yelahanka,22
215K,Volvo 8400 B7RLE,Diesel,32.6,32.7,86.7,2025,Kengeri,52
K1,Volvo 9400XL,Diesel,26.6,65.04,212.3,2025,Koramangala,54
96E,Switch EiV 12,Electric,45.3,0,279.3,2025,Electronic City,11
279F,Ashok Leyland Viking,Diesel,32.7,56.84,195.3,2025,Peenya,65
43E,Switch EiV 12,Electric,35.7,0,175.9,2025,Hebbal,22
600A,Eicher Skyline Pro,CNG,47.2,24.17,88.8,2025,Banashankari,10
365B,Volvo 9400XL,Diesel,34.2,32.94,102.8,2025,Silk Board,65
201R,Volvo 9400XL,Diesel,43.3,66.26,242.1,2025,Yelahanka,20
279F,Ashok Leyland Viking,Diesel,35.4,19.37,62.4,2025,Peenya,17
500D,Ashok Leyland Viking,Diesel,31.5,17.64,64.2,2025,Whitefield,32
77E,Eicher Skyline Pro,CNG,38.4,27.15,90.2,2025,KR Puram,15
252H,Ashok Leyland Viking,Diesel,31,15.82,62.7,2025,Bommanahalli,19
V500C,Eicher Skyline Pro,CNG,49,63.32,236.3,2025,ITPL,53
348C,Volvo 9400XL,Diesel,38.7,26.43,84.1,2025,Marathahalli,43
77E,Switch EiV 12,Electric,27.5,0,245.8,2025,KR Puram,60
600A,Eicher Skyline Pro,CNG,28.8,48.01,167.4,2025,Banashankari,25
201R,Ashok Leyland Viking,Diesel,36.9,72.52,222.2,2025,Yelahanka,68
500D,Eicher Skyline Pro,CNG,36.5,35.14,146.8,2025,Whitefield,12
279F,Ashok Leyland Viking,Diesel,48.9,69.64,256.3,2025,Peenya,21
43E,Ashok Leyland Viking,Diesel,42.2,41,129.4,2025,Hebbal,49
401A,Volvo 8400 B7RLE,Diesel,46,45.35,116,2025,RT Nagar,67
252H,Switch EiV 12,Electric,36.5,0,258.4,2025,Bommanahalli,57
12G,Volvo 8400 B7RLE,Diesel,41.5,52.1,200.2,2025,BTM Layout,73
215K,Eicher Skyline Pro,CNG,40.3,64.55,200.1,2025,Kengeri,12
77E,Ashok Leyland Viking,Diesel,28.8,48.25,174,2025,KR Puram,53
279F,Volvo 9400XL,Diesel,42,67.39,172.7,2025,Peenya,34
213K,Tata Marcopolo,CNG,42.9,25.32,78.7,2025,Banerghatta,56
201R,Ashok Leyland Viking,Diesel,25.3,19.24,75.7,2025,Yelahanka,18
356C,Volvo 9400XL,Diesel,33.8,75.49,222.3,2025,Majestic,10
215K,Tata Marcopolo,CNG,44.4,34.29,136.9,2025,Kengeri,32
365B,Volvo 9400XL,Diesel,29.4,38.03,100.7,2025,Silk Board,65
213K,Volvo 8400 B7RLE,Diesel,44.1,70.85,205.3,2025,Banerghatta,66
365B,Eicher Skyline Pro,CNG,27.1,14.51,64.6,2025,Silk Board,20
401A,Tata Marcopolo,CNG,44.2,31.75,125,2025,RT Nagar,10
215K,Volvo 9400XL,Diesel,30.1,53.69,144,2025,Kengeri,42
365B,Eicher Skyline Pro,CNG,44.4,49.25,195.3,2025,Silk Board,23
96E,Volvo 9400XL,Diesel,26,44.7,176.7,2025,Electronic City,11
V500C,Volvo 9400XL,Diesel,32.3,59.37,235.7,2025,ITPL,45
600A,Switch EiV 12,Electric,39.6,0,192.4,2025,Banashankari,17
V500C,Volvo 9400XL,Diesel,45.3,64.45,224.6,2025,ITPL,23
348C,Volvo 8400 B7RLE,Diesel,33.5,22.66,88.2,2025,Marathahalli,44
43E,Switch EiV 12,Electric,34.3,0,109.4,2025,Hebbal,44
290E,Tata Marcopolo,CNG,36,39.57,155.1,2025,Mysuru Road,18
356C,Eicher Skyline Pro,CNG,31,84.06,267.5,2025,Majestic,40
348C,Ashok Leyland Viking,Diesel,47.2,29.81,103.4,2025,Marathahalli,42
201R,Volvo 9400XL,Diesel,45.4,32.41,122.9,2025,Yelahanka,36
365B,Volvo 9400XL,Diesel,48,85.53,246.2,2025,Silk Board,64
356C,Switch EiV 12,Electric,36.5,0,226.1,2025,Majestic,21
600A,Volvo 9400XL,Diesel,43.2,66.91,245.2,2025,Banashankari,25
213K,Tata Marcopolo,CNG,29.4,53.54,204.4,2025,Banerghatta,46
213K,Tata Marcopolo,CNG,48.4,90.25,276.6,2025,Banerghatta,37
210N,Ashok Leyland Viking,Diesel,28.3,26.83,96.3,2025,Jayanagar,43
213K,Eicher Skyline Pro,CNG,30.3,63.82,239.9,2025,Banerghatta,68
290E,Switch EiV 12,Electric,43.3,0,245,2025,Mysuru Road,14
600A,Volvo 8400 B7RLE,Diesel,39.8,54.96,179.3,2025,Banashankari,41
365B,Volvo 9400XL,Diesel,39.1,35.52,125.5,2025,Silk Board,14
401A,Ashok Leyland Viking,Diesel,40.9,69.23,252.1,2025,RT Nagar,43
210N,Eicher Skyline Pro,CNG,36.5,31.59,95.2,2025,Jayanagar,69
77E,Tata Marcopolo,CNG,43.2,25.47,114.3,2025,KR Puram,54
348C,Switch EiV 12,Electric,35,0,81.8,2025,Marathahalli,59
252H,Tata Marcopolo,CNG,30.1,61.58,236,2025,Bommanahalli,10
K1,Eicher Skyline Pro,CNG,40.4,67.43,221.3,2025,Koramangala,44
401A,Tata Marcopolo,CNG,44.6,36.07,138.2,2025,RT Nagar,76
V500C,Ashok Leyland Viking,Diesel,44,23.97,61.2,2025,ITPL,75
348C,Volvo 9400XL,Diesel,30.1,56.92,224.1,2025,Marathahalli,45
43E,Eicher Skyline Pro,CNG,33.2,43.71,140.9,2025,Hebbal,25
348C,Switch EiV 12,Electric,46.9,0,127.2,2025,Marathahalli,41
201R,Tata Marcopolo,CNG,34.2,76.02,279.2,2025,Yelahanka,19
348C,Volvo 8400 B7RLE,Diesel,47.2,64.58,218.9,2025,Marathahalli,79
V500C,Ashok Leyland Viking,Diesel,35.3,41.23,146.1,2025,ITPL,43
290E,Switch EiV 12,Electric,40.5,0,60.7,2025,Mysuru Road,69
401A,Volvo 9400XL,Diesel,44.9,52.36,138.2,2025,RT Nagar,15
201R,Volvo 9400XL,Diesel,37,54.68,189.4,2025,Yelahanka,52
213K,Eicher Skyline Pro,CNG,39.5,19.34,74.3,2025,Banerghatta,62
348C,Eicher Skyline Pro,CNG,40.1,45.66,183.3,2025,Marathahalli,74
348C,Tata Marcopolo,CNG,31.7,55.95,237.1,2025,Marathahalli,50
500D,Volvo 8400 B7RLE,Diesel,26.9,65.54,169.6,2025,Whitefield,25
252H,Ashok Leyland Viking,Diesel,44.6,37.48,133.5,2025,Bommanahalli,43
500D,Switch EiV 12,Electric,37.9,0,233.5,2025,Whitefield,22
279F,Volvo 9400XL,Diesel,28.7,52.4,156.8,2025,Peenya,80
60A,Eicher Skyline Pro,CNG,27.2,46.68,155.5,2025,Indiranagar,17
252H,Ashok Leyland Viking,Diesel,43.4,47.93,191.6,2025,Bommanahalli,19
401A,Eicher Skyline Pro,CNG,41.1,73.05,265.3,2025,RT Nagar,73
V500C,Ashok Leyland Viking,Diesel,44.6,74.7,200,2025,ITPL,50
201R,Volvo 9400XL,Diesel,46,48.83,150.2,2025,Yelahanka,63
279F,Volvo 9400XL,Diesel,39.7,66.91,185.8,2025,Peenya,62
201R,Ashok Leyland Viking,Diesel,33.4,55.02,139.7,2025,Yelahanka,47
600A,Ashok Leyland Viking,Diesel,45.8,22.44,65.3,2025,Banashankari,72
43E,Tata Marcopolo,CNG,32.5,39.45,174,2025,Hebbal,52
290E,Switch EiV 12,Electric,35.7,0,117,2025,Mysuru Road,12
252H,Switch EiV 12,Electric,46,0,252,2025,Bommanahalli,23
K1,Switch EiV 12,Electric,45.1,0,100.9,2025,Koramangala,17
213K,Volvo 9400XL,Diesel,37.1,59.55,160.8,2025,Banerghatta,11
60A,Volvo 9400XL,Diesel,43.2,23.95,77.7,2025,Indiranagar,53
43E,Volvo 9400XL,Diesel,43.2,42.79,156.1,2025,Hebbal,16
279F,Ashok Leyland Viking,Diesel,40.3,35.15,95,2025,Peenya,44
252H,Switch EiV 12,Electric,41.4,0,225.3,2025,Bommanahalli,72
365B,Volvo 9400XL,Diesel,26.7,104.62,270.5,2025,Silk Board,15
348C,Ashok Leyland Viking,Diesel,31.5,42.54,122.1,2025,Marathahalli,35
279F,Eicher Skyline Pro,CNG,31.2,76.12,259.4,2025,Peenya,48
356C,Volvo 9400XL,Diesel,36.2,61.96,227.1,2025,Majestic,51
348C,Ashok Leyland Viking,Diesel,37.2,29.17,74.4,2025,Marathahalli,11
43E,Eicher Skyline Pro,CNG,47.7,23,73.8,2025,Hebbal,76
500D,Volvo 8400 B7RLE,Diesel,35.3,58.62,177.1,2025,Whitefield,70
43E,Switch EiV 12,Electric,25.5,0,258,2025,Hebbal,73
96E,Tata Marcopolo,CNG,49.1,53.64,206,2025,Electronic City,52
348C,Volvo 8400 B7RLE,Diesel,26.3,85.07,266.1,2025,Marathahalli,65
252H,Switch EiV 12,Electric,43.3,0,117.2,2025,Bommanahalli,50
77E,Switch EiV 12,Electric,31.4,0,275.9,2025,KR Puram,44
600A,Ashok Leyland Viking,Diesel,30,60.9,203.9,2025,Banashankari,80
96E,Switch EiV 12,Electric,49.3,0,162.1,2025,Electronic City,22
252H,Volvo 9400XL,Diesel,33.7,72.59,193.9,2025,Bommanahalli,26
K1,Switch EiV 12,Electric,30.6,0,93.3,2025,Koramangala,58
600A,Volvo 9400XL,Diesel,46.3,34.47,115.2,2025,Banashankari,43
43E,Volvo 8400 B7RLE,Diesel,27.9,46.2,175.1,2025,Hebbal,76
356C,Switch EiV 12,Electric,26.7,0,219,2025,Majestic,72
252H,Eicher Skyline Pro,CNG,38.6,69.08,215.7,2025,Bommanahalli,43
279F,Volvo 8400 B7RLE,Diesel,37.1,58.5,160.8,2025,Peenya,71
279F,Volvo 9400XL,Diesel,46.2,76.52,268.1,2025,Peenya,28
401A,Tata Marcopolo,CNG,35.3,40.66,161.7,2025,RT Nagar,18
365B,Switch EiV 12,Electric,26.6,0,180,2025,Silk Board,44
348C,Volvo 9400XL,Diesel,45.2,54.19,172.8,2025,Marathahalli,52
213K,Ashok Leyland Viking,Diesel,44.7,25.48,71.4,2025,Banerghatta,14
96E,Tata Marcopolo,CNG,29.1,33.44,116.9,2025,Electronic City,56
210N,Switch EiV 12,Electric,38,0,226.5,2025,Jayanagar,80
43E,Tata Marcopolo,CNG,46.9,24.33,105.1,2025,Hebbal,10
600A,Eicher Skyline Pro,CNG,31,68.4,251.5,2025,Banashankari,43
K1,Volvo 9400XL,Diesel,44.3,108.9,276.7,2025,Koramangala,46
60A,Tata Marcopolo,CNG,36.6,17.03,74.3,2025,Indiranagar,13
96E,Eicher Skyline Pro,CNG,37.4,56.52,178.5,2025,Electronic City,64
60A,Eicher Skyline Pro,CNG,45.6,57.27,204.5,2025,Indiranagar,61
500D,Switch EiV 12,Electric,49.1,0,230.6,2025,Whitefield,12
600A,Ashok Leyland Viking,Diesel,38.1,35.76,104.8,2025,Banashankari,41
V500C,Ashok Leyland Viking,Diesel,39.4,67.91,234.4,2025,ITPL,77
348C,Volvo 8400 B7RLE,Diesel,34.9,60.81,235.5,2025,Marathahalli,11
201R,Volvo 9400XL,Diesel,28.9,50.03,177.3,2025,Yelahanka,44
401A,Volvo 9400XL,Diesel,32.9,61.94,234.5,2025,RT Nagar,28
215K,Eicher Skyline Pro,CNG,31.9,57.96,259.4,2025,Kengeri,38
210N,Volvo 8400 B7RLE,Diesel,30.1,32.78,91,2025,Jayanagar,74
43E,Tata Marcopolo,CNG,41.4,79.52,256.7,2025,Hebbal,17
43E,Volvo 8400 B7RLE,Diesel,40.4,59.77,156.9,2025,Hebbal,58
210N,Tata Marcopolo,CNG,45.1,67.62,254.1,2025,Jayanagar,46
500D,Volvo 8400 B7RLE,Diesel,35.4,68.61,272.8,2025,Whitefield,36
12G,Volvo 8400 B7RLE,Diesel,40.9,75.27,206.9,2025,BTM Layout,32
348C,Eicher Skyline Pro,CNG,35.7,78.31,254,2025,Marathahalli,62
12G,Eicher Skyline Pro,CNG,39,16.57,62.8,2025,BTM Layout,29
290E,Tata Marcopolo,CNG,47.3,69.99,218.3,2025,Mysuru Road,13
12G,Eicher Skyline Pro,CNG,29.7,51.52,220.9,2025,BTM Layout,32
213K,Tata Marcopolo,CNG,38.5,59.08,240.2,2025,Banerghatta,67
252H,Eicher Skyline Pro,CNG,36.8,30.53,129.2,2025,Bommanahalli,40
K1,Volvo 8400 B7RLE,Diesel,33.9,49.67,161,2025,Koramangala,57
348C,Switch EiV 12,Electric,33.4,0,242.2,2025,Marathahalli,75
600A,Switch EiV 12,Electric,42.8,0,98.2,2025,Banashankari,39
500D,Volvo 9400XL,Diesel,27.5,84.52,241.7,2025,Whitefield,38
43E,Ashok Leyland Viking,Diesel,33.7,28.72,91.2,2025,Hebbal,73
V500C,Volvo 9400XL,Diesel,41.3,65.48,224.7,2025,ITPL,21
60A,Tata Marcopolo,CNG,46,37.09,137.5,2025,Indiranagar,69
215K,Tata Marcopolo,CNG,40.9,86.35,275.4,2025,Kengeri,53
365B,Volvo 9400XL,Diesel,33.1,59.16,208.8,2025,Silk Board,27
201R,Volvo 8400 B7RLE,Diesel,29.4,19.9,75.3,2025,Yelahanka,33
210N,Tata Marcopolo,CNG,45.9,32.17,110,2025,Jayanagar,69
348C,Tata Marcopolo,CNG,42.4,53.44,201.4,2025,Marathahalli,27
500D,Eicher Skyline Pro,CNG,30.3,41.71,127.2,2025,Whitefield,40
210N,Switch EiV 12,Electric,41.3,0,126.9,2025,Jayanagar,45
290E,Switch EiV 12,Electric,46.8,0,266.4,2025,Mysuru Road,16
215K,Eicher Skyline Pro,CNG,44.7,57.16,228.5,2025,Kengeri,25
279F,Tata Marcopolo,CNG,47.7,29.28,117.3,2025,Peenya,58
60A,Volvo 9400XL,Diesel,27.8,57.81,183.3,2025,Indiranagar,56
290E,Ashok Leyland Viking,Diesel,46.6,48.58,161.3,2025,Mysuru Road,66
252H,Ashok Leyland Viking,Diesel,49.4,53.9,143.7,2025,Bommanahalli,76
60A,Eicher Skyline Pro,CNG,26.1,37.23,153,2025,Indiranagar,59
213K,Switch EiV 12,Electric,32,0,262,2025,Banerghatta,41
401A,Volvo 8400 B7RLE,Diesel,32.3,64.35,248.8,2025,RT Nagar,40
215K,Volvo 8400 B7RLE,Diesel,45.1,89.39,225.9,2025,Kengeri,78
401A,Volvo 9400XL,Diesel,43.2,91.91,271.8,2025,RT Nagar,19
401A,Volvo 8400 B7RLE,Diesel,32,63.66,242.5,2025,RT Nagar,69
201R,Ashok Leyland Viking,Diesel,42.6,25.61,84.8,2025,Yelahanka,31
500D,Eicher Skyline Pro,CNG,31,26.9,81.2,2025,Whitefield,20
600A,Tata Marcopolo,CNG,32.5,41.85,163.1,2025,Banashankari,73
356C,Volvo 9400XL,Diesel,32.5,34.69,125.4,2025,Majestic,47
43E,Tata Marcopolo,CNG,47.6,16.5,70.6,2025,Hebbal,15
213K,Ashok Leyland Viking,Diesel,39.8,53.9,206.9,2025,Banerghatta,55
96E,Volvo 8400 B7RLE,Diesel,27,35.25,100.8,2025,Electronic City,67
365B,Ashok Leyland Viking,Diesel,25.9,69.59,234.8,2025,Silk Board,66
77E,Volvo 9400XL,Diesel,46.4,85,279,2025,KR Puram,27
210N,Volvo 9400XL,Diesel,45.8,21.77,74,2025,Jayanagar,30
K1,Switch EiV 12,Electric,27.3,0,85.3,2025,Koramangala,63
201R,Eicher Skyline Pro,CNG,41.7,61.29,260.1,2025,Yelahanka,21
348C,Volvo 8400 B7RLE,Diesel,39.3,77.35,253.4,2025,Marathahalli,27
60A,Volvo 9400XL,Diesel,32.9,49.08,154.7,2025,Indiranagar,28
210N,Eicher Skyline Pro,CNG,40,53.08,230.3,2025,Jayanagar,11
201R,Volvo 9400XL,Diesel,40.2,45.69,157.5,2025,Yelahanka,64
213K,Volvo 8400 B7RLE,Diesel,42.6,66.59,190.2,2025,Banerghatta,31
12G,Eicher Skyline Pro,CNG,27.6,48.28,172.7,2025,BTM Layout,17
500D,Switch EiV 12,Electric,41.3,0,167.3,2025,Whitefield,63
348C,Eicher Skyline Pro,CNG,40,65.39,269.1,2025,Marathahalli,38
279F,Ashok Leyland Viking,Diesel,40.9,65.76,171.4,2025,Peenya,80
252H,Tata Marcopolo,CNG,34,31.28,116,2025,Bommanahalli,39
215K,Ashok Leyland Viking,Diesel,28.5,24.01,70,2025,Kengeri,52
77E,Volvo 8400 B7RLE,Diesel,33.3,84.92,273.7,2025,KR Puram,13
600A,Eicher Skyline Pro,CNG,40.3,30.14,103.1,2025,Banashankari,53
252H,Tata Marcopolo,CNG,37.9,35.07,105.5,2025,Bommanahalli,40
12G,Volvo 8400 B7RLE,Diesel,30.5,24.15,61.7,2025,BTM Layout,54
213K,Ashok Leyland Viking,Diesel,33.5,22.62,83.8,2025,Banerghatta,12
500D,Eicher Skyline Pro,CNG,37.8,54.04,185.9,2025,Whitefield,26
600A,Switch EiV 12,Electric,34.9,0,265,2025,Banashankari,53
600A,Ashok Leyland Viking,Diesel,40.4,29.65,79.2,2025,Banashankari,27
290E,Ashok Leyland Viking,Diesel,37.7,35.66,135.9,2025,Mysuru Road,78
60A,Volvo 9400XL,Diesel,42.6,42.26,168.6,2025,Indiranagar,43
12G,Eicher Skyline Pro,CNG,31.9,24.75,88.9,2025,BTM Layout,40
210N,Ashok Leyland Viking,Diesel,35.3,39.57,152.8,2025,Jayanagar,22
252H,Volvo 8400 B7RLE,Diesel,40.2,73.24,217.1,2025,Bommanahalli,74
365B,Eicher Skyline Pro,CNG,48.9,57,241.2,2025,Silk Board,34
401A,Volvo 9400XL,Diesel,40.9,23.4,60.3,2025,RT Nagar,33
96E,Eicher Skyline Pro,CNG,26.5,29.88,116.7,2025,Electronic City,59
356C,Switch EiV 12,Electric,27.9,0,211,2025,Majestic,36
43E,Volvo 9400XL,Diesel,36.4,47.29,144.4,2025,Hebbal,34
77E,Volvo 8400 B7RLE,Diesel,35.5,23.88,86.6,2025,KR Puram,63
213K,Eicher Skyline Pro,CNG,27,21.4,75.6,2025,Banerghatta,23
K1,Volvo 8400 B7RLE,Diesel,41.7,75.95,267.2,2025,Koramangala,58
356C,Volvo 9400XL,Diesel,39.8,55.5,139.6,2025,Majestic,30
215K,Tata Marcopolo,CNG,47.8,51.01,199.9,2025,Kengeri,28
356C,Switch EiV 12,Electric,43.1,0,252.2,2025,Majestic,54
500D,Tata Marcopolo,CNG,47.6,27.91,86.5,2025,Whitefield,79
365B,Volvo 9400XL,Diesel,28.6,70.5,177.5,2025,Silk Board,71
600A,Volvo 9400XL,Diesel,32.4,47.32,152.8,2025,Banashankari,46
43E,Tata Marcopolo,CNG,26.1,58.72,187,2025,Hebbal,80
365B,Tata Marcopolo,CNG,33.6,44.68,182.9,2025,Silk Board,26
12G,Switch EiV 12,Electric,46.1,0,203.5,2025,BTM Layout,56
12G,Ashok Leyland Viking,Diesel,35.7,60.49,212.3,2025,BTM Layout,74
348C,Switch EiV 12,Electric,32.7,0,120.6,2025,Marathahalli,54
252H,Tata Marcopolo,CNG,36.2,55.65,233.6,2025,Bommanahalli,25
43E,Switch EiV 12,Electric,46.4,0,240.9,2025,Hebbal,30
365B,Tata Marcopolo,CNG,35.8,75.24,261.7,2025,Silk Board,13
210N,Ashok Leyland Viking,Diesel,34.3,55.3,188.1,2025,Jayanagar,56
365B,Volvo 9400XL,Diesel,42.2,70.28,215.2,2025,Silk Board,38
96E,Tata Marcopolo,CNG,35.8,30.09,96.7,2025,Electronic City,46
77E,Switch EiV 12,Electric,33.6,0,255.8,2025,KR Puram,72
96E,Tata Marcopolo,CNG,25.6,23.69,94,2025,Electronic City,29
600A,Switch EiV 12,Electric,33.5,0,200.1,2025,Banashankari,58
V500C,Eicher Skyline Pro,CNG,35.2,21.86,75.8,2025,ITPL,62
356C,Ashok Leyland Viking,Diesel,40.1,68.59,209,2025,Majestic,73
12G,Ashok Leyland Viking,Diesel,49.7,33.92,107.9,2025,BTM Layout,26
215K,Volvo 9400XL,Diesel,28.5,65.48,211.4,2025,Kengeri,55
500D,Tata Marcopolo,CNG,37.6,14.87,66.1,2025,Whitefield,52
201R,Switch EiV 12,Electric,26,0,144.5,2025,Yelahanka,61
77E,Eicher Skyline Pro,CNG,34.7,20.62,66.8,2025,KR Puram,61
215K,Eicher Skyline Pro,CNG,43.9,17.65,65.1,2025,Kengeri,18
V500C,Ashok Leyland Viking,Diesel,47.5,46.22,123.6,2025,ITPL,57
252H,Eicher Skyline Pro,CNG,32.8,62.39,270.3,2025,Bommanahalli,70
401A,Volvo 9400XL,Diesel,45.7,48.44,192.6,2025,RT Nagar,78
356C,Switch EiV 12,Electric,49,0,123.4,2025,Majestic,61
96E,Eicher Skyline Pro,CNG,34.6,41.5,145.7,2025,Electronic City,41
K1,Volvo 8400 B7RLE,Diesel,28.9,53.77,179.1,2025,Koramangala,79
V500C,Volvo 8400 B7RLE,Diesel,44,47.78,179.2,2025,ITPL,41
279F,Switch EiV 12,Electric,32.6,0,156.9,2025,Peenya,23
348C,Volvo 8400 B7RLE,Diesel,29.9,45.27,117.1,2025,Marathahalli,59
K1,Eicher Skyline Pro,CNG,31.8,30.41,135.3,2025,Koramangala,73
252H,Eicher Skyline Pro,CNG,33.7,47.2,182.7,2025,Bommanahalli,39
348C,Ashok Leyland Viking,Diesel,36.1,26.34,90.6,2025,Marathahalli,77
279F,Eicher Skyline Pro,CNG,35,37.32,167.6,2025,Peenya,64
60A,Tata Marcopolo,CNG,40.6,65.83,253.7,2025,Indiranagar,10
96E,Ashok Leyland Viking,Diesel,30,63.54,196.5,2025,Electronic City,59
K1,Volvo 9400XL,Diesel,36.9,20.73,68.7,2025,Koramangala,62
V500C,Ashok Leyland Viking,Diesel,49.1,28.49,110.1,2025,ITPL,16
60A,Switch EiV 12,Electric,38.3,0,218.9,2025,Indiranagar,25
290E,Tata Marcopolo,CNG,28.3,60.06,251.4,2025,Mysuru Road,17
290E,Volvo 9400XL,Diesel,44.9,30.03,87.5,2025,Mysuru Road,38
60A,Volvo 8400 B7RLE,Diesel,48.6,92.91,253,2025,Indiranagar,34
43E,Ashok Leyland Viking,Diesel,49.5,50.17,161.8,2025,Hebbal,24
500D,Tata Marcopolo,CNG,39.7,70.17,250,2025,Whitefield,61
96E,Tata Marcopolo,CNG,30.1,29.67,122.9,2025,Electronic City,13
210N,Switch EiV 12,Electric,37.8,0,145,2025,Jayanagar,76
60A,Tata Marcopolo,CNG,39.4,39.15,168.3,2025,Indiranagar,29
213K,Switch EiV 12,Electric,35.2,0,275.8,2025,Banerghatta,60
210N,Volvo 8400 B7RLE,Diesel,44.1,72.05,242.1,2025,Jayanagar,32
365B,Volvo 8400 B7RLE,Diesel,30,101.47,270.3,2025,Silk Board,72
12G,Switch EiV 12,Electric,36,0,247.9,2025,BTM Layout,55
V500C,Switch EiV 12,Electric,47.3,0,246.3,2025,ITPL,63
365B,Eicher Skyline Pro,CNG,47.1,20.07,73.7,2025,Silk Board,41
K1,Switch EiV 12,Electric,40.7,0,172.3,2025,Koramangala,48
201R,Eicher Skyline Pro,CNG,25.5,71,263.8,2025,Yelahanka,11
252H,Tata Marcopolo,CNG,43.1,52.32,211.3,2025,Bommanahalli,11
279F,Eicher Skyline Pro,CNG,32.5,25.32,89.6,2025,Peenya,17
V500C,Eicher Skyline Pro,CNG,32,71.47,237,2025,ITPL,42
213K,Eicher Skyline Pro,CNG,25.2,60.18,270.6,2025,Banerghatta,69
201R,Ashok Leyland Viking,Diesel,45.7,71.01,208.9,2025,Yelahanka,24
96E,Volvo 8400 B7RLE,Diesel,43.4,16.82,63.1,2025,Electronic City,21
279F,Volvo 9400XL,Diesel,28.6,61.4,222.9,2025,Peenya,49
213K,Ashok Leyland Viking,Diesel,41.5,62.81,229.2,2025,Banerghatta,62
201R,Switch EiV 12,Electric,40.3,0,246.1,2025,Yelahanka,79
290E,Tata Marcopolo,CNG,37.2,25.51,79.5,2025,Mysuru Road,56
V500C,Volvo 8400 B7RLE,Diesel,35.2,57.6,149.7,2025,ITPL,51
600A,Tata Marcopolo,CNG,27.8,32.45,136.7,2025,Banashankari,59
60A,Volvo 9400XL,Diesel,26.8,68.27,268.5,2025,Indiranagar,32
60A,Tata Marcopolo,CNG,32.5,56.17,175,2025,Indiranagar,30
500D,Volvo 9400XL,Diesel,44.9,47.77,170.1,2025,Whitefield,55
43E,Tata Marcopolo,CNG,26.8,19.7,71,2025,Hebbal,74
12G,Eicher Skyline Pro,CNG,30.8,36.53,125,2025,BTM Layout,42
201R,Volvo 9400XL,Diesel,48.2,76.2,236.8,2025,Yelahanka,14
215K,Ashok Leyland Viking,Diesel,33,80.66,259.3,2025,Kengeri,14
V500C,Eicher Skyline Pro,CNG,41,24.55,109.7,2025,ITPL,27
213K,Switch EiV 12,Electric,33.9,0,192.8,2025,Banerghatta,14
K1,Volvo 9400XL,Diesel,28.1,52.83,202.5,2025,Koramangala,30
348C,Tata Marcopolo,CNG,36.2,44.01,170.7,2025,Marathahalli,11
60A,Volvo 8400 B7RLE,Diesel,26.8,56.05,197.5,2025,Indiranagar,71
V500C,Ashok Leyland Viking,Diesel,42.8,30.32,113.2,2025,ITPL,17
201R,Volvo 8400 B7RLE,Diesel,38.8,72.22,236.9,2025,Yelahanka,61
12G,Tata Marcopolo,CNG,44.4,26.83,91.4,2025,BTM Layout,58
210N,Volvo 8400 B7RLE,Diesel,32.1,62.69,169.3,2025,Jayanagar,79
252H,Switch EiV 12,Electric,26.4,0,198.5,2025,Bommanahalli,59
279F,Ashok Leyland Viking,Diesel,32.9,89.87,224.7,2025,Peenya,64
77E,Volvo 8400 B7RLE,Diesel,26.2,59.16,172.4,2025,KR Puram,71
365B,Ashok Leyland Viking,Diesel,26.6,57.33,215.5,2025,Silk Board,73
401A,Volvo 8400 B7RLE,Diesel,31.2,16.84,60.8,2025,RT Nagar,44
252H,Volvo 8400 B7RLE,Diesel,27.5,42.63,129.6,2025,Bommanahalli,26
K1,Tata Marcopolo,CNG,46.1,34.44,119.5,2025,Koramangala,18
279F,Volvo 8400 B7RLE,Diesel,47.3,74.14,233.6,2025,Peenya,11
96E,Switch EiV 12,Electric,34.4,0,260.2,2025,Electronic City,75
279F,Eicher Skyline Pro,CNG,27.2,67.51,272.1,2025,Peenya,66
600A,Tata Marcopolo,CNG,34.7,42.69,168.6,2025,Banashankari,27
96E,Eicher Skyline Pro,CNG,25.1,66.08,214.8,2025,Electronic City,59
215K,Switch EiV 12,Electric,41.7,0,216.9,2025,Kengeri,18
600A,Ashok Leyland Viking,Diesel,44,69.41,272.5,2025,Banashankari,64
215K,Eicher Skyline Pro,CNG,32.5,67.95,214.6,2025,Kengeri,14
201R,Switch EiV 12,Electric,41.1,0,232,2025,Yelahanka,43
77E,Volvo 8400 B7RLE,Diesel,34,17.94,70.6,2025,KR Puram,78
96E,Volvo 9400XL,Diesel,35.8,53.38,170.1,2025,Electronic City,68
V500C,Tata Marcopolo,CNG,34.2,29.82,106,2025,ITPL,37
290E,Tata Marcopolo,CNG,44.2,19.73,71.5,2025,Mysuru Road,30
12G,Volvo 9400XL,Diesel,46.3,85.49,240.9,2025,BTM Layout,17
60A,Ashok Leyland Viking,Diesel,36.8,53.56,204.6,2025,Indiranagar,47
356C,Eicher Skyline Pro,CNG,41.9,27.48,107.5,2025,Majestic,41
12G,Volvo 9400XL,Diesel,28.4,35.95,125,2025,BTM Layout,29
600A,Volvo 9400XL,Diesel,32.9,64.17,222.5,2025,Banashankari,43
290E,Ashok Leyland Viking,Diesel,42.8,52.49,146.9,2025,Mysuru Road,20
290E,Volvo 9400XL,Diesel,32.2,83.82,255.8,2025,Mysuru Road,40
77E,Tata Marcopolo,CNG,27.8,19.29,72.8,2025,KR Puram,30
V500C,Eicher Skyline Pro,CNG,45.9,39.34,118.9,2025,ITPL,13
500D,Volvo 8400 B7RLE,Diesel,33.4,56.7,143.4,2025,Whitefield,21
77E,Switch EiV 12,Electric,35.3,0,87.4,2025,KR Puram,18
213K,Ashok Leyland Viking,Diesel,35.1,51.09,168.4,2025,Banerghatta,49
348C,Tata Marcopolo,CNG,25.2,51.65,190.9,2025,Marathahalli,29
V500C,Tata Marcopolo,CNG,38,67.72,272,2025,ITPL,60
96E,Switch EiV 12,Electric,44.3,0,128.6,2025,Electronic City,56
348C,Volvo 9400XL,Diesel,38,58.02,230,2025,Marathahalli,68
290E,Volvo 8400 B7RLE,Diesel,25.4,23.97,87.6,2025,Mysuru Road,59
60A,Volvo 8400 B7RLE,Diesel,28,81.98,237.6,2025,Indiranagar,55
356C,Volvo 9400XL,Diesel,32.3,17.46,63.9,2025,Majestic,33
96E,Switch EiV 12,Electric,33.7,0,174,2025,Electronic City,52
12G,Switch EiV 12,Electric,25,0,141.8,2025,BTM Layout,49
210N,Volvo 8400 B7RLE,Diesel,41.2,31.81,126,2025,Jayanagar,26
252H,Ashok Leyland Viking,Diesel,25.6,64.04,246.4,2025,Bommanahalli,35
K1,Ashok Leyland Viking,Diesel,44.5,72.89,232.3,2025,Koramangala,24
290E,Volvo 9400XL,Diesel,32.6,56.8,147.6,2025,Mysuru Road,61
252H,Volvo 9400XL,Diesel,31.2,34.16,110.2,2025,Bommanahalli,39
V500C,Switch EiV 12,Electric,36.8,0,224.4,2025,ITPL,42
12G,Tata Marcopolo,CNG,48.9,16.47,72.7,2025,BTM Layout,67
12G,Switch EiV 12,Electric,49.8,0,232.7,2025,BTM Layout,65
290E,Switch EiV 12,Electric,49.1,0,179.8,2025,Mysuru Road,65
96E,Eicher Skyline Pro,CNG,34.1,22.95,76.6,2025,Electronic City,56
V500C,Tata Marcopolo,CNG,28.5,26.21,103.1,2025,ITPL,28
K1,Volvo 9400XL,Diesel,39.5,85.24,231.9,2025,Koramangala,54
500D,Volvo 8400 B7RLE,Diesel,40.9,77.35,238.4,2025,Whitefield,57
201R,Volvo 9400XL,Diesel,31.5,69.02,208.3,2025,Yelahanka,60
348C,Switch EiV 12,Electric,32.3,0,261.8,2025,Marathahalli,56
V500C,Ashok Leyland Viking,Diesel,47.3,45.88,163.4,2025,ITPL,74
213K,Tata Marcopolo,CNG,28.7,24.47,73.7,2025,Banerghatta,70
600A,Volvo 8400 B7RLE,Diesel,36.2,73.59,198.8,2025,Banashankari,69
96E,Switch EiV 12,Electric,38.2,0,270.7,2025,Electronic City,33
12G,Ashok Leyland Viking,Diesel,37.5,32.16,113.2,2025,BTM Layout,45
356C,Ashok Leyland Viking,Diesel,31.9,20.7,76.8,2025,Majestic,34
213K,Eicher Skyline Pro,CNG,38.7,44.15,161.1,2025,Banerghatta,40
201R,Switch EiV 12,Electric,29.1,0,69.7,2025,Yelahanka,73
213K,Switch EiV 12,Electric,30.2,0,158,2025,Banerghatta,26
12G,Eicher Skyline Pro,CNG,46.1,15.88,71,2025,BTM Layout,24
348C,Volvo 8400 B7RLE,Diesel,46.3,81.91,234.5,2025,Marathahalli,24
210N,Eicher Skyline Pro,CNG,29.9,61.28,271.3,2025,Jayanagar,66
401A,Volvo 9400XL,Diesel,42.8,70.22,278.9,2025,RT Nagar,19
215K,Volvo 8400 B7RLE,Diesel,31.5,58.72,185.3,2025,Kengeri,69
252H,Volvo 8400 B7RLE,Diesel,26.8,55.51,190.6,2025,Bommanahalli,15
213K,Tata Marcopolo,CNG,29.8,65.86,275.9,2025,Banerghatta,38
401A,Ashok Leyland Viking,Diesel,48.6,65.91,259.7,2025,RT Nagar,14
V500C,Tata Marcopolo,CNG,49.4,42.24,174.7,2025,ITPL,69
348C,Eicher Skyline Pro,CNG,36.9,23.45,95.6,2025,Marathahalli,10
96E,Tata Marcopolo,CNG,41,28.6,114.4,2025,Electronic City,60
500D,Volvo 9400XL,Diesel,39.1,26.19,95.8,2025,Whitefield,75
252H,Volvo 8400 B7RLE,Diesel,25.3,67.55,169.8,2025,Bommanahalli,51
210N,Eicher Skyline Pro,CNG,48.2,41.43,138.5,2025,Jayanagar,33
252H,Switch EiV 12,Electric,30.6,0,199.6,2025,Bommanahalli,77
401A,Eicher Skyline Pro,CNG,46.2,31.95,130.8,2025,RT Nagar,50
356C,Volvo 8400 B7RLE,Diesel,35.7,31.84,81,2025,Majestic,27
V500C,Volvo 8400 B7RLE,Diesel,41.6,61.92,165.8,2025,ITPL,43
252H,Volvo 8400 B7RLE,Diesel,34.9,31.86,123.6,2025,Bommanahalli,17
96E,Switch EiV 12,Electric,26.1,0,278.5,2025,Electronic City,68
201R,Volvo 8400 B7RLE,Diesel,34.3,73.62,227.4,2025,Yelahanka,14
K1,Tata Marcopolo,CNG,48,51.03,225.9,2025,Koramangala,21
96E,Switch EiV 12,Electric,33.9,0,187,2025,Electronic City,76
77E,Switch EiV 12,Electric,31.3,0,233.3,2025,KR Puram,73
279F,Ashok Leyland Viking,Diesel,34,52.83,184.1,2025,Peenya,22
600A,Volvo 8400 B7RLE,Diesel,29.8,29.12,112.9,2025,Banashankari,79
279F,Tata Marcopolo,CNG,37.6,24.74,82.4,2025,Peenya,62
V500C,Ashok Leyland Viking,Diesel,25.9,24.83,68.6,2025,ITPL,53
12G,Eicher Skyline Pro,CNG,32.1,56.65,250.7,2025,BTM Layout,76
60A,Ashok Leyland Viking,Diesel,35.9,55.78,188,2025,Indiranagar,70
348C,Volvo 9400XL,Diesel,44,59.41,173.7,2025,Marathahalli,10
77E,Volvo 9400XL,Diesel,47.4,35.13,137.7,2025,KR Puram,73
365B,Eicher Skyline Pro,CNG,35.5,61.48,256.4,2025,Silk Board,32
210N,Tata Marcopolo,CNG,37.4,49.83,164.8,2025,Jayanagar,39
365B,Tata Marcopolo,CNG,29.7,54.33,190,2025,Silk Board,70
500D,Switch EiV 12,Electric,30.2,0,248.1,2025,Whitefield,34
213K,Volvo 9400XL,Diesel,26.7,19.35,75.7,2025,Banerghatta,71
213K,Ashok Leyland Viking,Diesel,35.2,46.15,171.5,2025,Banerghatta,36
600A,Ashok Leyland Viking,Diesel,33.3,68.89,243.9,2025,Banashankari,59
356C,Switch EiV 12,Electric,41.4,0,229.6,2025,Majestic,12
290E,Switch EiV 12,Electric,46.9,0,93.4,2025,Mysuru Road,61
348C,Tata Marcopolo,CNG,32.1,49.1,178.6,2025,Marathahalli,53
365B,Ashok Leyland Viking,Diesel,28.2,18.72,68.3,2025,Silk Board,65
290E,Tata Marcopolo,CNG,35.4,15.86,60,2025,Mysuru Road,36
60A,Volvo 8400 B7RLE,Diesel,49.3,25.36,72,2025,Indiranagar,48
12G,Switch EiV 12,Electric,32.6,0,126.9,2025,BTM Layout,21
348C,Eicher Skyline Pro,CNG,25,27.04,110.7,2025,Marathahalli,34
12G,Ashok Leyland Viking,Diesel,30.6,78.04,272.7,2025,BTM Layout,79
210N,Switch EiV 12,Electric,46.2,0,223.2,2025,Jayanagar,44
96E,Switch EiV 12,Electric,32.6,0,153,2025,Electronic City,30
60A,Tata Marcopolo,CNG,42.8,31.15,131.6,2025,Indiranagar,63
43E,Ashok Leyland Viking,Diesel,34.3,25.95,100,2025,Hebbal,57
96E,Switch EiV 12,Electric,49.6,0,237.5,2025,Electronic City,11
500D,Switch EiV 12,Electric,34.8,0,225.9,2025,Whitefield,31
201R,Volvo 9400XL,Diesel,41.5,72.55,189.9,2025,Yelahanka,69
43E,Switch EiV 12,Electric,42.7,0,179.8,2025,Hebbal,27
201R,Switch EiV 12,Electric,44.5,0,96.8,2025,Yelahanka,45
215K,Eicher Skyline Pro,CNG,48.8,61.5,188.4,2025,Kengeri,67
12G,Eicher Skyline Pro,CNG,40,34.37,118.4,2025,BTM Layout,66
365B,Tata Marcopolo,CNG,44,68.87,217.2,2025,Silk Board,21
401A,Tata Marcopolo,CNG,37.7,48.68,173,2025,RT Nagar,39
43E,Switch EiV 12,Electric,45.7,0,265.2,2025,Hebbal,70
201R,Tata Marcopolo,CNG,42.9,57.79,213.4,2025,Yelahanka,66
365B,Switch EiV 12,Electric,42.4,0,262.6,2025,Silk Board,38
401A,Ashok Leyland Viking,Diesel,46.5,75.71,220.4,2025,RT Nagar,55
500D,Eicher Skyline Pro,CNG,29.9,67.54,237.6,2025,Whitefield,52
365B,Tata Marcopolo,CNG,49.5,31.23,133.8,2025,Silk Board,10
96E,Tata Marcopolo,CNG,43.2,55.76,214.3,2025,Electronic City,59
96E,Ashok Leyland Viking,Diesel,37.4,87.4,268.4,2025,Electronic City,49
V500C,Switch EiV 12,Electric,44.7,0,95.9,2025,ITPL,57
12G,Volvo 8400 B7RLE,Diesel,34.6,87.32,221.6,2025,BTM Layout,51
K1,Volvo 9400XL,Diesel,25.3,68.79,244.6,2025,Koramangala,62
201R,Switch EiV 12,Electric,35.9,0,273.5,2025,Yelahanka,26
96E,Tata Marcopolo,CNG,42.6,26.43,111.7,2025,Electronic City,63
60A,Volvo 9400XL,Diesel,49.2,69.91,180.2,2025,Indiranagar,70
252H,Volvo 8400 B7RLE,Diesel,43,45.1,171.1,2025,Bommanahalli,68
77E,Ashok Leyland Viking,Diesel,45,29.86,99.4,2025,KR Puram,53
252H,Tata Marcopolo,CNG,28.3,34.25,147.2,2025,Bommanahalli,49
348C,Volvo 9400XL,Diesel,32.7,32.23,94.6,2025,Marathahalli,43
201R,Switch EiV 12,Electric,41.8,0,251.7,2025,Yelahanka,21
210N,Eicher Skyline Pro,CNG,31.3,59.76,235.3,2025,Jayanagar,74
77E,Tata Marcopolo,CNG,45.8,42.62,185.8,2025,KR Puram,58
213K,Switch EiV 12,Electric,41.9,0,62.7,2025,Banerghatta,63
290E,Eicher Skyline Pro,CNG,38.7,20.81,71.4,2025,Mysuru Road,18
600A,Tata Marcopolo,CNG,33.8,32.43,127.5,2025,Banashankari,49
60A,Volvo 8400 B7RLE,Diesel,43.3,42.97,133.5,2025,Indiranagar,43
201R,Tata Marcopolo,CNG,44.6,21.87,75,2025,Yelahanka,24
290E,Eicher Skyline Pro,CNG,42.1,44.36,155.2,2025,Mysuru Road,72
500D,Switch EiV 12,Electric,34.3,0,72.4,2025,Whitefield,53
V500C,Switch EiV 12,Electric,41,0,267.8,2025,ITPL,70
213K,Switch EiV 12,Electric,40.8,0,207.7,2025,Banerghatta,22
365B,Volvo 8400 B7RLE,Diesel,35.5,28.62,103.8,2025,Silk Board,63
77E,Volvo 8400 B7RLE,Diesel,31.9,28.24,82.3,2025,KR Puram,25
290E,Volvo 8400 B7RLE,Diesel,49.5,59.59,155,2025,Mysuru Road,13
77E,Tata Marcopolo,CNG,29.5,39.07,174.1,2025,KR Puram,50
401A,Switch EiV 12,Electric,35.1,0,84.9,2025,RT Nagar,28
K1,Ashok Leyland Viking,Diesel,42.6,70.93,222.3,2025,Koramangala,75
356C,Tata Marcopolo,CNG,34.9,40.1,136.2,2025,Majestic,18
213K,Volvo 9400XL,Diesel,37.1,36.24,105.2,2025,Banerghatta,51
252H,Switch EiV 12,Electric,41.4,0,123.2,2025,Bommanahalli,45
500D,Ashok Leyland Viking,Diesel,40.1,104.42,273.1,2025,Whitefield,22
210N,Tata Marcopolo,CNG,48.8,22.23,76.6,2025,Jayanagar,21
600A,Ashok Leyland Viking,Diesel,40,23.37,80.3,2025,Banashankari,13
600A,Volvo 8400 B7RLE,Diesel,31.7,80.35,202.7,2025,Banashankari,22
201R,Volvo 8400 B7RLE,Diesel,31.3,77.49,272.3,2025,Yelahanka,23
77E,Volvo 8400 B7RLE,Diesel,40.3,72.57,215.5,2025,KR Puram,66
43E,Tata Marcopolo,CNG,39.9,27.82,119.6,2025,Hebbal,27
215K,Switch EiV 12,Electric,27.6,0,268.3,2025,Kengeri,24
348C,Switch EiV 12,Electric,48.6,0,94.1,2025,Marathahalli,37
290E,Volvo 9400XL,Diesel,47.1,79.17,222,2025,Mysuru Road,62
77E,Switch EiV 12,Electric,42.5,0,189.3,2025,KR Puram,67
365B,Switch EiV 12,Electric,35.2,0,209.6,2025,Silk Board,54
213K,Volvo 8400 B7RLE,Diesel,39.6,22.02,63.4,2025,Banerghatta,76
215K,Ashok Leyland Viking,Diesel,48.9,51.35,159.1,2025,Kengeri,74
252H,Volvo 9400XL,Diesel,29.7,69.77,244.8,2025,Bommanahalli,49
77E,Eicher Skyline Pro,CNG,27.5,91.25,274.9,2025,KR Puram,43
215K,Ashok Leyland Viking,Diesel,27.3,42.9,155.4,2025,Kengeri,20
96E,Volvo 9400XL,Diesel,35.9,90.44,261.2,2025,Electronic City,66
252H,Eicher Skyline Pro,CNG,43.1,51.63,155.6,2025,Bommanahalli,60
290E,Eicher Skyline Pro,CNG,40.3,47.95,189.7,2025,Mysuru Road,78
210N,Ashok Leyland Viking,Diesel,42.9,42.93,113.2,2025,Jayanagar,49
77E,Volvo 9400XL,Diesel,46.9,28.77,103.8,2025,KR Puram,14
210N,Volvo 9400XL,Diesel,31.2,22.33,63,2025,Jayanagar,41
252H,Tata Marcopolo,CNG,31.2,38.66,119.6,2025,Bommanahalli,26
43E,Volvo 9400XL,Diesel,43.3,47.21,161,2025,Hebbal,77
60A,Eicher Skyline Pro,CNG,27,46.98,208,2025,Indiranagar,35
210N,Ashok Leyland Viking,Diesel,45.1,65.47,244.5,2025,Jayanagar,50
210N,Volvo 9400XL,Diesel,38.6,94.7,265.2,2025,Jayanagar,57
77E,Volvo 8400 B7RLE,Diesel,43.6,54.26,195.7,2025,KR Puram,19
290E,Switch EiV 12,Electric,26.7,0,174.7,2025,Mysuru Road,37
356C,Tata Marcopolo,CNG,48,36.53,141.6,2025,Majestic,38
201R,Tata Marcopolo,CNG,31.7,50.22,178.4,2025,Yelahanka,76
60A,Tata Marcopolo,CNG,41.7,61.47,257,2025,Indiranagar,25
279F,Ashok Leyland Viking,Diesel,40.8,55.7,160,2025,Peenya,42
500D,Volvo 8400 B7RLE,Diesel,35.7,68.02,215.2,2025,Whitefield,51
365B,Ashok Leyland Viking,Diesel,48.4,78.16,202.9,2025,Silk Board,32
600A,Eicher Skyline Pro,CNG,32.3,65.85,241.4,2025,Banashankari,24
60A,Switch EiV 12,Electric,32.5,0,64.8,2025,Indiranagar,25
213K,Switch EiV 12,Electric,26.4,0,170.6,2025,Banerghatta,27
600A,Volvo 9400XL,Diesel,48.2,63.2,168,2025,Banashankari,75
215K,Volvo 9400XL,Diesel,35.2,65.52,228.2,2025,Kengeri,22
210N,Tata Marcopolo,CNG,29,36.2,117.3,2025,Jayanagar,50
43E,Volvo 8400 B7RLE,Diesel,29.6,21.59,75.5,2025,Hebbal,41
215K,Volvo 9400XL,Diesel,45.4,72,254,2025,Kengeri,46
96E,Eicher Skyline Pro,CNG,32.2,24.33,84.3,2025,Electronic City,29
600A,Volvo 9400XL,Diesel,37.9,34.81,115,2025,Banashankari,15
K1,Ashok Leyland Viking,Diesel,33.8,37,138.5,2025,Koramangala,11
356C,Tata Marcopolo,CNG,32.7,53.45,233.6,2025,Majestic,44
K1,Volvo 9400XL,Diesel,33.2,88.93,269.6,2025,Koramangala,28
V500C,Ashok Leyland Viking,Diesel,48.5,44.88,171.2,2025,ITPL,49
60A,Switch EiV 12,Electric,34.8,0,82.6,2025,Indiranagar,49
600A,Eicher Skyline Pro,CNG,37.6,55.21,181.7,2025,Banashankari,49
V500C,Tata Marcopolo,CNG,41.9,58.47,248.9,2025,ITPL,62
348C,Switch EiV 12,Electric,43.7,0,248.9,2025,Marathahalli,52
290E,Volvo 8400 B7RLE,Diesel,40.3,57.14,156.6,2025,Mysuru Road,40
600A,Volvo 8400 B7RLE,Diesel,29.5,58.8,208.2,2025,Banashankari,19
252H,Eicher Skyline Pro,CNG,27.9,34.02,110.5,2025,Bommanahalli,42
348C,Tata Marcopolo,CNG,43,14.74,60.4,2025,Marathahalli,56
12G,Switch EiV 12,Electric,29,0,173.3,2025,BTM Layout,37
201R,Volvo 8400 B7RLE,Diesel,25.5,28.52,78.4,2025,Yelahanka,72
600A,Ashok Leyland Viking,Diesel,31,84.45,256,2025,Banashankari,46
600A,Volvo 9400XL,Diesel,30.6,25.37,83.2,2025,Banashankari,79
V500C,Volvo 8400 B7RLE,Diesel,31.1,74.89,193.7,2025,ITPL,50
12G,Tata Marcopolo,CNG,30.9,43.85,146,2025,BTM Layout,51
77E,Eicher Skyline Pro,CNG,40.4,70.71,271.2,2025,KR Puram,31
210N,Switch EiV 12,Electric,35.7,0,151.5,2025,Jayanagar,11
600A,Volvo 8400 B7RLE,Diesel,42.4,50.38,179,2025,Banashankari,30
V500C,Volvo 9400XL,Diesel,37.5,31.37,97.8,2025,ITPL,55
43E,Switch EiV 12,Electric,40.8,0,251.5,2025,Hebbal,44
356C,Switch EiV 12,Electric,27.9,0,177.2,2025,Majestic,19
365B,Eicher Skyline Pro,CNG,27.9,55.11,193.2,2025,Silk Board,40
356C,Volvo 9400XL,Diesel,42.3,32.53,91.4,2025,Majestic,68
12G,Switch EiV 12,Electric,47.4,0,146.2,2025,BTM Layout,45
279F,Volvo 9400XL,Diesel,37.7,33.53,104.9,2025,Peenya,76
K1,Eicher Skyline Pro,CNG,44.8,20.62,64,2025,Koramangala,46
201R,Tata Marcopolo,CNG,39,41.67,164.3,2025,Yelahanka,46
252H,Switch EiV 12,Electric,31.3,0,211.5,2025,Bommanahalli,77
213K,Tata Marcopolo,CNG,43.1,16.35,62.2,2025,Banerghatta,68
77E,Switch EiV 12,Electric,45.5,0,243.9,2025,KR Puram,71
96E,Switch EiV 12,Electric,37.1,0,245.5,2025,Electronic City,48
356C,Volvo 9400XL,Diesel,44.8,41.99,133.4,2025,Majestic,22
60A,Ashok Leyland Viking,Diesel,46.4,26.26,100.4,2025,Indiranagar,67
401A,Volvo 8400 B7RLE,Diesel,26.9,52.76,162.6,2025,RT Nagar,72
210N,Volvo 8400 B7RLE,Diesel,47.5,84.41,236.8,2025,Jayanagar,62
356C,Ashok Leyland Viking,Diesel,46.9,24.22,74.7,2025,Majestic,52
201R,Switch EiV 12,Electric,49.2,0,179.2,2025,Yelahanka,69
96E,Tata Marcopolo,CNG,41.2,23.98,74.6,2025,Electronic City,27
60A,Ashok Leyland Viking,Diesel,45.1,45.27,142.6,2025,Indiranagar,23
348C,Volvo 9400XL,Diesel,39,93.7,279.4,2025,Marathahalli,73
401A,Volvo 9400XL,Diesel,33.8,35.44,108.4,2025,RT Nagar,60
348C,Volvo 8400 B7RLE,Diesel,34.2,23.5,75.1,2025,Marathahalli,62
365B,Volvo 9400XL,Diesel,41.4,61.46,219,2025,Silk Board,80
96E,Ashok Leyland Viking,Diesel,30.4,17.69,61.8,2025,Electronic City,59
365B,Eicher Skyline Pro,CNG,25.1,39.58,166.5,2025,Silk Board,54
600A,Eicher Skyline Pro,CNG,38.7,74.2,230,2025,Banashankari,58
500D,Eicher Skyline Pro,CNG,39.6,54.78,228.6,2025,Whitefield,59
210N,Volvo 8400 B7RLE,Diesel,45.1,68.78,225.4,2025,Jayanagar,68
201R,Volvo 8400 B7RLE,Diesel,41.8,26.5,90.9,2025,Yelahanka,53
348C,Ashok Leyland Viking,Diesel,29.2,79.97,223.3,2025,Marathahalli,54
77E,Switch EiV 12,Electric,43.7,0,255.9,2025,KR Puram,79
213K,Eicher Skyline Pro,CNG,44,66.69,259.8,2025,Banerghatta,39
500D,Switch EiV 12,Electric,47.2,0,203.9,2025,Whitefield,80
201R,Eicher Skyline Pro,CNG,40.8,57.9,187.3,2025,Yelahanka,16
600A,Eicher Skyline Pro,CNG,42.9,48.23,164.3,2025,Banashankari,74
365B,Ashok Leyland Viking,Diesel,32.8,36.51,104.5,2025,Silk Board,11
77E,Ashok Leyland Viking,Diesel,35.6,27.79,107.3,2025,KR Puram,45
12G,Switch EiV 12,Electric,29.7,0,171.6,2025,BTM Layout,14
43E,Eicher Skyline Pro,CNG,42.4,21.52,76.9,2025,Hebbal,33
356C,Volvo 9400XL,Diesel,41.5,65.18,240.8,2025,Majestic,77
43E,Switch EiV 12,Electric,42.3,0,119.8,2025,Hebbal,10
215K,Volvo 8400 B7RLE,Diesel,48.5,34.19,118.1,2025,Kengeri,24
201R,Ashok Leyland Viking,Diesel,31.7,47.16,131.4,2025,Yelahanka,25
K1,Ashok Leyland Viking,Diesel,30.5,62.72,212.8,2025,Koramangala,34
600A,Ashok Leyland Viking,Diesel,41.5,31.75,118.2,2025,Banashankari,61
356C,Volvo 9400XL,Diesel,44,83.12,231.2,2025,Majestic,41
365B,Volvo 9400XL,Diesel,42.5,26.01,79.4,2025,Silk Board,63
K1,Eicher Skyline Pro,CNG,25.8,45.76,155.1,2025,Koramangala,14
252H,Volvo 8400 B7RLE,Diesel,47,23.52,67.4,2025,Bommanahalli,12
12G,Eicher Skyline Pro,CNG,26,45.65,182.6,2025,BTM Layout,73
Route_No,Bus_Model,Fuel_Type,Avg_Speed_kmph,Fuel_Consumed_Liters,Distance_Covered_km,Year,Destination,No_of_Buses_in_Route
356C,Tata Marcopolo,CNG,48.8,34.75,142.4,2025,Majestic,40
V500C,Volvo 8400 B7RLE,Diesel,28.9,70.12,191.7,2025,ITPL,58
77E,Volvo 8400 B7RLE,Diesel,46.7,21.4,72.8,2025,KR Puram,54
279F,Volvo 9400XL,Diesel,25.5,54.57,215.8,2025,Peenya,30
60A,Volvo 9400XL,Diesel,30.3,87.68,243.1,2025,Indiranagar,44
348C,Volvo 8400 B7RLE,Diesel,32.6,30.51,100.3,2025,Marathahalli,62
252H,Tata Marcopolo,CNG,32.3,39.56,155,2025,Bommanahalli,43
77E,Eicher Skyline Pro,CNG,32.3,25.55,90.7,2025,KR Puram,72
401A,Switch EiV 12,Electric,44.6,0,160.3,2025,RT Nagar,21
60A,Ashok Leyland Viking,Diesel,37.9,30.66,103.9,2025,Indiranagar,65
213K,Eicher Skyline Pro,CNG,40.2,21.56,70.2,2025,Banerghatta,28
213K,Tata Marcopolo,CNG,48.7,16.7,74.3,2025,Banerghatta,10
K1,Eicher Skyline Pro,CNG,32.6,75.58,237.8,2025,Koramangala,54
600A,Eicher Skyline Pro,CNG,36,66.13,210.5,2025,Banashankari,34
215K,Volvo 9400XL,Diesel,25.9,43.71,168.9,2025,Kengeri,21
348C,Volvo 8400 B7RLE,Diesel,41.6,39.39,116.9,2025,Marathahalli,59
60A,Eicher Skyline Pro,CNG,38.7,53.21,174.4,2025,Indiranagar,68
213K,Eicher Skyline Pro,CNG,44.4,61.98,273.3,2025,Banerghatta,20
K1,Volvo 9400XL,Diesel,39.9,66.16,256.9,2025,Koramangala,19
12G,Volvo 8400 B7RLE,Diesel,29.9,30.96,79.5,2025,BTM Layout,37
K1,Ashok Leyland Viking,Diesel,34.7,45.27,131.6,2025,Koramangala,67
K1,Switch EiV 12,Electric,33.9,0,242.3,2025,Koramangala,72
201R,Volvo 9400XL,Diesel,38.6,44.92,121.8,2025,Yelahanka,20
600A,Tata Marcopolo,CNG,26.9,52.79,236.5,2025,Banashankari,41
60A,Switch EiV 12,Electric,30,0,229.9,2025,Indiranagar,72
60A,Volvo 9400XL,Diesel,45.4,17.19,61.2,2025,Indiranagar,24
201R,Ashok Leyland Viking,Diesel,44.3,84.41,220.4,2025,Yelahanka,78
210N,Eicher Skyline Pro,CNG,27.9,32.34,138.9,2025,Jayanagar,66
V500C,Eicher Skyline Pro,CNG,33.3,63.68,197.1,2025,ITPL,22
365B,Switch EiV 12,Electric,33.1,0,128.4,2025,Silk Board,34
96E,Eicher Skyline Pro,CNG,40.9,50.91,220.5,2025,Electronic City,53
600A,Switch EiV 12,Electric,28,0,163.9,2025,Banashankari,49
210N,Tata Marcopolo,CNG,44,56.46,216.9,2025,Jayanagar,26
77E,Tata Marcopolo,CNG,37.3,60.67,229.6,2025,KR Puram,37
348C,Tata Marcopolo,CNG,25.6,48.74,154.1,2025,Marathahalli,24
96E,Volvo 9400XL,Diesel,40.9,22.51,66.9,2025,Electronic City,41
252H,Eicher Skyline Pro,CNG,47.7,50.95,171.9,2025,Bommanahalli,40
213K,Eicher Skyline Pro,CNG,43.9,44.96,150.3,2025,Banerghatta,45
210N,Volvo 8400 B7RLE,Diesel,32.2,28.05,76.9,2025,Jayanagar,68
356C,Volvo 9400XL,Diesel,45.2,76.66,264.5,2025,Majestic,50
365B,Volvo 8400 B7RLE,Diesel,45.1,90.54,251.7,2025,Silk Board,33
279F,Ashok Leyland Viking,Diesel,38.5,69.09,256.4,2025,Peenya,45
V500C,Eicher Skyline Pro,CNG,33,81.23,257.1,2025,ITPL,73
279F,Eicher Skyline Pro,CNG,35.7,26.05,110.1,2025,Peenya,24
96E,Tata Marcopolo,CNG,25.2,66.22,249.4,2025,Electronic City,73
12G,Ashok Leyland Viking,Diesel,30.6,56.65,151.8,2025,BTM Layout,66
500D,Eicher Skyline Pro,CNG,48.6,38.54,134.3,2025,Whitefield,50
500D,Ashok Leyland Viking,Diesel,42.6,57.17,174.1,2025,Whitefield,38
210N,Volvo 8400 B7RLE,Diesel,49.1,95.15,273.8,2025,Jayanagar,43
215K,Volvo 9400XL,Diesel,32.5,57.87,169.4,2025,Kengeri,14
60A,Eicher Skyline Pro,CNG,40.2,18.14,68.1,2025,Indiranagar,10
12G,Tata Marcopolo,CNG,32,16.34,71.3,2025,BTM Layout,43
210N,Eicher Skyline Pro,CNG,28.6,30.18,112.7,2025,Jayanagar,43
96E,Volvo 9400XL,Diesel,31.1,78.9,276.8,2025,Electronic City,18
600A,Eicher Skyline Pro,CNG,30.9,55.62,227.6,2025,Banashankari,42
401A,Eicher Skyline Pro,CNG,40.8,35.67,140.9,2025,RT Nagar,13
365B,Ashok Leyland Viking,Diesel,27.3,47.4,177.9,2025,Silk Board,37
12G,Eicher Skyline Pro,CNG,29.7,42.66,130.6,2025,BTM Layout,73
401A,Tata Marcopolo,CNG,41.9,62.81,190,2025,RT Nagar,62
600A,Ashok Leyland Viking,Diesel,30.7,49.8,172.7,2025,Banashankari,72
348C,Eicher Skyline Pro,CNG,42.3,27.49,98.4,2025,Marathahalli,68
96E,Ashok Leyland Viking,Diesel,28.4,88.36,266.1,2025,Electronic City,71
77E,Ashok Leyland Viking,Diesel,48.1,22.27,85,2025,KR Puram,58
77E,Ashok Leyland Viking,Diesel,41.5,31.32,116.7,2025,KR Puram,15
348C,Switch EiV 12,Electric,38.2,0,182.1,2025,Marathahalli,10
401A,Volvo 9400XL,Diesel,27.3,29.43,113.2,2025,RT Nagar,76
600A,Ashok Leyland Viking,Diesel,40.8,85.79,258.1,2025,Banashankari,58
348C,Eicher Skyline Pro,CNG,43.1,31.48,136.8,2025,Marathahalli,23
60A,Eicher Skyline Pro,CNG,44.5,64.39,255.2,2025,Indiranagar,15
V500C,Tata Marcopolo,CNG,29,18.05,78.5,2025,ITPL,78
290E,Eicher Skyline Pro,CNG,25.2,61.35,193.4,2025,Mysuru Road,70
215K,Switch EiV 12,Electric,25.1,0,206,2025,Kengeri,21
279F,Switch EiV 12,Electric,38.7,0,95.4,2025,Peenya,25
348C,Tata Marcopolo,CNG,41.3,63.6,212.2,2025,Marathahalli,40
213K,Eicher Skyline Pro,CNG,30.9,62.13,216.7,2025,Banerghatta,35
365B,Tata Marcopolo,CNG,41.2,52.46,224.2,2025,Silk Board,29
279F,Eicher Skyline Pro,CNG,39.2,65.18,204.7,2025,Peenya,62
252H,Eicher Skyline Pro,CNG,31.6,41.86,140.9,2025,Bommanahalli,79
12G,Volvo 8400 B7RLE,Diesel,34.8,71.42,274.1,2025,BTM Layout,71
600A,Volvo 9400XL,Diesel,44.9,61.13,198.9,2025,Banashankari,12
365B,Ashok Leyland Viking,Diesel,37.3,66.92,186.9,2025,Silk Board,50
600A,Switch EiV 12,Electric,32,0,218.9,2025,Banashankari,17
60A,Volvo 9400XL,Diesel,41.1,23.61,65.3,2025,Indiranagar,64
356C,Ashok Leyland Viking,Diesel,48.8,68.93,266.9,2025,Majestic,78
213K,Ashok Leyland Viking,Diesel,25.4,36.33,141.4,2025,Banerghatta,33
401A,Tata Marcopolo,CNG,49.2,34.69,154.2,2025,RT Nagar,59
356C,Switch EiV 12,Electric,32.4,0,247.7,2025,Majestic,32
77E,Volvo 8400 B7RLE,Diesel,46.3,48.63,144.7,2025,KR Puram,60
401A,Eicher Skyline Pro,CNG,38.9,22.09,97.3,2025,RT Nagar,73
210N,Switch EiV 12,Electric,39.3,0,213.1,2025,Jayanagar,49
213K,Switch EiV 12,Electric,40.4,0,81.4,2025,Banerghatta,28
77E,Tata Marcopolo,CNG,28.5,73.54,277.8,2025,KR Puram,43
600A,Volvo 9400XL,Diesel,43.5,71.36,253,2025,Banashankari,13
279F,Ashok Leyland Viking,Diesel,34,72.95,214.5,2025,Peenya,12
348C,Volvo 8400 B7RLE,Diesel,45.3,62.65,238.1,2025,Marathahalli,17
215K,Volvo 8400 B7RLE,Diesel,37.8,80.22,260.9,2025,Kengeri,22
279F,Tata Marcopolo,CNG,41.2,58.13,235.6,2025,Peenya,72
12G,Tata Marcopolo,CNG,47.3,67.04,235.1,2025,BTM Layout,17
V500C,Ashok Leyland Viking,Diesel,27.3,42.35,142.6,2025,ITPL,35
290E,Ashok Leyland Viking,Diesel,36.6,20.49,67.9,2025,Mysuru Road,32
500D,Eicher Skyline Pro,CNG,39.8,40.38,123,2025,Whitefield,19
60A,Ashok Leyland Viking,Diesel,45.6,22.43,68.2,2025,Indiranagar,74
V500C,Switch EiV 12,Electric,38.1,0,88,2025,ITPL,61
252H,Switch EiV 12,Electric,30.4,0,229.4,2025,Bommanahalli,58
43E,Tata Marcopolo,CNG,27.1,64.01,197,2025,Hebbal,69
96E,Switch EiV 12,Electric,38.5,0,176.9,2025,Electronic City,45
365B,Volvo 8400 B7RLE,Diesel,43.2,50.51,200.2,2025,Silk Board,76
60A,Tata Marcopolo,CNG,33.1,41.4,173.6,2025,Indiranagar,53
96E,Ashok Leyland Viking,Diesel,36,45.69,119.6,2025,Electronic City,54
12G,Eicher Skyline Pro,CNG,49.1,15.42,65.6,2025,BTM Layout,35
348C,Eicher Skyline Pro,CNG,35.2,65.37,213.1,2025,Marathahalli,49
279F,Volvo 8400 B7RLE,Diesel,31.3,28.4,94.4,2025,Peenya,70
290E,Tata Marcopolo,CNG,41.5,63.51,217.2,2025,Mysuru Road,57
365B,Volvo 8400 B7RLE,Diesel,43.4,81.07,270.1,2025,Silk Board,44
12G,Ashok Leyland Viking,Diesel,35.5,67.77,194.6,2025,BTM Layout,23
213K,Ashok Leyland Viking,Diesel,43.9,54.85,138.3,2025,Banerghatta,44
348C,Ashok Leyland Viking,Diesel,26.2,33.38,85.5,2025,Marathahalli,34
213K,Tata Marcopolo,CNG,42.6,66.88,248.2,2025,Banerghatta,19
V500C,Eicher Skyline Pro,CNG,37.3,21.97,81.5,2025,ITPL,65
12G,Ashok Leyland Viking,Diesel,35.8,31.67,98.1,2025,BTM Layout,41
290E,Ashok Leyland Viking,Diesel,40.9,76.13,195.5,2025,Mysuru Road,22
213K,Switch EiV 12,Electric,40.6,0,142.4,2025,Banerghatta,78
356C,Switch EiV 12,Electric,46.4,0,170.7,2025,Majestic,11
12G,Volvo 9400XL,Diesel,29.1,78.63,204.9,2025,BTM Layout,19
279F,Volvo 9400XL,Diesel,25.7,59.58,201.3,2025,Peenya,69
348C,Switch EiV 12,Electric,39.4,0,266.9,2025,Marathahalli,12
60A,Eicher Skyline Pro,CNG,41.1,39.43,145.4,2025,Indiranagar,57
290E,Tata Marcopolo,CNG,48.5,50.29,180,2025,Mysuru Road,18
210N,Eicher Skyline Pro,CNG,47.6,82.43,271.5,2025,Jayanagar,36
201R,Volvo 9400XL,Diesel,27.5,29.79,75.3,2025,Yelahanka,39
600A,Volvo 8400 B7RLE,Diesel,42.1,31,80.8,2025,Banashankari,48
600A,Volvo 9400XL,Diesel,46.1,51.36,130.2,2025,Banashankari,60
290E,Volvo 9400XL,Diesel,32,89.35,239.2,2025,Mysuru Road,49
213K,Volvo 9400XL,Diesel,40.7,55.89,213.3,2025,Banerghatta,19
77E,Eicher Skyline Pro,CNG,45.1,64.77,221.7,2025,KR Puram,15
V500C,Ashok Leyland Viking,Diesel,43.8,26.68,99,2025,ITPL,20
401A,Volvo 9400XL,Diesel,35.3,90.88,277.9,2025,RT Nagar,80
77E,Eicher Skyline Pro,CNG,33.5,52.5,230.8,2025,KR Puram,73
210N,Eicher Skyline Pro,CNG,35.7,60.32,248.9,2025,Jayanagar,71
V500C,Switch EiV 12,Electric,27.6,0,226,2025,ITPL,70
77E,Switch EiV 12,Electric,37.6,0,258.6,2025,KR Puram,59
60A,Eicher Skyline Pro,CNG,33,55.67,241.8,2025,Indiranagar,14
213K,Switch EiV 12,Electric,25.3,0,145.6,2025,Banerghatta,59
215K,Switch EiV 12,Electric,27.3,0,259.2,2025,Kengeri,54
401A,Switch EiV 12,Electric,48.8,0,130.2,2025,RT Nagar,28
279F,Switch EiV 12,Electric,39.3,0,269.1,2025,Peenya,20
252H,Switch EiV 12,Electric,36.2,0,199,2025,Bommanahalli,66
12G,Volvo 9400XL,Diesel,33.2,35.48,124.5,2025,BTM Layout,72
500D,Tata Marcopolo,CNG,44.8,53.89,225.5,2025,Whitefield,17
401A,Eicher Skyline Pro,CNG,37.4,25.95,80.1,2025,RT Nagar,24
201R,Eicher Skyline Pro,CNG,36,41.76,180.9,2025,Yelahanka,22
96E,Volvo 8400 B7RLE,Diesel,27.9,50.54,137.2,2025,Electronic City,39
365B,Tata Marcopolo,CNG,40.5,72.18,227.5,2025,Silk Board,75
290E,Volvo 8400 B7RLE,Diesel,42.5,30.09,78.5,2025,Mysuru Road,58
365B,Volvo 9400XL,Diesel,42.7,91.84,240.8,2025,Silk Board,47
401A,Volvo 9400XL,Diesel,49.7,25.71,78.7,2025,RT Nagar,60
201R,Tata Marcopolo,CNG,45.3,32.01,141.5,2025,Yelahanka,35
356C,Switch EiV 12,Electric,43.8,0,276.9,2025,Majestic,67
201R,Volvo 8400 B7RLE,Diesel,27.1,38.96,142.8,2025,Yelahanka,38
60A,Ashok Leyland Viking,Diesel,35.6,47.36,182.8,2025,Indiranagar,78
K1,Volvo 8400 B7RLE,Diesel,37.3,33.57,84.5,2025,Koramangala,49
60A,Volvo 8400 B7RLE,Diesel,26.4,60.9,163.1,2025,Indiranagar,63
356C,Tata Marcopolo,CNG,41.2,20.85,85.9,2025,Majestic,50
77E,Tata Marcopolo,CNG,49.1,52.86,188.3,2025,KR Puram,31
60A,Ashok Leyland Viking,Diesel,46.7,43.34,122.9,2025,Indiranagar,33
43E,Volvo 9400XL,Diesel,25.3,68.75,271.9,2025,Hebbal,77
210N,Switch EiV 12,Electric,47.3,0,69.5,2025,Jayanagar,39
356C,Switch EiV 12,Electric,49.8,0,176.1,2025,Majestic,11
210N,Eicher Skyline Pro,CNG,38.8,17.11,76.2,2025,Jayanagar,58
252H,Eicher Skyline Pro,CNG,40.7,43.3,175.1,2025,Bommanahalli,74
348C,Volvo 8400 B7RLE,Diesel,40.7,47.39,160,2025,Marathahalli,66
348C,Volvo 8400 B7RLE,Diesel,26.1,88.42,258.3,2025,Marathahalli,71
356C,Ashok Leyland Viking,Diesel,47.3,84.53,269.1,2025,Majestic,27
279F,Volvo 8400 B7RLE,Diesel,31.9,70.59,196.4,2025,Peenya,50
77E,Volvo 8400 B7RLE,Diesel,33.8,47.99,162,2025,KR Puram,16
60A,Switch EiV 12,Electric,49.4,0,77.1,2025,Indiranagar,56
77E,Ashok Leyland Viking,Diesel,42.5,83.83,277,2025,KR Puram,68
12G,Switch EiV 12,Electric,45.3,0,128.1,2025,BTM Layout,50
348C,Volvo 8400 B7RLE,Diesel,29.1,54.47,210.6,2025,Marathahalli,26
213K,Switch EiV 12,Electric,48.7,0,241,2025,Banerghatta,27
365B,Volvo 8400 B7RLE,Diesel,40.3,70.25,219.7,2025,Silk Board,20
215K,Tata Marcopolo,CNG,46.7,86.45,265.2,2025,Kengeri,38
201R,Volvo 8400 B7RLE,Diesel,34.4,17.71,65.8,2025,Yelahanka,20
279F,Volvo 9400XL,Diesel,28.8,81.74,277.2,2025,Peenya,64
96E,Volvo 9400XL,Diesel,49.2,38.21,143.8,2025,Electronic City,72
213K,Volvo 9400XL,Diesel,36.7,78.28,244.4,2025,Banerghatta,18
500D,Ashok Leyland Viking,Diesel,26.4,31.63,120.1,2025,Whitefield,33
348C,Tata Marcopolo,CNG,50,53.13,238.8,2025,Marathahalli,77
213K,Switch EiV 12,Electric,44.2,0,182.2,2025,Banerghatta,51
365B,Eicher Skyline Pro,CNG,46.2,79.44,267.8,2025,Silk Board,18
290E,Switch EiV 12,Electric,28.2,0,159.1,2025,Mysuru Road,64
348C,Volvo 9400XL,Diesel,40.2,94.94,269.9,2025,Marathahalli,68
213K,Volvo 9400XL,Diesel,40.5,68.42,207.8,2025,Banerghatta,25
213K,Ashok Leyland Viking,Diesel,41.8,25.91,85,2025,Banerghatta,13
77E,Tata Marcopolo,CNG,38,53.74,229.9,2025,KR Puram,53
43E,Ashok Leyland Viking,Diesel,39,47.55,181.4,2025,Hebbal,26
600A,Volvo 9400XL,Diesel,28.4,58.51,148.8,2025,Banashankari,80
600A,Volvo 8400 B7RLE,Diesel,40.5,63.58,226.1,2025,Banashankari,46
V500C,Switch EiV 12,Electric,28.4,0,106.9,2025,ITPL,17
210N,Switch EiV 12,Electric,33.8,0,63.2,2025,Jayanagar,67
365B,Ashok Leyland Viking,Diesel,34.8,60.14,189.8,2025,Silk Board,73
210N,Volvo 9400XL,Diesel,33.7,79.15,258.9,2025,Jayanagar,50
60A,Volvo 9400XL,Diesel,34.9,67.69,232.4,2025,Indiranagar,52
V500C,Volvo 8400 B7RLE,Diesel,48.7,91.78,249.7,2025,ITPL,40
252H,Switch EiV 12,Electric,37.3,0,263.8,2025,Bommanahalli,48
77E,Eicher Skyline Pro,CNG,36.5,26.13,116.8,2025,KR Puram,24
500D,Tata Marcopolo,CNG,33.2,42.63,168.4,2025,Whitefield,27
365B,Volvo 8400 B7RLE,Diesel,26.9,41.88,112.8,2025,Silk Board,45
600A,Volvo 9400XL,Diesel,28.8,32.57,88.2,2025,Banashankari,73
K1,Ashok Leyland Viking,Diesel,29.5,66.59,201,2025,Koramangala,66
43E,Tata Marcopolo,CNG,36.8,64.3,257.3,2025,Hebbal,40
401A,Volvo 9400XL,Diesel,29.8,38.22,97.9,2025,RT Nagar,32
77E,Eicher Skyline Pro,CNG,32,29.77,97.2,2025,KR Puram,31
365B,Tata Marcopolo,CNG,28,21.54,79.5,2025,Silk Board,28
252H,Volvo 8400 B7RLE,Diesel,34.1,32.38,105.4,2025,Bommanahalli,78
60A,Volvo 8400 B7RLE,Diesel,26,57.28,211.9,2025,Indiranagar,27
500D,Ashok Leyland Viking,Diesel,27,51.99,198.1,2025,Whitefield,78
600A,Eicher Skyline Pro,CNG,26.5,76.89,262.6,2025,Banashankari,56
210N,Eicher Skyline Pro,CNG,43.7,72.45,237.4,2025,Jayanagar,29
356C,Eicher Skyline Pro,CNG,34.3,28.47,106.1,2025,Majestic,26
77E,Ashok Leyland Viking,Diesel,34.2,61.37,196,2025,KR Puram,62
43E,Eicher Skyline Pro,CNG,25.9,66.42,224.4,2025,Hebbal,77
77E,Volvo 9400XL,Diesel,47.4,66.38,216.9,2025,KR Puram,20
600A,Ashok Leyland Viking,Diesel,27.7,55.85,177.1,2025,Banashankari,49
279F,Volvo 9400XL,Diesel,31.1,61.02,177.2,2025,Peenya,23
500D,Ashok Leyland Viking,Diesel,25.5,47.94,143,2025,Whitefield,73
290E,Switch EiV 12,Electric,33.2,0,106.5,2025,Mysuru Road,76
43E,Ashok Leyland Viking,Diesel,47.3,25.45,86.3,2025,Hebbal,61
K1,Volvo 8400 B7RLE,Diesel,44.7,64.48,209.4,2025,Koramangala,76
77E,Switch EiV 12,Electric,38.4,0,79.1,2025,KR Puram,64
12G,Volvo 9400XL,Diesel,43.6,60.08,189.1,2025,BTM Layout,37
348C,Tata Marcopolo,CNG,32.1,24.85,88.1,2025,Marathahalli,66
K1,Ashok Leyland Viking,Diesel,39.3,66.61,202.1,2025,Koramangala,61
60A,Eicher Skyline Pro,CNG,40.1,82.54,277,2025,Indiranagar,60
252H,Switch EiV 12,Electric,28.8,0,82.4,2025,Bommanahalli,37
12G,Tata Marcopolo,CNG,29,34.79,114.1,2025,BTM Layout,14
356C,Ashok Leyland Viking,Diesel,29.3,31.91,122.7,2025,Majestic,40
500D,Eicher Skyline Pro,CNG,38.1,21.49,77.7,2025,Whitefield,50
356C,Volvo 9400XL,Diesel,27.8,89.16,276.1,2025,Majestic,17
365B,Ashok Leyland Viking,Diesel,46.6,73.36,273.3,2025,Silk Board,79
279F,Tata Marcopolo,CNG,29.3,29.15,116.7,2025,Peenya,19
213K,Eicher Skyline Pro,CNG,38.9,68.57,264.5,2025,Banerghatta,27
201R,Switch EiV 12,Electric,44.2,0,121.6,2025,Yelahanka,46
201R,Tata Marcopolo,CNG,33.1,27.79,101.1,2025,Yelahanka,37
279F,Switch EiV 12,Electric,31.1,0,171.7,2025,Peenya,44
213K,Switch EiV 12,Electric,40.3,0,85.3,2025,Banerghatta,37
252H,Switch EiV 12,Electric,39.5,0,123.5,2025,Bommanahalli,38
365B,Switch EiV 12,Electric,37,0,94,2025,Silk Board,16
60A,Volvo 9400XL,Diesel,26.3,58.97,177.2,2025,Indiranagar,31
290E,Eicher Skyline Pro,CNG,26.6,19.98,89.6,2025,Mysuru Road,39
290E,Switch EiV 12,Electric,45.2,0,130.9,2025,Mysuru Road,72
348C,Tata Marcopolo,CNG,42,28.02,116,2025,Marathahalli,50
365B,Ashok Leyland Viking,Diesel,36.8,61.26,191,2025,Silk Board,21
279F,Switch EiV 12,Electric,48.2,0,136.8,2025,Peenya,52
12G,Volvo 8400 B7RLE,Diesel,49.1,90.34,242.7,2025,BTM Layout,71
K1,Tata Marcopolo,CNG,48.5,67.48,220.8,2025,Koramangala,79
290E,Volvo 8400 B7RLE,Diesel,43.5,22.19,74.6,2025,Mysuru Road,66
348C,Ashok Leyland Viking,Diesel,28.5,66.4,245.2,2025,Marathahalli,73
V500C,Volvo 8400 B7RLE,Diesel,29.1,38.01,104.4,2025,ITPL,57
252H,Volvo 9400XL,Diesel,41.6,72.82,239.2,2025,Bommanahalli,27
12G,Tata Marcopolo,CNG,46.9,38.71,138.9,2025,BTM Layout,63
401A,Switch EiV 12,Electric,36,0,239.7,2025,RT Nagar,34
77E,Volvo 8400 B7RLE,Diesel,36.6,48.41,142.9,2025,KR Puram,57
210N,Volvo 9400XL,Diesel,37.6,78.82,224.5,2025,Jayanagar,13
210N,Tata Marcopolo,CNG,34.6,67.6,257.9,2025,Jayanagar,48
43E,Switch EiV 12,Electric,40.6,0,259.4,2025,Hebbal,71
96E,Ashok Leyland Viking,Diesel,48.5,24.9,85.7,2025,Electronic City,69
365B,Eicher Skyline Pro,CNG,28.5,31.9,133.7,2025,Silk Board,58
V500C,Ashok Leyland Viking,Diesel,38.3,51.13,196.4,2025,ITPL,14
348C,Tata Marcopolo,CNG,28.8,67.34,233.5,2025,Marathahalli,21
K1,Ashok Leyland Viking,Diesel,43.6,44.98,114.7,2025,Koramangala,26
K1,Volvo 8400 B7RLE,Diesel,44.1,48.6,185.4,2025,Koramangala,14
96E,Eicher Skyline Pro,CNG,45.5,42.74,135.3,2025,Electronic City,69
210N,Volvo 8400 B7RLE,Diesel,28.2,79.52,246.2,2025,Jayanagar,31
356C,Eicher Skyline Pro,CNG,28.7,70.4,235.4,2025,Majestic,15
600A,Ashok Leyland Viking,Diesel,43,63.23,218.9,2025,Banashankari,71
60A,Tata Marcopolo,CNG,38.6,62.97,212.7,2025,Indiranagar,29
77E,Switch EiV 12,Electric,29.5,0,136.1,2025,KR Puram,77
356C,Switch EiV 12,Electric,39.6,0,259.9,2025,Majestic,36
252H,Ashok Leyland Viking,Diesel,36.6,37.8,148.2,2025,Bommanahalli,65
600A,Tata Marcopolo,CNG,39.7,24.93,93.7,2025,Banashankari,45
77E,Switch EiV 12,Electric,25.5,0,194.5,2025,KR Puram,71
96E,Volvo 9400XL,Diesel,48.3,75.25,251.9,2025,Electronic City,17
43E,Volvo 9400XL,Diesel,48.1,59.9,213.3,2025,Hebbal,57
77E,Volvo 9400XL,Diesel,39.4,27.45,93.6,2025,KR Puram,64
215K,Volvo 9400XL,Diesel,43.4,39.29,153.3,2025,Kengeri,63
252H,Ashok Leyland Viking,Diesel,36.3,98.73,263.6,2025,Bommanahalli,20
210N,Volvo 9400XL,Diesel,46,102.98,276.7,2025,Jayanagar,17
500D,Switch EiV 12,Electric,46.7,0,262.6,2025,Whitefield,24
201R,Volvo 9400XL,Diesel,39.8,56.19,174.1,2025,Yelahanka,37
215K,Ashok Leyland Viking,Diesel,33.4,19.44,72,2025,Kengeri,49
60A,Volvo 9400XL,Diesel,33.3,19.69,61,2025,Indiranagar,61
12G,Ashok Leyland Viking,Diesel,48,59.02,178.2,2025,BTM Layout,21
600A,Volvo 8400 B7RLE,Diesel,43.4,42.88,136.3,2025,Banashankari,45
401A,Volvo 8400 B7RLE,Diesel,36.3,40.35,109.4,2025,RT Nagar,24
215K,Tata Marcopolo,CNG,37.5,27.23,98.8,2025,Kengeri,27
401A,Tata Marcopolo,CNG,34.1,67.5,261.3,2025,RT Nagar,25
60A,Volvo 9400XL,Diesel,25.3,56.96,199.1,2025,Indiranagar,69
252H,Eicher Skyline Pro,CNG,49,30.78,99.2,2025,Bommanahalli,74
77E,Volvo 8400 B7RLE,Diesel,27.1,37.84,151.2,2025,KR Puram,48
500D,Ashok Leyland Viking,Diesel,39.9,65.56,170.5,2025,Whitefield,78
96E,Ashok Leyland Viking,Diesel,30.2,58.49,225,2025,Electronic City,28
290E,Eicher Skyline Pro,CNG,29.8,34.4,105.1,2025,Mysuru Road,78
252H,Tata Marcopolo,CNG,39.1,52.9,163.9,2025,Bommanahalli,37
43E,Volvo 9400XL,Diesel,36.3,70.16,230.6,2025,Hebbal,20
96E,Eicher Skyline Pro,CNG,35,40.89,157,2025,Electronic City,35
279F,Switch EiV 12,Electric,29.5,0,94.2,2025,Peenya,58
279F,Volvo 8400 B7RLE,Diesel,48.7,81.57,249.6,2025,Peenya,77
77E,Ashok Leyland Viking,Diesel,41.1,38.42,119.6,2025,KR Puram,47
213K,Volvo 9400XL,Diesel,28.9,18.35,65.6,2025,Banerghatta,50
365B,Volvo 8400 B7RLE,Diesel,25.7,72.36,205,2025,Silk Board,33
279F,Tata Marcopolo,CNG,41.8,36.57,110.8,2025,Peenya,38
213K,Eicher Skyline Pro,CNG,45,25.37,82.9,2025,Banerghatta,60
600A,Volvo 9400XL,Diesel,31,76.85,203.6,2025,Banashankari,14
12G,Tata Marcopolo,CNG,43.1,26.5,113.5,2025,BTM Layout,71
279F,Volvo 9400XL,Diesel,34.9,69.27,242.6,2025,Peenya,56
290E,Ashok Leyland Viking,Diesel,32.3,27.34,105.1,2025,Mysuru Road,60
356C,Switch EiV 12,Electric,27.1,0,62.9,2025,Majestic,37
213K,Tata Marcopolo,CNG,25.7,32.3,105.7,2025,Banerghatta,14
V500C,Tata Marcopolo,CNG,35.5,43.4,188.3,2025,ITPL,26
77E,Volvo 8400 B7RLE,Diesel,33.5,83,239.8,2025,KR Puram,17
77E,Ashok Leyland Viking,Diesel,39.8,49.45,143.5,2025,KR Puram,40
96E,Ashok Leyland Viking,Diesel,35.2,59.28,197.3,2025,Electronic City,37
12G,Volvo 8400 B7RLE,Diesel,32.4,39.74,155.9,2025,BTM Layout,66
96E,Switch EiV 12,Electric,28.5,0,228,2025,Electronic City,22
60A,Volvo 8400 B7RLE,Diesel,37.2,65.36,251.1,2025,Indiranagar,19
600A,Ashok Leyland Viking,Diesel,35.6,93.14,236,2025,Banashankari,67
215K,Volvo 9400XL,Diesel,38.5,34.52,119.1,2025,Kengeri,34
356C,Eicher Skyline Pro,CNG,28.5,27.44,116.7,2025,Majestic,24
290E,Volvo 9400XL,Diesel,38.1,100.31,276.6,2025,Mysuru Road,19
V500C,Eicher Skyline Pro,CNG,25.5,27.43,119.9,2025,ITPL,32
500D,Ashok Leyland Viking,Diesel,39.4,29.51,85.9,2025,Whitefield,32
60A,Eicher Skyline Pro,CNG,41.3,42.85,181.9,2025,Indiranagar,33
600A,Tata Marcopolo,CNG,25.3,32.88,105.4,2025,Banashankari,44
V500C,Volvo 8400 B7RLE,Diesel,46.8,75.97,258,2025,ITPL,23
401A,Ashok Leyland Viking,Diesel,41.6,69.52,192.1,2025,RT Nagar,13
401A,Eicher Skyline Pro,CNG,35.5,73.07,261.2,2025,RT Nagar,22
348C,Tata Marcopolo,CNG,26.2,53.61,174.2,2025,Marathahalli,42
401A,Eicher Skyline Pro,CNG,27.1,56.96,222.4,2025,RT Nagar,49
348C,Volvo 8400 B7RLE,Diesel,34.7,38.87,114,2025,Marathahalli,49
V500C,Volvo 9400XL,Diesel,43,46.92,138.2,2025,ITPL,78
290E,Tata Marcopolo,CNG,36.9,46.2,184.6,2025,Mysuru Road,31
348C,Switch EiV 12,Electric,43.3,0,266.1,2025,Marathahalli,23
252H,Switch EiV 12,Electric,25.8,0,107.3,2025,Bommanahalli,19
60A,Ashok Leyland Viking,Diesel,39.9,45.67,117.7,2025,Indiranagar,37
401A,Ashok Leyland Viking,Diesel,39.9,56.37,169.2,2025,RT Nagar,26
401A,Switch EiV 12,Electric,27.7,0,229.6,2025,RT Nagar,59
201R,Volvo 9400XL,Diesel,43.2,23.59,76.5,2025,Yelahanka,46
600A,Volvo 9400XL,Diesel,35.9,73.67,211.4,2025,Banashankari,42
365B,Volvo 9400XL,Diesel,45,67.81,240.2,2025,Silk Board,68
12G,Ashok Leyland Viking,Diesel,39.8,39.42,119.9,2025,BTM Layout,75
210N,Volvo 9400XL,Diesel,47.9,29.61,80.1,2025,Jayanagar,56
252H,Volvo 8400 B7RLE,Diesel,36.2,96.88,269.1,2025,Bommanahalli,33
210N,Switch EiV 12,Electric,46.8,0,179.2,2025,Jayanagar,25
356C,Volvo 8400 B7RLE,Diesel,45.2,63.39,221.1,2025,Majestic,38
500D,Tata Marcopolo,CNG,46.2,62.91,212.3,2025,Whitefield,35
365B,Switch EiV 12,Electric,30.5,0,167.7,2025,Silk Board,21
96E,Switch EiV 12,Electric,48.6,0,277.3,2025,Electronic City,34
213K,Ashok Leyland Viking,Diesel,42.6,17.67,68.7,2025,Banerghatta,65
279F,Switch EiV 12,Electric,39.2,0,99.7,2025,Peenya,20
210N,Switch EiV 12,Electric,25.8,0,261.4,2025,Jayanagar,52
K1,Eicher Skyline Pro,CNG,32.4,48.65,213.4,2025,Koramangala,69
215K,Eicher Skyline Pro,CNG,48.6,73.72,273.6,2025,Kengeri,65
12G,Volvo 8400 B7RLE,Diesel,46.1,83.8,249.6,2025,BTM Layout,75
12G,Eicher Skyline Pro,CNG,25.9,62.24,242.4,2025,BTM Layout,23
12G,Eicher Skyline Pro,CNG,28,35.5,110.6,2025,BTM Layout,43
60A,Eicher Skyline Pro,CNG,33.5,52.16,213.2,2025,Indiranagar,50
252H,Tata Marcopolo,CNG,32.9,19.53,74.4,2025,Bommanahalli,55
356C,Ashok Leyland Viking,Diesel,33,68.05,234,2025,Majestic,63
96E,Volvo 8400 B7RLE,Diesel,40.4,89.46,254.9,2025,Electronic City,63
356C,Volvo 9400XL,Diesel,46.8,25.83,65.4,2025,Majestic,30
V500C,Volvo 9400XL,Diesel,38.2,64.58,252.4,2025,ITPL,18
252H,Eicher Skyline Pro,CNG,49.9,66.85,235.7,2025,Bommanahalli,28
252H,Volvo 9400XL,Diesel,35,71.06,228.8,2025,Bommanahalli,79
213K,Tata Marcopolo,CNG,46.8,44.26,198.1,2025,Banerghatta,11
213K,Ashok Leyland Viking,Diesel,35.4,73.12,229,2025,Banerghatta,47
348C,Eicher Skyline Pro,CNG,31,70.22,222.3,2025,Marathahalli,57
252H,Switch EiV 12,Electric,32.2,0,138,2025,Bommanahalli,70
252H,Ashok Leyland Viking,Diesel,30.8,48.85,125.2,2025,Bommanahalli,51
600A,Tata Marcopolo,CNG,49.7,17.55,63.9,2025,Banashankari,47
279F,Volvo 8400 B7RLE,Diesel,42,51.14,144.6,2025,Peenya,51
201R,Eicher Skyline Pro,CNG,44.7,85.83,269,2025,Yelahanka,37
201R,Eicher Skyline Pro,CNG,47,34.39,151.9,2025,Yelahanka,46
V500C,Tata Marcopolo,CNG,40.3,50.08,162.8,2025,ITPL,65
290E,Ashok Leyland Viking,Diesel,30.8,71.05,278.1,2025,Mysuru Road,56
600A,Volvo 9400XL,Diesel,40.2,62.07,202.9,2025,Banashankari,17
12G,Ashok Leyland Viking,Diesel,29.4,39.11,110.7,2025,BTM Layout,23
290E,Ashok Leyland Viking,Diesel,44.5,33.39,101,2025,Mysuru Road,59
43E,Ashok Leyland Viking,Diesel,49.2,19,72.7,2025,Hebbal,11
401A,Tata Marcopolo,CNG,49.9,80.99,264.1,2025,RT Nagar,28
348C,Ashok Leyland Viking,Diesel,44,41.53,147.2,2025,Marathahalli,45
201R,Volvo 9400XL,Diesel,45.4,33.1,93.9,2025,Yelahanka,24
215K,Ashok Leyland Viking,Diesel,38.4,32.22,109.2,2025,Kengeri,49
201R,Volvo 9400XL,Diesel,27.3,49.16,187.6,2025,Yelahanka,78
290E,Ashok Leyland Viking,Diesel,28.2,30.89,118.4,2025,Mysuru Road,65
279F,Eicher Skyline Pro,CNG,46.6,64.12,270.2,2025,Peenya,21
60A,Volvo 8400 B7RLE,Diesel,38.8,77.63,204.2,2025,Indiranagar,48
215K,Switch EiV 12,Electric,34.3,0,149.9,2025,Kengeri,67
600A,Switch EiV 12,Electric,43.1,0,117.1,2025,Banashankari,29
279F,Volvo 8400 B7RLE,Diesel,27,59.75,169.1,2025,Peenya,51
V500C,Volvo 9400XL,Diesel,26.9,55.68,210.3,2025,ITPL,13
356C,Switch EiV 12,Electric,37,0,168.9,2025,Majestic,76
96E,Volvo 9400XL,Diesel,45.6,62.98,190.3,2025,Electronic City,50
213K,Ashok Leyland Viking,Diesel,39.1,72.12,209.2,2025,Banerghatta,33
43E,Volvo 9400XL,Diesel,44.9,72.63,253.3,2025,Hebbal,33
500D,Tata Marcopolo,CNG,46.7,60.82,247.1,2025,Whitefield,60
96E,Eicher Skyline Pro,CNG,42.4,60.72,244.1,2025,Electronic City,10
348C,Eicher Skyline Pro,CNG,43.8,60.56,196.1,2025,Marathahalli,50
401A,Tata Marcopolo,CNG,46.8,83.38,253.8,2025,RT Nagar,26
201R,Tata Marcopolo,CNG,28.2,69,241.7,2025,Yelahanka,17
401A,Switch EiV 12,Electric,29,0,223.6,2025,RT Nagar,22
201R,Switch EiV 12,Electric,45.8,0,240,2025,Yelahanka,18
290E,Volvo 9400XL,Diesel,25.2,58.56,171.6,2025,Mysuru Road,54
252H,Tata Marcopolo,CNG,49.5,49.57,195.7,2025,Bommanahalli,72
213K,Switch EiV 12,Electric,40.9,0,117.2,2025,Banerghatta,46
K1,Ashok Leyland Viking,Diesel,44.5,67.21,178.8,2025,Koramangala,39
600A,Ashok Leyland Viking,Diesel,38.5,57.65,227.4,2025,Banashankari,49
290E,Switch EiV 12,Electric,40.8,0,135.2,2025,Mysuru Road,56
60A,Eicher Skyline Pro,CNG,27.6,60.15,265,2025,Indiranagar,37
60A,Ashok Leyland Viking,Diesel,26.7,71.59,211.3,2025,Indiranagar,57
213K,Tata Marcopolo,CNG,26.7,55.72,215.8,2025,Banerghatta,47
201R,Switch EiV 12,Electric,40.5,0,136.1,2025,Yelahanka,19
77E,Volvo 8400 B7RLE,Diesel,46.8,17.7,70.1,2025,KR Puram,12
290E,Ashok Leyland Viking,Diesel,43.7,101.37,273.2,2025,Mysuru Road,15
201R,Eicher Skyline Pro,CNG,25.6,74.77,226.8,2025,Yelahanka,24
279F,Ashok Leyland Viking,Diesel,37.2,35.89,131.2,2025,Peenya,54
348C,Switch EiV 12,Electric,36.1,0,210.3,2025,Marathahalli,71
96E,Volvo 8400 B7RLE,Diesel,49.9,38.29,120.2,2025,Electronic City,67
356C,Volvo 9400XL,Diesel,29.1,43.14,159.3,2025,Majestic,16
12G,Switch EiV 12,Electric,30.5,0,212.6,2025,BTM Layout,51
213K,Volvo 9400XL,Diesel,42,22.43,78.1,2025,Banerghatta,54
365B,Switch EiV 12,Electric,48.8,0,120.1,2025,Silk Board,30
600A,Tata Marcopolo,CNG,35.8,21.11,93.2,2025,Banashankari,65
96E,Switch EiV 12,Electric,41,0,152.3,2025,Electronic City,32
290E,Volvo 9400XL,Diesel,31.9,37.1,147.5,2025,Mysuru Road,12
V500C,Switch EiV 12,Electric,47.4,0,150.1,2025,ITPL,29
43E,Switch EiV 12,Electric,30.3,0,110.6,2025,Hebbal,56
V500C,Ashok Leyland Viking,Diesel,41.3,21.88,66.8,2025,ITPL,21
96E,Ashok Leyland Viking,Diesel,36.8,63.31,250.2,2025,Electronic City,67
348C,Switch EiV 12,Electric,46.7,0,100.8,2025,Marathahalli,78
43E,Tata Marcopolo,CNG,44.3,54.11,230.9,2025,Hebbal,27
600A,Volvo 9400XL,Diesel,40.7,84.32,227.4,2025,Banashankari,42
365B,Ashok Leyland Viking,Diesel,48,19.62,67.2,2025,Silk Board,45
348C,Ashok Leyland Viking,Diesel,37,87.89,235.2,2025,Marathahalli,61
401A,Ashok Leyland Viking,Diesel,42.1,27.82,87.5,2025,RT Nagar,66
365B,Volvo 8400 B7RLE,Diesel,37.3,40.1,104.1,2025,Silk Board,12
500D,Ashok Leyland Viking,Diesel,31.7,50.86,188,2025,Whitefield,31
290E,Switch EiV 12,Electric,36.4,0,128.3,2025,Mysuru Road,77
500D,Eicher Skyline Pro,CNG,26.8,17.44,62.6,2025,Whitefield,15
348C,Eicher Skyline Pro,CNG,40,48.17,165.6,2025,Marathahalli,26
V500C,Tata Marcopolo,CNG,46.5,51.06,212.9,2025,ITPL,57
600A,Eicher Skyline Pro,CNG,37,21.76,68.7,2025,Banashankari,22
215K,Eicher Skyline Pro,CNG,49.7,35.22,113.2,2025,Kengeri,40
V500C,Switch EiV 12,Electric,40.5,0,169.8,2025,ITPL,21
356C,Volvo 9400XL,Diesel,39,85.3,214.5,2025,Majestic,66
348C,Tata Marcopolo,CNG,37.9,42.08,131.8,2025,Marathahalli,55
401A,Volvo 8400 B7RLE,Diesel,25.8,52.37,137.1,2025,RT Nagar,15
210N,Eicher Skyline Pro,CNG,28.3,38.25,147.3,2025,Jayanagar,53
356C,Volvo 8400 B7RLE,Diesel,45,75.6,211.7,2025,Majestic,58
600A,Eicher Skyline Pro,CNG,27.6,24.48,96.8,2025,Banashankari,59
290E,Ashok Leyland Viking,Diesel,25.8,55.17,215.4,2025,Mysuru Road,48
43E,Volvo 8400 B7RLE,Diesel,38.5,20.04,71.4,2025,Hebbal,25
213K,Volvo 9400XL,Diesel,42.9,67.95,251.6,2025,Banerghatta,23
77E,Ashok Leyland Viking,Diesel,45.4,51.41,134.7,2025,KR Puram,80
12G,Volvo 9400XL,Diesel,38.7,68.95,256.9,2025,BTM Layout,17
290E,Volvo 9400XL,Diesel,41.1,48.49,159.5,2025,Mysuru Road,77
96E,Volvo 9400XL,Diesel,27,85.27,220.9,2025,Electronic City,51
96E,Tata Marcopolo,CNG,29,26.56,114.4,2025,Electronic City,78
201R,Tata Marcopolo,CNG,49.4,30.87,108.2,2025,Yelahanka,79
348C,Volvo 9400XL,Diesel,44.7,28.7,100.1,2025,Marathahalli,20
356C,Eicher Skyline Pro,CNG,38.9,41.58,169.6,2025,Majestic,63
12G,Ashok Leyland Viking,Diesel,49.9,27.84,110.3,2025,BTM Layout,79
K1,Switch EiV 12,Electric,30,0,203.1,2025,Koramangala,22
V500C,Ashok Leyland Viking,Diesel,26.8,82.37,209.7,2025,ITPL,14
500D,Volvo 9400XL,Diesel,36.6,30.69,116.7,2025,Whitefield,39
348C,Volvo 8400 B7RLE,Diesel,43.6,70.1,220,2025,Marathahalli,53
V500C,Eicher Skyline Pro,CNG,34.3,30.37,136.1,2025,ITPL,37
600A,Tata Marcopolo,CNG,46.7,17.79,68.8,2025,Banashankari,33
96E,Volvo 8400 B7RLE,Diesel,43.1,48.45,156.5,2025,Electronic City,70
290E,Ashok Leyland Viking,Diesel,47.5,80.51,252.2,2025,Mysuru Road,53
348C,Tata Marcopolo,CNG,39.8,27.68,120.9,2025,Marathahalli,66
600A,Switch EiV 12,Electric,40.6,0,106.3,2025,Banashankari,14
43E,Volvo 9400XL,Diesel,43.3,73.74,198.9,2025,Hebbal,33
401A,Tata Marcopolo,CNG,47.7,66.52,217.5,2025,RT Nagar,65
12G,Volvo 8400 B7RLE,Diesel,49.3,40.52,112.3,2025,BTM Layout,58
290E,Switch EiV 12,Electric,37.3,0,248,2025,Mysuru Road,39
96E,Volvo 8400 B7RLE,Diesel,46.8,36.11,114.4,2025,Electronic City,45
V500C,Tata Marcopolo,CNG,34,44.56,173.3,2025,ITPL,40
356C,Volvo 9400XL,Diesel,34.8,24.28,96,2025,Majestic,56
96E,Eicher Skyline Pro,CNG,41.4,33.49,116.8,2025,Electronic City,29
210N,Volvo 8400 B7RLE,Diesel,28.3,58.21,230.2,2025,Jayanagar,80
60A,Eicher Skyline Pro,CNG,30.9,51.38,159.8,2025,Indiranagar,76
365B,Tata Marcopolo,CNG,38,27.76,97.3,2025,Silk Board,79
96E,Tata Marcopolo,CNG,35.8,71.86,242.4,2025,Electronic City,78
252H,Volvo 8400 B7RLE,Diesel,42.7,71.19,195.8,2025,Bommanahalli,12
V500C,Ashok Leyland Viking,Diesel,25.9,26.88,96.9,2025,ITPL,19
401A,Volvo 9400XL,Diesel,36.9,54.7,206,2025,RT Nagar,65
252H,Tata Marcopolo,CNG,39.6,55.13,237.2,2025,Bommanahalli,54
252H,Switch EiV 12,Electric,27.8,0,105.3,2025,Bommanahalli,65
279F,Switch EiV 12,Electric,26.4,0,119.3,2025,Peenya,16
252H,Switch EiV 12,Electric,48.4,0,176.9,2025,Bommanahalli,30
500D,Ashok Leyland Viking,Diesel,28.1,21.62,68.7,2025,Whitefield,67
96E,Volvo 8400 B7RLE,Diesel,32.9,81.42,265.5,2025,Electronic City,23
348C,Volvo 9400XL,Diesel,28.7,17.36,69.1,2025,Marathahalli,24
201R,Tata Marcopolo,CNG,25.1,61.5,272.3,2025,Yelahanka,10
365B,Volvo 8400 B7RLE,Diesel,46.7,63.04,200.6,2025,Silk Board,54
401A,Volvo 8400 B7RLE,Diesel,37.2,49.54,173.4,2025,RT Nagar,63
500D,Ashok Leyland Viking,Diesel,25.7,30.62,90.7,2025,Whitefield,61
V500C,Eicher Skyline Pro,CNG,30,53.61,215,2025,ITPL,44
V500C,Ashok Leyland Viking,Diesel,27.3,77.92,273.4,2025,ITPL,34
356C,Volvo 8400 B7RLE,Diesel,46.7,56.98,157.6,2025,Majestic,20
43E,Eicher Skyline Pro,CNG,46,48.09,212.4,2025,Hebbal,31
215K,Ashok Leyland Viking,Diesel,37.4,61.37,210.3,2025,Kengeri,75
279F,Ashok Leyland Viking,Diesel,39.3,98.68,251.2,2025,Peenya,77
60A,Ashok Leyland Viking,Diesel,42.2,75.34,264.8,2025,Indiranagar,35
210N,Tata Marcopolo,CNG,41.5,29.91,107.4,2025,Jayanagar,37
77E,Eicher Skyline Pro,CNG,27.7,50.99,203.3,2025,KR Puram,12
V500C,Switch EiV 12,Electric,26.2,0,279.9,2025,ITPL,59
365B,Tata Marcopolo,CNG,35.2,63.86,275,2025,Silk Board,14
60A,Volvo 8400 B7RLE,Diesel,39.2,64.34,232.1,2025,Indiranagar,29
77E,Volvo 8400 B7RLE,Diesel,35.1,84.7,253.3,2025,KR Puram,20
V500C,Eicher Skyline Pro,CNG,45.2,49.93,206.9,2025,ITPL,65
290E,Tata Marcopolo,CNG,35.9,55.72,235.5,2025,Mysuru Road,48
K1,Eicher Skyline Pro,CNG,38.6,28.72,86.4,2025,Koramangala,54
96E,Volvo 8400 B7RLE,Diesel,34.2,42.47,131.4,2025,Electronic City,51
290E,Eicher Skyline Pro,CNG,34.7,57.99,213,2025,Mysuru Road,78
V500C,Volvo 9400XL,Diesel,34.3,39.53,112.3,2025,ITPL,38
201R,Volvo 9400XL,Diesel,40.1,21.73,76.1,2025,Yelahanka,54
252H,Tata Marcopolo,CNG,36.6,54.99,196.3,2025,Bommanahalli,67
356C,Eicher Skyline Pro,CNG,38,67.2,249.9,2025,Majestic,34
500D,Tata Marcopolo,CNG,33.5,18.37,65.6,2025,Whitefield,47
210N,Eicher Skyline Pro,CNG,39.5,38.86,147.7,2025,Jayanagar,52
252H,Tata Marcopolo,CNG,44.1,45.91,193.7,2025,Bommanahalli,41
600A,Eicher Skyline Pro,CNG,48.9,72.01,218,2025,Banashankari,17
600A,Eicher Skyline Pro,CNG,25.2,25.96,103.1,2025,Banashankari,31
43E,Switch EiV 12,Electric,31.1,0,257.6,2025,Hebbal,48
210N,Ashok Leyland Viking,Diesel,26.5,67.64,263.9,2025,Jayanagar,25
348C,Volvo 9400XL,Diesel,27.5,42.55,137.4,2025,Marathahalli,69
348C,Eicher Skyline Pro,CNG,32.1,33.66,116.5,2025,Marathahalli,80
201R,Volvo 8400 B7RLE,Diesel,38.5,79.78,236.7,2025,Yelahanka,17
365B,Switch EiV 12,Electric,42.9,0,194.3,2025,Silk Board,50
290E,Volvo 9400XL,Diesel,35.3,44.73,120,2025,Mysuru Road,60
77E,Volvo 8400 B7RLE,Diesel,42,36.04,99.9,2025,KR Puram,42
215K,Tata Marcopolo,CNG,42.7,55.53,175.5,2025,Kengeri,11
348C,Volvo 8400 B7RLE,Diesel,31.4,46.85,184.8,2025,Marathahalli,22
V500C,Eicher Skyline Pro,CNG,45.1,43.5,166.4,2025,ITPL,42
279F,Ashok Leyland Viking,Diesel,40.8,17.72,69.6,2025,Peenya,44
96E,Tata Marcopolo,CNG,45.5,44.47,192.4,2025,Electronic City,46
401A,Tata Marcopolo,CNG,30.3,28.14,110.2,2025,RT Nagar,66
290E,Volvo 8400 B7RLE,Diesel,46,39.06,150.4,2025,Mysuru Road,36
60A,Ashok Leyland Viking,Diesel,30.9,37.54,137.8,2025,Indiranagar,35
365B,Volvo 8400 B7RLE,Diesel,45.6,38.43,120.5,2025,Silk Board,32
77E,Volvo 8400 B7RLE,Diesel,27.4,60.22,206.9,2025,KR Puram,21
60A,Volvo 9400XL,Diesel,39.7,57.92,159.4,2025,Indiranagar,67
60A,Ashok Leyland Viking,Diesel,46.6,78.62,222.1,2025,Indiranagar,52
365B,Eicher Skyline Pro,CNG,25.6,20.46,81.1,2025,Silk Board,31
252H,Volvo 9400XL,Diesel,38.7,67.98,193.6,2025,Bommanahalli,30
279F,Ashok Leyland Viking,Diesel,39.9,44.99,146,2025,Peenya,70
356C,Volvo 8400 B7RLE,Diesel,28.4,78.27,277.3,2025,Majestic,42
77E,Eicher Skyline Pro,CNG,35.7,36.55,149,2025,KR Puram,27
600A,Ashok Leyland Viking,Diesel,49.8,78.85,212.3,2025,Banashankari,65
12G,Eicher Skyline Pro,CNG,43.1,21.43,82.9,2025,BTM Layout,42
290E,Volvo 8400 B7RLE,Diesel,27,45.77,120.3,2025,Mysuru Road,71
V500C,Volvo 9400XL,Diesel,29.8,85.99,256.7,2025,ITPL,28
12G,Volvo 8400 B7RLE,Diesel,33.9,42.2,109.9,2025,BTM Layout,60
401A,Ashok Leyland Viking,Diesel,26.7,47.07,174.2,2025,RT Nagar,46
279F,Volvo 9400XL,Diesel,38.5,29.16,111.4,2025,Peenya,21
215K,Switch EiV 12,Electric,38.3,0,203.2,2025,Kengeri,62
401A,Eicher Skyline Pro,CNG,33.3,32.82,131.4,2025,RT Nagar,37
213K,Volvo 9400XL,Diesel,41.5,83.53,278.7,2025,Banerghatta,28
12G,Ashok Leyland Viking,Diesel,36.6,85.21,220.7,2025,BTM Layout,69
600A,Ashok Leyland Viking,Diesel,48.9,66.49,183.7,2025,Banashankari,31
77E,Ashok Leyland Viking,Diesel,30,64.11,211.8,2025,KR Puram,27
401A,Tata Marcopolo,CNG,36.3,19.67,81.3,2025,RT Nagar,77
96E,Volvo 8400 B7RLE,Diesel,41.6,36.96,136.5,2025,Electronic City,17
401A,Eicher Skyline Pro,CNG,30.9,73.35,264,2025,RT Nagar,56
43E,Eicher Skyline Pro,CNG,49.8,21.3,93.5,2025,Hebbal,54
279F,Ashok Leyland Viking,Diesel,46.1,54.49,178.8,2025,Peenya,68
213K,Volvo 8400 B7RLE,Diesel,27.2,54.28,197.2,2025,Banerghatta,53
210N,Volvo 9400XL,Diesel,45.7,23.99,88.1,2025,Jayanagar,30
279F,Ashok Leyland Viking,Diesel,25.9,73.07,215.9,2025,Peenya,79
290E,Eicher Skyline Pro,CNG,34,37.65,117.9,2025,Mysuru Road,52
60A,Tata Marcopolo,CNG,38.8,76.95,266.1,2025,Indiranagar,58
12G,Switch EiV 12,Electric,36.2,0,147.3,2025,BTM Layout,73
96E,Volvo 8400 B7RLE,Diesel,37.9,49.52,192.1,2025,Electronic City,63
V500C,Volvo 8400 B7RLE,Diesel,49.8,44.82,169.3,2025,ITPL,26
12G,Volvo 8400 B7RLE,Diesel,48.3,39.6,105.9,2025,BTM Layout,27
K1,Switch EiV 12,Electric,34.5,0,239.8,2025,Koramangala,53
K1,Volvo 8400 B7RLE,Diesel,46.7,68.27,253.2,2025,Koramangala,72
279F,Eicher Skyline Pro,CNG,32.6,74.9,233.8,2025,Peenya,51
600A,Switch EiV 12,Electric,29.3,0,148.7,2025,Banashankari,66
252H,Switch EiV 12,Electric,33.7,0,212.9,2025,Bommanahalli,41
12G,Ashok Leyland Viking,Diesel,41,73.55,274.6,2025,BTM Layout,73
348C,Switch EiV 12,Electric,46.6,0,89.2,2025,Marathahalli,35
210N,Tata Marcopolo,CNG,37.2,67.27,263,2025,Jayanagar,47
290E,Volvo 9400XL,Diesel,29.4,70.16,228.3,2025,Mysuru Road,43
K1,Ashok Leyland Viking,Diesel,28.7,48.41,147.7,2025,Koramangala,48
252H,Ashok Leyland Viking,Diesel,25.6,27.75,75,2025,Bommanahalli,10
96E,Ashok Leyland Viking,Diesel,38.7,68.86,271.9,2025,Electronic City,74
356C,Ashok Leyland Viking,Diesel,32.8,47.59,155.1,2025,Majestic,63
96E,Volvo 9400XL,Diesel,27.6,45.27,156.7,2025,Electronic City,42
356C,Volvo 9400XL,Diesel,40.5,30.93,107.5,2025,Majestic,45
96E,Volvo 9400XL,Diesel,26.5,25.44,93.4,2025,Electronic City,60
348C,Switch EiV 12,Electric,26.5,0,161.2,2025,Marathahalli,43
V500C,Ashok Leyland Viking,Diesel,26.4,78.73,278.9,2025,ITPL,49
201R,Ashok Leyland Viking,Diesel,31,101.87,276.4,2025,Yelahanka,22
215K,Volvo 8400 B7RLE,Diesel,32.6,32.7,86.7,2025,Kengeri,52
K1,Volvo 9400XL,Diesel,26.6,65.04,212.3,2025,Koramangala,54
96E,Switch EiV 12,Electric,45.3,0,279.3,2025,Electronic City,11
279F,Ashok Leyland Viking,Diesel,32.7,56.84,195.3,2025,Peenya,65
43E,Switch EiV 12,Electric,35.7,0,175.9,2025,Hebbal,22
600A,Eicher Skyline Pro,CNG,47.2,24.17,88.8,2025,Banashankari,10
365B,Volvo 9400XL,Diesel,34.2,32.94,102.8,2025,Silk Board,65
201R,Volvo 9400XL,Diesel,43.3,66.26,242.1,2025,Yelahanka,20
279F,Ashok Leyland Viking,Diesel,35.4,19.37,62.4,2025,Peenya,17
500D,Ashok Leyland Viking,Diesel,31.5,17.64,64.2,2025,Whitefield,32
77E,Eicher Skyline Pro,CNG,38.4,27.15,90.2,2025,KR Puram,15
252H,Ashok Leyland Viking,Diesel,31,15.82,62.7,2025,Bommanahalli,19
V500C,Eicher Skyline Pro,CNG,49,63.32,236.3,2025,ITPL,53
348C,Volvo 9400XL,Diesel,38.7,26.43,84.1,2025,Marathahalli,43
77E,Switch EiV 12,Electric,27.5,0,245.8,2025,KR Puram,60
600A,Eicher Skyline Pro,CNG,28.8,48.01,167.4,2025,Banashankari,25
201R,Ashok Leyland Viking,Diesel,36.9,72.52,222.2,2025,Yelahanka,68
500D,Eicher Skyline Pro,CNG,36.5,35.14,146.8,2025,Whitefield,12
279F,Ashok Leyland Viking,Diesel,48.9,69.64,256.3,2025,Peenya,21
43E,Ashok Leyland Viking,Diesel,42.2,41,129.4,2025,Hebbal,49
401A,Volvo 8400 B7RLE,Diesel,46,45.35,116,2025,RT Nagar,67
252H,Switch EiV 12,Electric,36.5,0,258.4,2025,Bommanahalli,57
12G,Volvo 8400 B7RLE,Diesel,41.5,52.1,200.2,2025,BTM Layout,73
215K,Eicher Skyline Pro,CNG,40.3,64.55,200.1,2025,Kengeri,12
77E,Ashok Leyland Viking,Diesel,28.8,48.25,174,2025,KR Puram,53
279F,Volvo 9400XL,Diesel,42,67.39,172.7,2025,Peenya,34
213K,Tata Marcopolo,CNG,42.9,25.32,78.7,2025,Banerghatta,56
201R,Ashok Leyland Viking,Diesel,25.3,19.24,75.7,2025,Yelahanka,18
356C,Volvo 9400XL,Diesel,33.8,75.49,222.3,2025,Majestic,10
215K,Tata Marcopolo,CNG,44.4,34.29,136.9,2025,Kengeri,32
365B,Volvo 9400XL,Diesel,29.4,38.03,100.7,2025,Silk Board,65
213K,Volvo 8400 B7RLE,Diesel,44.1,70.85,205.3,2025,Banerghatta,66
365B,Eicher Skyline Pro,CNG,27.1,14.51,64.6,2025,Silk Board,20
401A,Tata Marcopolo,CNG,44.2,31.75,125,2025,RT Nagar,10
215K,Volvo 9400XL,Diesel,30.1,53.69,144,2025,Kengeri,42
365B,Eicher Skyline Pro,CNG,44.4,49.25,195.3,2025,Silk Board,23
96E,Volvo 9400XL,Diesel,26,44.7,176.7,2025,Electronic City,11
V500C,Volvo 9400XL,Diesel,32.3,59.37,235.7,2025,ITPL,45
600A,Switch EiV 12,Electric,39.6,0,192.4,2025,Banashankari,17
V500C,Volvo 9400XL,Diesel,45.3,64.45,224.6,2025,ITPL,23
348C,Volvo 8400 B7RLE,Diesel,33.5,22.66,88.2,2025,Marathahalli,44
43E,Switch EiV 12,Electric,34.3,0,109.4,2025,Hebbal,44
290E,Tata Marcopolo,CNG,36,39.57,155.1,2025,Mysuru Road,18
356C,Eicher Skyline Pro,CNG,31,84.06,267.5,2025,Majestic,40
348C,Ashok Leyland Viking,Diesel,47.2,29.81,103.4,2025,Marathahalli,42
201R,Volvo 9400XL,Diesel,45.4,32.41,122.9,2025,Yelahanka,36
365B,Volvo 9400XL,Diesel,48,85.53,246.2,2025,Silk Board,64
356C,Switch EiV 12,Electric,36.5,0,226.1,2025,Majestic,21
600A,Volvo 9400XL,Diesel,43.2,66.91,245.2,2025,Banashankari,25
213K,Tata Marcopolo,CNG,29.4,53.54,204.4,2025,Banerghatta,46
213K,Tata Marcopolo,CNG,48.4,90.25,276.6,2025,Banerghatta,37
210N,Ashok Leyland Viking,Diesel,28.3,26.83,96.3,2025,Jayanagar,43
213K,Eicher Skyline Pro,CNG,30.3,63.82,239.9,2025,Banerghatta,68
290E,Switch EiV 12,Electric,43.3,0,245,2025,Mysuru Road,14
600A,Volvo 8400 B7RLE,Diesel,39.8,54.96,179.3,2025,Banashankari,41
365B,Volvo 9400XL,Diesel,39.1,35.52,125.5,2025,Silk Board,14
401A,Ashok Leyland Viking,Diesel,40.9,69.23,252.1,2025,RT Nagar,43
210N,Eicher Skyline Pro,CNG,36.5,31.59,95.2,2025,Jayanagar,69
77E,Tata Marcopolo,CNG,43.2,25.47,114.3,2025,KR Puram,54
348C,Switch EiV 12,Electric,35,0,81.8,2025,Marathahalli,59
252H,Tata Marcopolo,CNG,30.1,61.58,236,2025,Bommanahalli,10
K1,Eicher Skyline Pro,CNG,40.4,67.43,221.3,2025,Koramangala,44
401A,Tata Marcopolo,CNG,44.6,36.07,138.2,2025,RT Nagar,76
V500C,Ashok Leyland Viking,Diesel,44,23.97,61.2,2025,ITPL,75
348C,Volvo 9400XL,Diesel,30.1,56.92,224.1,2025,Marathahalli,45
43E,Eicher Skyline Pro,CNG,33.2,43.71,140.9,2025,Hebbal,25
348C,Switch EiV 12,Electric,46.9,0,127.2,2025,Marathahalli,41
201R,Tata Marcopolo,CNG,34.2,76.02,279.2,2025,Yelahanka,19
348C,Volvo 8400 B7RLE,Diesel,47.2,64.58,218.9,2025,Marathahalli,79
V500C,Ashok Leyland Viking,Diesel,35.3,41.23,146.1,2025,ITPL,43
290E,Switch EiV 12,Electric,40.5,0,60.7,2025,Mysuru Road,69
401A,Volvo 9400XL,Diesel,44.9,52.36,138.2,2025,RT Nagar,15
201R,Volvo 9400XL,Diesel,37,54.68,189.4,2025,Yelahanka,52
213K,Eicher Skyline Pro,CNG,39.5,19.34,74.3,2025,Banerghatta,62
348C,Eicher Skyline Pro,CNG,40.1,45.66,183.3,2025,Marathahalli,74
348C,Tata Marcopolo,CNG,31.7,55.95,237.1,2025,Marathahalli,50
500D,Volvo 8400 B7RLE,Diesel,26.9,65.54,169.6,2025,Whitefield,25
252H,Ashok Leyland Viking,Diesel,44.6,37.48,133.5,2025,Bommanahalli,43
500D,Switch EiV 12,Electric,37.9,0,233.5,2025,Whitefield,22
279F,Volvo 9400XL,Diesel,28.7,52.4,156.8,2025,Peenya,80
60A,Eicher Skyline Pro,CNG,27.2,46.68,155.5,2025,Indiranagar,17
252H,Ashok Leyland Viking,Diesel,43.4,47.93,191.6,2025,Bommanahalli,19
401A,Eicher Skyline Pro,CNG,41.1,73.05,265.3,2025,RT Nagar,73
V500C,Ashok Leyland Viking,Diesel,44.6,74.7,200,2025,ITPL,50
201R,Volvo 9400XL,Diesel,46,48.83,150.2,2025,Yelahanka,63
279F,Volvo 9400XL,Diesel,39.7,66.91,185.8,2025,Peenya,62
201R,Ashok Leyland Viking,Diesel,33.4,55.02,139.7,2025,Yelahanka,47
600A,Ashok Leyland Viking,Diesel,45.8,22.44,65.3,2025,Banashankari,72
43E,Tata Marcopolo,CNG,32.5,39.45,174,2025,Hebbal,52
290E,Switch EiV 12,Electric,35.7,0,117,2025,Mysuru Road,12
252H,Switch EiV 12,Electric,46,0,252,2025,Bommanahalli,23
K1,Switch EiV 12,Electric,45.1,0,100.9,2025,Koramangala,17
213K,Volvo 9400XL,Diesel,37.1,59.55,160.8,2025,Banerghatta,11
60A,Volvo 9400XL,Diesel,43.2,23.95,77.7,2025,Indiranagar,53
43E,Volvo 9400XL,Diesel,43.2,42.79,156.1,2025,Hebbal,16
279F,Ashok Leyland Viking,Diesel,40.3,35.15,95,2025,Peenya,44
252H,Switch EiV 12,Electric,41.4,0,225.3,2025,Bommanahalli,72
365B,Volvo 9400XL,Diesel,26.7,104.62,270.5,2025,Silk Board,15
348C,Ashok Leyland Viking,Diesel,31.5,42.54,122.1,2025,Marathahalli,35
279F,Eicher Skyline Pro,CNG,31.2,76.12,259.4,2025,Peenya,48
356C,Volvo 9400XL,Diesel,36.2,61.96,227.1,2025,Majestic,51
348C,Ashok Leyland Viking,Diesel,37.2,29.17,74.4,2025,Marathahalli,11
43E,Eicher Skyline Pro,CNG,47.7,23,73.8,2025,Hebbal,76
500D,Volvo 8400 B7RLE,Diesel,35.3,58.62,177.1,2025,Whitefield,70
43E,Switch EiV 12,Electric,25.5,0,258,2025,Hebbal,73
96E,Tata Marcopolo,CNG,49.1,53.64,206,2025,Electronic City,52
348C,Volvo 8400 B7RLE,Diesel,26.3,85.07,266.1,2025,Marathahalli,65
252H,Switch EiV 12,Electric,43.3,0,117.2,2025,Bommanahalli,50
77E,Switch EiV 12,Electric,31.4,0,275.9,2025,KR Puram,44
600A,Ashok Leyland Viking,Diesel,30,60.9,203.9,2025,Banashankari,80
96E,Switch EiV 12,Electric,49.3,0,162.1,2025,Electronic City,22
252H,Volvo 9400XL,Diesel,33.7,72.59,193.9,2025,Bommanahalli,26
K1,Switch EiV 12,Electric,30.6,0,93.3,2025,Koramangala,58
600A,Volvo 9400XL,Diesel,46.3,34.47,115.2,2025,Banashankari,43
43E,Volvo 8400 B7RLE,Diesel,27.9,46.2,175.1,2025,Hebbal,76
356C,Switch EiV 12,Electric,26.7,0,219,2025,Majestic,72
252H,Eicher Skyline Pro,CNG,38.6,69.08,215.7,2025,Bommanahalli,43
279F,Volvo 8400 B7RLE,Diesel,37.1,58.5,160.8,2025,Peenya,71
279F,Volvo 9400XL,Diesel,46.2,76.52,268.1,2025,Peenya,28
401A,Tata Marcopolo,CNG,35.3,40.66,161.7,2025,RT Nagar,18
365B,Switch EiV 12,Electric,26.6,0,180,2025,Silk Board,44
348C,Volvo 9400XL,Diesel,45.2,54.19,172.8,2025,Marathahalli,52
213K,Ashok Leyland Viking,Diesel,44.7,25.48,71.4,2025,Banerghatta,14
96E,Tata Marcopolo,CNG,29.1,33.44,116.9,2025,Electronic City,56
210N,Switch EiV 12,Electric,38,0,226.5,2025,Jayanagar,80
43E,Tata Marcopolo,CNG,46.9,24.33,105.1,2025,Hebbal,10
600A,Eicher Skyline Pro,CNG,31,68.4,251.5,2025,Banashankari,43
K1,Volvo 9400XL,Diesel,44.3,108.9,276.7,2025,Koramangala,46
60A,Tata Marcopolo,CNG,36.6,17.03,74.3,2025,Indiranagar,13
96E,Eicher Skyline Pro,CNG,37.4,56.52,178.5,2025,Electronic City,64
60A,Eicher Skyline Pro,CNG,45.6,57.27,204.5,2025,Indiranagar,61
500D,Switch EiV 12,Electric,49.1,0,230.6,2025,Whitefield,12
600A,Ashok Leyland Viking,Diesel,38.1,35.76,104.8,2025,Banashankari,41
V500C,Ashok Leyland Viking,Diesel,39.4,67.91,234.4,2025,ITPL,77
348C,Volvo 8400 B7RLE,Diesel,34.9,60.81,235.5,2025,Marathahalli,11
201R,Volvo 9400XL,Diesel,28.9,50.03,177.3,2025,Yelahanka,44
401A,Volvo 9400XL,Diesel,32.9,61.94,234.5,2025,RT Nagar,28
215K,Eicher Skyline Pro,CNG,31.9,57.96,259.4,2025,Kengeri,38
210N,Volvo 8400 B7RLE,Diesel,30.1,32.78,91,2025,Jayanagar,74
43E,Tata Marcopolo,CNG,41.4,79.52,256.7,2025,Hebbal,17
43E,Volvo 8400 B7RLE,Diesel,40.4,59.77,156.9,2025,Hebbal,58
210N,Tata Marcopolo,CNG,45.1,67.62,254.1,2025,Jayanagar,46
500D,Volvo 8400 B7RLE,Diesel,35.4,68.61,272.8,2025,Whitefield,36
12G,Volvo 8400 B7RLE,Diesel,40.9,75.27,206.9,2025,BTM Layout,32
348C,Eicher Skyline Pro,CNG,35.7,78.31,254,2025,Marathahalli,62
12G,Eicher Skyline Pro,CNG,39,16.57,62.8,2025,BTM Layout,29
290E,Tata Marcopolo,CNG,47.3,69.99,218.3,2025,Mysuru Road,13
12G,Eicher Skyline Pro,CNG,29.7,51.52,220.9,2025,BTM Layout,32
213K,Tata Marcopolo,CNG,38.5,59.08,240.2,2025,Banerghatta,67
252H,Eicher Skyline Pro,CNG,36.8,30.53,129.2,2025,Bommanahalli,40
K1,Volvo 8400 B7RLE,Diesel,33.9,49.67,161,2025,Koramangala,57
348C,Switch EiV 12,Electric,33.4,0,242.2,2025,Marathahalli,75
600A,Switch EiV 12,Electric,42.8,0,98.2,2025,Banashankari,39
500D,Volvo 9400XL,Diesel,27.5,84.52,241.7,2025,Whitefield,38
43E,Ashok Leyland Viking,Diesel,33.7,28.72,91.2,2025,Hebbal,73
V500C,Volvo 9400XL,Diesel,41.3,65.48,224.7,2025,ITPL,21
60A,Tata Marcopolo,CNG,46,37.09,137.5,2025,Indiranagar,69
215K,Tata Marcopolo,CNG,40.9,86.35,275.4,2025,Kengeri,53
365B,Volvo 9400XL,Diesel,33.1,59.16,208.8,2025,Silk Board,27
201R,Volvo 8400 B7RLE,Diesel,29.4,19.9,75.3,2025,Yelahanka,33
210N,Tata Marcopolo,CNG,45.9,32.17,110,2025,Jayanagar,69
348C,Tata Marcopolo,CNG,42.4,53.44,201.4,2025,Marathahalli,27
500D,Eicher Skyline Pro,CNG,30.3,41.71,127.2,2025,Whitefield,40
210N,Switch EiV 12,Electric,41.3,0,126.9,2025,Jayanagar,45
290E,Switch EiV 12,Electric,46.8,0,266.4,2025,Mysuru Road,16
215K,Eicher Skyline Pro,CNG,44.7,57.16,228.5,2025,Kengeri,25
279F,Tata Marcopolo,CNG,47.7,29.28,117.3,2025,Peenya,58
60A,Volvo 9400XL,Diesel,27.8,57.81,183.3,2025,Indiranagar,56
290E,Ashok Leyland Viking,Diesel,46.6,48.58,161.3,2025,Mysuru Road,66
252H,Ashok Leyland Viking,Diesel,49.4,53.9,143.7,2025,Bommanahalli,76
60A,Eicher Skyline Pro,CNG,26.1,37.23,153,2025,Indiranagar,59
213K,Switch EiV 12,Electric,32,0,262,2025,Banerghatta,41
401A,Volvo 8400 B7RLE,Diesel,32.3,64.35,248.8,2025,RT Nagar,40
215K,Volvo 8400 B7RLE,Diesel,45.1,89.39,225.9,2025,Kengeri,78
401A,Volvo 9400XL,Diesel,43.2,91.91,271.8,2025,RT Nagar,19
401A,Volvo 8400 B7RLE,Diesel,32,63.66,242.5,2025,RT Nagar,69
201R,Ashok Leyland Viking,Diesel,42.6,25.61,84.8,2025,Yelahanka,31
500D,Eicher Skyline Pro,CNG,31,26.9,81.2,2025,Whitefield,20
600A,Tata Marcopolo,CNG,32.5,41.85,163.1,2025,Banashankari,73
356C,Volvo 9400XL,Diesel,32.5,34.69,125.4,2025,Majestic,47
43E,Tata Marcopolo,CNG,47.6,16.5,70.6,2025,Hebbal,15
213K,Ashok Leyland Viking,Diesel,39.8,53.9,206.9,2025,Banerghatta,55
96E,Volvo 8400 B7RLE,Diesel,27,35.25,100.8,2025,Electronic City,67
365B,Ashok Leyland Viking,Diesel,25.9,69.59,234.8,2025,Silk Board,66
77E,Volvo 9400XL,Diesel,46.4,85,279,2025,KR Puram,27
210N,Volvo 9400XL,Diesel,45.8,21.77,74,2025,Jayanagar,30
K1,Switch EiV 12,Electric,27.3,0,85.3,2025,Koramangala,63
201R,Eicher Skyline Pro,CNG,41.7,61.29,260.1,2025,Yelahanka,21
348C,Volvo 8400 B7RLE,Diesel,39.3,77.35,253.4,2025,Marathahalli,27
60A,Volvo 9400XL,Diesel,32.9,49.08,154.7,2025,Indiranagar,28
210N,Eicher Skyline Pro,CNG,40,53.08,230.3,2025,Jayanagar,11
201R,Volvo 9400XL,Diesel,40.2,45.69,157.5,2025,Yelahanka,64
213K,Volvo 8400 B7RLE,Diesel,42.6,66.59,190.2,2025,Banerghatta,31
12G,Eicher Skyline Pro,CNG,27.6,48.28,172.7,2025,BTM Layout,17
500D,Switch EiV 12,Electric,41.3,0,167.3,2025,Whitefield,63
348C,Eicher Skyline Pro,CNG,40,65.39,269.1,2025,Marathahalli,38
279F,Ashok Leyland Viking,Diesel,40.9,65.76,171.4,2025,Peenya,80
252H,Tata Marcopolo,CNG,34,31.28,116,2025,Bommanahalli,39
215K,Ashok Leyland Viking,Diesel,28.5,24.01,70,2025,Kengeri,52
77E,Volvo 8400 B7RLE,Diesel,33.3,84.92,273.7,2025,KR Puram,13
600A,Eicher Skyline Pro,CNG,40.3,30.14,103.1,2025,Banashankari,53
252H,Tata Marcopolo,CNG,37.9,35.07,105.5,2025,Bommanahalli,40
12G,Volvo 8400 B7RLE,Diesel,30.5,24.15,61.7,2025,BTM Layout,54
213K,Ashok Leyland Viking,Diesel,33.5,22.62,83.8,2025,Banerghatta,12
500D,Eicher Skyline Pro,CNG,37.8,54.04,185.9,2025,Whitefield,26
600A,Switch EiV 12,Electric,34.9,0,265,2025,Banashankari,53
600A,Ashok Leyland Viking,Diesel,40.4,29.65,79.2,2025,Banashankari,27
290E,Ashok Leyland Viking,Diesel,37.7,35.66,135.9,2025,Mysuru Road,78
60A,Volvo 9400XL,Diesel,42.6,42.26,168.6,2025,Indiranagar,43
12G,Eicher Skyline Pro,CNG,31.9,24.75,88.9,2025,BTM Layout,40
210N,Ashok Leyland Viking,Diesel,35.3,39.57,152.8,2025,Jayanagar,22
252H,Volvo 8400 B7RLE,Diesel,40.2,73.24,217.1,2025,Bommanahalli,74
365B,Eicher Skyline Pro,CNG,48.9,57,241.2,2025,Silk Board,34
401A,Volvo 9400XL,Diesel,40.9,23.4,60.3,2025,RT Nagar,33
96E,Eicher Skyline Pro,CNG,26.5,29.88,116.7,2025,Electronic City,59
356C,Switch EiV 12,Electric,27.9,0,211,2025,Majestic,36
43E,Volvo 9400XL,Diesel,36.4,47.29,144.4,2025,Hebbal,34
77E,Volvo 8400 B7RLE,Diesel,35.5,23.88,86.6,2025,KR Puram,63
213K,Eicher Skyline Pro,CNG,27,21.4,75.6,2025,Banerghatta,23
K1,Volvo 8400 B7RLE,Diesel,41.7,75.95,267.2,2025,Koramangala,58
356C,Volvo 9400XL,Diesel,39.8,55.5,139.6,2025,Majestic,30
215K,Tata Marcopolo,CNG,47.8,51.01,199.9,2025,Kengeri,28
356C,Switch EiV 12,Electric,43.1,0,252.2,2025,Majestic,54
500D,Tata Marcopolo,CNG,47.6,27.91,86.5,2025,Whitefield,79
365B,Volvo 9400XL,Diesel,28.6,70.5,177.5,2025,Silk Board,71
600A,Volvo 9400XL,Diesel,32.4,47.32,152.8,2025,Banashankari,46
43E,Tata Marcopolo,CNG,26.1,58.72,187,2025,Hebbal,80
365B,Tata Marcopolo,CNG,33.6,44.68,182.9,2025,Silk Board,26
12G,Switch EiV 12,Electric,46.1,0,203.5,2025,BTM Layout,56
12G,Ashok Leyland Viking,Diesel,35.7,60.49,212.3,2025,BTM Layout,74
348C,Switch EiV 12,Electric,32.7,0,120.6,2025,Marathahalli,54
252H,Tata Marcopolo,CNG,36.2,55.65,233.6,2025,Bommanahalli,25
43E,Switch EiV 12,Electric,46.4,0,240.9,2025,Hebbal,30
365B,Tata Marcopolo,CNG,35.8,75.24,261.7,2025,Silk Board,13
210N,Ashok Leyland Viking,Diesel,34.3,55.3,188.1,2025,Jayanagar,56
365B,Volvo 9400XL,Diesel,42.2,70.28,215.2,2025,Silk Board,38
96E,Tata Marcopolo,CNG,35.8,30.09,96.7,2025,Electronic City,46
77E,Switch EiV 12,Electric,33.6,0,255.8,2025,KR Puram,72
96E,Tata Marcopolo,CNG,25.6,23.69,94,2025,Electronic City,29
600A,Switch EiV 12,Electric,33.5,0,200.1,2025,Banashankari,58
V500C,Eicher Skyline Pro,CNG,35.2,21.86,75.8,2025,ITPL,62
356C,Ashok Leyland Viking,Diesel,40.1,68.59,209,2025,Majestic,73
12G,Ashok Leyland Viking,Diesel,49.7,33.92,107.9,2025,BTM Layout,26
215K,Volvo 9400XL,Diesel,28.5,65.48,211.4,2025,Kengeri,55
500D,Tata Marcopolo,CNG,37.6,14.87,66.1,2025,Whitefield,52
201R,Switch EiV 12,Electric,26,0,144.5,2025,Yelahanka,61
77E,Eicher Skyline Pro,CNG,34.7,20.62,66.8,2025,KR Puram,61
215K,Eicher Skyline Pro,CNG,43.9,17.65,65.1,2025,Kengeri,18
V500C,Ashok Leyland Viking,Diesel,47.5,46.22,123.6,2025,ITPL,57
252H,Eicher Skyline Pro,CNG,32.8,62.39,270.3,2025,Bommanahalli,70
401A,Volvo 9400XL,Diesel,45.7,48.44,192.6,2025,RT Nagar,78
356C,Switch EiV 12,Electric,49,0,123.4,2025,Majestic,61
96E,Eicher Skyline Pro,CNG,34.6,41.5,145.7,2025,Electronic City,41
K1,Volvo 8400 B7RLE,Diesel,28.9,53.77,179.1,2025,Koramangala,79
V500C,Volvo 8400 B7RLE,Diesel,44,47.78,179.2,2025,ITPL,41
279F,Switch EiV 12,Electric,32.6,0,156.9,2025,Peenya,23
348C,Volvo 8400 B7RLE,Diesel,29.9,45.27,117.1,2025,Marathahalli,59
K1,Eicher Skyline Pro,CNG,31.8,30.41,135.3,2025,Koramangala,73
252H,Eicher Skyline Pro,CNG,33.7,47.2,182.7,2025,Bommanahalli,39
348C,Ashok Leyland Viking,Diesel,36.1,26.34,90.6,2025,Marathahalli,77
279F,Eicher Skyline Pro,CNG,35,37.32,167.6,2025,Peenya,64
60A,Tata Marcopolo,CNG,40.6,65.83,253.7,2025,Indiranagar,10
96E,Ashok Leyland Viking,Diesel,30,63.54,196.5,2025,Electronic City,59
K1,Volvo 9400XL,Diesel,36.9,20.73,68.7,2025,Koramangala,62
V500C,Ashok Leyland Viking,Diesel,49.1,28.49,110.1,2025,ITPL,16
60A,Switch EiV 12,Electric,38.3,0,218.9,2025,Indiranagar,25
290E,Tata Marcopolo,CNG,28.3,60.06,251.4,2025,Mysuru Road,17
290E,Volvo 9400XL,Diesel,44.9,30.03,87.5,2025,Mysuru Road,38
60A,Volvo 8400 B7RLE,Diesel,48.6,92.91,253,2025,Indiranagar,34
43E,Ashok Leyland Viking,Diesel,49.5,50.17,161.8,2025,Hebbal,24
500D,Tata Marcopolo,CNG,39.7,70.17,250,2025,Whitefield,61
96E,Tata Marcopolo,CNG,30.1,29.67,122.9,2025,Electronic City,13
210N,Switch EiV 12,Electric,37.8,0,145,2025,Jayanagar,76
60A,Tata Marcopolo,CNG,39.4,39.15,168.3,2025,Indiranagar,29
213K,Switch EiV 12,Electric,35.2,0,275.8,2025,Banerghatta,60
210N,Volvo 8400 B7RLE,Diesel,44.1,72.05,242.1,2025,Jayanagar,32
365B,Volvo 8400 B7RLE,Diesel,30,101.47,270.3,2025,Silk Board,72
12G,Switch EiV 12,Electric,36,0,247.9,2025,BTM Layout,55
V500C,Switch EiV 12,Electric,47.3,0,246.3,2025,ITPL,63
365B,Eicher Skyline Pro,CNG,47.1,20.07,73.7,2025,Silk Board,41
K1,Switch EiV 12,Electric,40.7,0,172.3,2025,Koramangala,48
201R,Eicher Skyline Pro,CNG,25.5,71,263.8,2025,Yelahanka,11
252H,Tata Marcopolo,CNG,43.1,52.32,211.3,2025,Bommanahalli,11
279F,Eicher Skyline Pro,CNG,32.5,25.32,89.6,2025,Peenya,17
V500C,Eicher Skyline Pro,CNG,32,71.47,237,2025,ITPL,42
213K,Eicher Skyline Pro,CNG,25.2,60.18,270.6,2025,Banerghatta,69
201R,Ashok Leyland Viking,Diesel,45.7,71.01,208.9,2025,Yelahanka,24
96E,Volvo 8400 B7RLE,Diesel,43.4,16.82,63.1,2025,Electronic City,21
279F,Volvo 9400XL,Diesel,28.6,61.4,222.9,2025,Peenya,49
213K,Ashok Leyland Viking,Diesel,41.5,62.81,229.2,2025,Banerghatta,62
201R,Switch EiV 12,Electric,40.3,0,246.1,2025,Yelahanka,79
290E,Tata Marcopolo,CNG,37.2,25.51,79.5,2025,Mysuru Road,56
V500C,Volvo 8400 B7RLE,Diesel,35.2,57.6,149.7,2025,ITPL,51
600A,Tata Marcopolo,CNG,27.8,32.45,136.7,2025,Banashankari,59
60A,Volvo 9400XL,Diesel,26.8,68.27,268.5,2025,Indiranagar,32
60A,Tata Marcopolo,CNG,32.5,56.17,175,2025,Indiranagar,30
500D,Volvo 9400XL,Diesel,44.9,47.77,170.1,2025,Whitefield,55
43E,Tata Marcopolo,CNG,26.8,19.7,71,2025,Hebbal,74
12G,Eicher Skyline Pro,CNG,30.8,36.53,125,2025,BTM Layout,42
201R,Volvo 9400XL,Diesel,48.2,76.2,236.8,2025,Yelahanka,14
215K,Ashok Leyland Viking,Diesel,33,80.66,259.3,2025,Kengeri,14
V500C,Eicher Skyline Pro,CNG,41,24.55,109.7,2025,ITPL,27
213K,Switch EiV 12,Electric,33.9,0,192.8,2025,Banerghatta,14
K1,Volvo 9400XL,Diesel,28.1,52.83,202.5,2025,Koramangala,30
348C,Tata Marcopolo,CNG,36.2,44.01,170.7,2025,Marathahalli,11
60A,Volvo 8400 B7RLE,Diesel,26.8,56.05,197.5,2025,Indiranagar,71
V500C,Ashok Leyland Viking,Diesel,42.8,30.32,113.2,2025,ITPL,17
201R,Volvo 8400 B7RLE,Diesel,38.8,72.22,236.9,2025,Yelahanka,61
12G,Tata Marcopolo,CNG,44.4,26.83,91.4,2025,BTM Layout,58
210N,Volvo 8400 B7RLE,Diesel,32.1,62.69,169.3,2025,Jayanagar,79
252H,Switch EiV 12,Electric,26.4,0,198.5,2025,Bommanahalli,59
279F,Ashok Leyland Viking,Diesel,32.9,89.87,224.7,2025,Peenya,64
77E,Volvo 8400 B7RLE,Diesel,26.2,59.16,172.4,2025,KR Puram,71
365B,Ashok Leyland Viking,Diesel,26.6,57.33,215.5,2025,Silk Board,73
401A,Volvo 8400 B7RLE,Diesel,31.2,16.84,60.8,2025,RT Nagar,44
252H,Volvo 8400 B7RLE,Diesel,27.5,42.63,129.6,2025,Bommanahalli,26
K1,Tata Marcopolo,CNG,46.1,34.44,119.5,2025,Koramangala,18
279F,Volvo 8400 B7RLE,Diesel,47.3,74.14,233.6,2025,Peenya,11
96E,Switch EiV 12,Electric,34.4,0,260.2,2025,Electronic City,75
279F,Eicher Skyline Pro,CNG,27.2,67.51,272.1,2025,Peenya,66
600A,Tata Marcopolo,CNG,34.7,42.69,168.6,2025,Banashankari,27
96E,Eicher Skyline Pro,CNG,25.1,66.08,214.8,2025,Electronic City,59
215K,Switch EiV 12,Electric,41.7,0,216.9,2025,Kengeri,18
600A,Ashok Leyland Viking,Diesel,44,69.41,272.5,2025,Banashankari,64
215K,Eicher Skyline Pro,CNG,32.5,67.95,214.6,2025,Kengeri,14
201R,Switch EiV 12,Electric,41.1,0,232,2025,Yelahanka,43
77E,Volvo 8400 B7RLE,Diesel,34,17.94,70.6,2025,KR Puram,78
96E,Volvo 9400XL,Diesel,35.8,53.38,170.1,2025,Electronic City,68
V500C,Tata Marcopolo,CNG,34.2,29.82,106,2025,ITPL,37
290E,Tata Marcopolo,CNG,44.2,19.73,71.5,2025,Mysuru Road,30
12G,Volvo 9400XL,Diesel,46.3,85.49,240.9,2025,BTM Layout,17
60A,Ashok Leyland Viking,Diesel,36.8,53.56,204.6,2025,Indiranagar,47
356C,Eicher Skyline Pro,CNG,41.9,27.48,107.5,2025,Majestic,41
12G,Volvo 9400XL,Diesel,28.4,35.95,125,2025,BTM Layout,29
600A,Volvo 9400XL,Diesel,32.9,64.17,222.5,2025,Banashankari,43
290E,Ashok Leyland Viking,Diesel,42.8,52.49,146.9,2025,Mysuru Road,20
290E,Volvo 9400XL,Diesel,32.2,83.82,255.8,2025,Mysuru Road,40
77E,Tata Marcopolo,CNG,27.8,19.29,72.8,2025,KR Puram,30
V500C,Eicher Skyline Pro,CNG,45.9,39.34,118.9,2025,ITPL,13
500D,Volvo 8400 B7RLE,Diesel,33.4,56.7,143.4,2025,Whitefield,21
77E,Switch EiV 12,Electric,35.3,0,87.4,2025,KR Puram,18
213K,Ashok Leyland Viking,Diesel,35.1,51.09,168.4,2025,Banerghatta,49
348C,Tata Marcopolo,CNG,25.2,51.65,190.9,2025,Marathahalli,29
V500C,Tata Marcopolo,CNG,38,67.72,272,2025,ITPL,60
96E,Switch EiV 12,Electric,44.3,0,128.6,2025,Electronic City,56
348C,Volvo 9400XL,Diesel,38,58.02,230,2025,Marathahalli,68
290E,Volvo 8400 B7RLE,Diesel,25.4,23.97,87.6,2025,Mysuru Road,59
60A,Volvo 8400 B7RLE,Diesel,28,81.98,237.6,2025,Indiranagar,55
356C,Volvo 9400XL,Diesel,32.3,17.46,63.9,2025,Majestic,33
96E,Switch EiV 12,Electric,33.7,0,174,2025,Electronic City,52
12G,Switch EiV 12,Electric,25,0,141.8,2025,BTM Layout,49
210N,Volvo 8400 B7RLE,Diesel,41.2,31.81,126,2025,Jayanagar,26
252H,Ashok Leyland Viking,Diesel,25.6,64.04,246.4,2025,Bommanahalli,35
K1,Ashok Leyland Viking,Diesel,44.5,72.89,232.3,2025,Koramangala,24
290E,Volvo 9400XL,Diesel,32.6,56.8,147.6,2025,Mysuru Road,61
252H,Volvo 9400XL,Diesel,31.2,34.16,110.2,2025,Bommanahalli,39
V500C,Switch EiV 12,Electric,36.8,0,224.4,2025,ITPL,42
12G,Tata Marcopolo,CNG,48.9,16.47,72.7,2025,BTM Layout,67
12G,Switch EiV 12,Electric,49.8,0,232.7,2025,BTM Layout,65
290E,Switch EiV 12,Electric,49.1,0,179.8,2025,Mysuru Road,65
96E,Eicher Skyline Pro,CNG,34.1,22.95,76.6,2025,Electronic City,56
V500C,Tata Marcopolo,CNG,28.5,26.21,103.1,2025,ITPL,28
K1,Volvo 9400XL,Diesel,39.5,85.24,231.9,2025,Koramangala,54
500D,Volvo 8400 B7RLE,Diesel,40.9,77.35,238.4,2025,Whitefield,57
201R,Volvo 9400XL,Diesel,31.5,69.02,208.3,2025,Yelahanka,60
348C,Switch EiV 12,Electric,32.3,0,261.8,2025,Marathahalli,56
V500C,Ashok Leyland Viking,Diesel,47.3,45.88,163.4,2025,ITPL,74
213K,Tata Marcopolo,CNG,28.7,24.47,73.7,2025,Banerghatta,70
600A,Volvo 8400 B7RLE,Diesel,36.2,73.59,198.8,2025,Banashankari,69
96E,Switch EiV 12,Electric,38.2,0,270.7,2025,Electronic City,33
12G,Ashok Leyland Viking,Diesel,37.5,32.16,113.2,2025,BTM Layout,45
356C,Ashok Leyland Viking,Diesel,31.9,20.7,76.8,2025,Majestic,34
213K,Eicher Skyline Pro,CNG,38.7,44.15,161.1,2025,Banerghatta,40
201R,Switch EiV 12,Electric,29.1,0,69.7,2025,Yelahanka,73
213K,Switch EiV 12,Electric,30.2,0,158,2025,Banerghatta,26
12G,Eicher Skyline Pro,CNG,46.1,15.88,71,2025,BTM Layout,24
348C,Volvo 8400 B7RLE,Diesel,46.3,81.91,234.5,2025,Marathahalli,24
210N,Eicher Skyline Pro,CNG,29.9,61.28,271.3,2025,Jayanagar,66
401A,Volvo 9400XL,Diesel,42.8,70.22,278.9,2025,RT Nagar,19
215K,Volvo 8400 B7RLE,Diesel,31.5,58.72,185.3,2025,Kengeri,69
252H,Volvo 8400 B7RLE,Diesel,26.8,55.51,190.6,2025,Bommanahalli,15
213K,Tata Marcopolo,CNG,29.8,65.86,275.9,2025,Banerghatta,38
401A,Ashok Leyland Viking,Diesel,48.6,65.91,259.7,2025,RT Nagar,14
V500C,Tata Marcopolo,CNG,49.4,42.24,174.7,2025,ITPL,69
348C,Eicher Skyline Pro,CNG,36.9,23.45,95.6,2025,Marathahalli,10
96E,Tata Marcopolo,CNG,41,28.6,114.4,2025,Electronic City,60
500D,Volvo 9400XL,Diesel,39.1,26.19,95.8,2025,Whitefield,75
252H,Volvo 8400 B7RLE,Diesel,25.3,67.55,169.8,2025,Bommanahalli,51
210N,Eicher Skyline Pro,CNG,48.2,41.43,138.5,2025,Jayanagar,33
252H,Switch EiV 12,Electric,30.6,0,199.6,2025,Bommanahalli,77
401A,Eicher Skyline Pro,CNG,46.2,31.95,130.8,2025,RT Nagar,50
356C,Volvo 8400 B7RLE,Diesel,35.7,31.84,81,2025,Majestic,27
V500C,Volvo 8400 B7RLE,Diesel,41.6,61.92,165.8,2025,ITPL,43
252H,Volvo 8400 B7RLE,Diesel,34.9,31.86,123.6,2025,Bommanahalli,17
96E,Switch EiV 12,Electric,26.1,0,278.5,2025,Electronic City,68
201R,Volvo 8400 B7RLE,Diesel,34.3,73.62,227.4,2025,Yelahanka,14
K1,Tata Marcopolo,CNG,48,51.03,225.9,2025,Koramangala,21
96E,Switch EiV 12,Electric,33.9,0,187,2025,Electronic City,76
77E,Switch EiV 12,Electric,31.3,0,233.3,2025,KR Puram,73
279F,Ashok Leyland Viking,Diesel,34,52.83,184.1,2025,Peenya,22
600A,Volvo 8400 B7RLE,Diesel,29.8,29.12,112.9,2025,Banashankari,79
279F,Tata Marcopolo,CNG,37.6,24.74,82.4,2025,Peenya,62
V500C,Ashok Leyland Viking,Diesel,25.9,24.83,68.6,2025,ITPL,53
12G,Eicher Skyline Pro,CNG,32.1,56.65,250.7,2025,BTM Layout,76
60A,Ashok Leyland Viking,Diesel,35.9,55.78,188,2025,Indiranagar,70
348C,Volvo 9400XL,Diesel,44,59.41,173.7,2025,Marathahalli,10
77E,Volvo 9400XL,Diesel,47.4,35.13,137.7,2025,KR Puram,73
365B,Eicher Skyline Pro,CNG,35.5,61.48,256.4,2025,Silk Board,32
210N,Tata Marcopolo,CNG,37.4,49.83,164.8,2025,Jayanagar,39
365B,Tata Marcopolo,CNG,29.7,54.33,190,2025,Silk Board,70
500D,Switch EiV 12,Electric,30.2,0,248.1,2025,Whitefield,34
213K,Volvo 9400XL,Diesel,26.7,19.35,75.7,2025,Banerghatta,71
213K,Ashok Leyland Viking,Diesel,35.2,46.15,171.5,2025,Banerghatta,36
600A,Ashok Leyland Viking,Diesel,33.3,68.89,243.9,2025,Banashankari,59
356C,Switch EiV 12,Electric,41.4,0,229.6,2025,Majestic,12
290E,Switch EiV 12,Electric,46.9,0,93.4,2025,Mysuru Road,61
348C,Tata Marcopolo,CNG,32.1,49.1,178.6,2025,Marathahalli,53
365B,Ashok Leyland Viking,Diesel,28.2,18.72,68.3,2025,Silk Board,65
290E,Tata Marcopolo,CNG,35.4,15.86,60,2025,Mysuru Road,36
60A,Volvo 8400 B7RLE,Diesel,49.3,25.36,72,2025,Indiranagar,48
12G,Switch EiV 12,Electric,32.6,0,126.9,2025,BTM Layout,21
348C,Eicher Skyline Pro,CNG,25,27.04,110.7,2025,Marathahalli,34
12G,Ashok Leyland Viking,Diesel,30.6,78.04,272.7,2025,BTM Layout,79
210N,Switch EiV 12,Electric,46.2,0,223.2,2025,Jayanagar,44
96E,Switch EiV 12,Electric,32.6,0,153,2025,Electronic City,30
60A,Tata Marcopolo,CNG,42.8,31.15,131.6,2025,Indiranagar,63
43E,Ashok Leyland Viking,Diesel,34.3,25.95,100,2025,Hebbal,57
96E,Switch EiV 12,Electric,49.6,0,237.5,2025,Electronic City,11
500D,Switch EiV 12,Electric,34.8,0,225.9,2025,Whitefield,31
201R,Volvo 9400XL,Diesel,41.5,72.55,189.9,2025,Yelahanka,69
43E,Switch EiV 12,Electric,42.7,0,179.8,2025,Hebbal,27
201R,Switch EiV 12,Electric,44.5,0,96.8,2025,Yelahanka,45
215K,Eicher Skyline Pro,CNG,48.8,61.5,188.4,2025,Kengeri,67
12G,Eicher Skyline Pro,CNG,40,34.37,118.4,2025,BTM Layout,66
365B,Tata Marcopolo,CNG,44,68.87,217.2,2025,Silk Board,21
401A,Tata Marcopolo,CNG,37.7,48.68,173,2025,RT Nagar,39
43E,Switch EiV 12,Electric,45.7,0,265.2,2025,Hebbal,70
201R,Tata Marcopolo,CNG,42.9,57.79,213.4,2025,Yelahanka,66
365B,Switch EiV 12,Electric,42.4,0,262.6,2025,Silk Board,38
401A,Ashok Leyland Viking,Diesel,46.5,75.71,220.4,2025,RT Nagar,55
500D,Eicher Skyline Pro,CNG,29.9,67.54,237.6,2025,Whitefield,52
365B,Tata Marcopolo,CNG,49.5,31.23,133.8,2025,Silk Board,10
96E,Tata Marcopolo,CNG,43.2,55.76,214.3,2025,Electronic City,59
96E,Ashok Leyland Viking,Diesel,37.4,87.4,268.4,2025,Electronic City,49
V500C,Switch EiV 12,Electric,44.7,0,95.9,2025,ITPL,57
12G,Volvo 8400 B7RLE,Diesel,34.6,87.32,221.6,2025,BTM Layout,51
K1,Volvo 9400XL,Diesel,25.3,68.79,244.6,2025,Koramangala,62
201R,Switch EiV 12,Electric,35.9,0,273.5,2025,Yelahanka,26
96E,Tata Marcopolo,CNG,42.6,26.43,111.7,2025,Electronic City,63
60A,Volvo 9400XL,Diesel,49.2,69.91,180.2,2025,Indiranagar,70
252H,Volvo 8400 B7RLE,Diesel,43,45.1,171.1,2025,Bommanahalli,68
77E,Ashok Leyland Viking,Diesel,45,29.86,99.4,2025,KR Puram,53
252H,Tata Marcopolo,CNG,28.3,34.25,147.2,2025,Bommanahalli,49
348C,Volvo 9400XL,Diesel,32.7,32.23,94.6,2025,Marathahalli,43
201R,Switch EiV 12,Electric,41.8,0,251.7,2025,Yelahanka,21
210N,Eicher Skyline Pro,CNG,31.3,59.76,235.3,2025,Jayanagar,74
77E,Tata Marcopolo,CNG,45.8,42.62,185.8,2025,KR Puram,58
213K,Switch EiV 12,Electric,41.9,0,62.7,2025,Banerghatta,63
290E,Eicher Skyline Pro,CNG,38.7,20.81,71.4,2025,Mysuru Road,18
600A,Tata Marcopolo,CNG,33.8,32.43,127.5,2025,Banashankari,49
60A,Volvo 8400 B7RLE,Diesel,43.3,42.97,133.5,2025,Indiranagar,43
201R,Tata Marcopolo,CNG,44.6,21.87,75,2025,Yelahanka,24
290E,Eicher Skyline Pro,CNG,42.1,44.36,155.2,2025,Mysuru Road,72
500D,Switch EiV 12,Electric,34.3,0,72.4,2025,Whitefield,53
V500C,Switch EiV 12,Electric,41,0,267.8,2025,ITPL,70
213K,Switch EiV 12,Electric,40.8,0,207.7,2025,Banerghatta,22
365B,Volvo 8400 B7RLE,Diesel,35.5,28.62,103.8,2025,Silk Board,63
77E,Volvo 8400 B7RLE,Diesel,31.9,28.24,82.3,2025,KR Puram,25
290E,Volvo 8400 B7RLE,Diesel,49.5,59.59,155,2025,Mysuru Road,13
77E,Tata Marcopolo,CNG,29.5,39.07,174.1,2025,KR Puram,50
401A,Switch EiV 12,Electric,35.1,0,84.9,2025,RT Nagar,28
K1,Ashok Leyland Viking,Diesel,42.6,70.93,222.3,2025,Koramangala,75
356C,Tata Marcopolo,CNG,34.9,40.1,136.2,2025,Majestic,18
213K,Volvo 9400XL,Diesel,37.1,36.24,105.2,2025,Banerghatta,51
252H,Switch EiV 12,Electric,41.4,0,123.2,2025,Bommanahalli,45
500D,Ashok Leyland Viking,Diesel,40.1,104.42,273.1,2025,Whitefield,22
210N,Tata Marcopolo,CNG,48.8,22.23,76.6,2025,Jayanagar,21
600A,Ashok Leyland Viking,Diesel,40,23.37,80.3,2025,Banashankari,13
600A,Volvo 8400 B7RLE,Diesel,31.7,80.35,202.7,2025,Banashankari,22
201R,Volvo 8400 B7RLE,Diesel,31.3,77.49,272.3,2025,Yelahanka,23
77E,Volvo 8400 B7RLE,Diesel,40.3,72.57,215.5,2025,KR Puram,66
43E,Tata Marcopolo,CNG,39.9,27.82,119.6,2025,Hebbal,27
215K,Switch EiV 12,Electric,27.6,0,268.3,2025,Kengeri,24
348C,Switch EiV 12,Electric,48.6,0,94.1,2025,Marathahalli,37
290E,Volvo 9400XL,Diesel,47.1,79.17,222,2025,Mysuru Road,62
77E,Switch EiV 12,Electric,42.5,0,189.3,2025,KR Puram,67
365B,Switch EiV 12,Electric,35.2,0,209.6,2025,Silk Board,54
213K,Volvo 8400 B7RLE,Diesel,39.6,22.02,63.4,2025,Banerghatta,76
215K,Ashok Leyland Viking,Diesel,48.9,51.35,159.1,2025,Kengeri,74
252H,Volvo 9400XL,Diesel,29.7,69.77,244.8,2025,Bommanahalli,49
77E,Eicher Skyline Pro,CNG,27.5,91.25,274.9,2025,KR Puram,43
215K,Ashok Leyland Viking,Diesel,27.3,42.9,155.4,2025,Kengeri,20
96E,Volvo 9400XL,Diesel,35.9,90.44,261.2,2025,Electronic City,66
252H,Eicher Skyline Pro,CNG,43.1,51.63,155.6,2025,Bommanahalli,60
290E,Eicher Skyline Pro,CNG,40.3,47.95,189.7,2025,Mysuru Road,78
210N,Ashok Leyland Viking,Diesel,42.9,42.93,113.2,2025,Jayanagar,49
77E,Volvo 9400XL,Diesel,46.9,28.77,103.8,2025,KR Puram,14
210N,Volvo 9400XL,Diesel,31.2,22.33,63,2025,Jayanagar,41
252H,Tata Marcopolo,CNG,31.2,38.66,119.6,2025,Bommanahalli,26
43E,Volvo 9400XL,Diesel,43.3,47.21,161,2025,Hebbal,77
60A,Eicher Skyline Pro,CNG,27,46.98,208,2025,Indiranagar,35
210N,Ashok Leyland Viking,Diesel,45.1,65.47,244.5,2025,Jayanagar,50
210N,Volvo 9400XL,Diesel,38.6,94.7,265.2,2025,Jayanagar,57
77E,Volvo 8400 B7RLE,Diesel,43.6,54.26,195.7,2025,KR Puram,19
290E,Switch EiV 12,Electric,26.7,0,174.7,2025,Mysuru Road,37
356C,Tata Marcopolo,CNG,48,36.53,141.6,2025,Majestic,38
201R,Tata Marcopolo,CNG,31.7,50.22,178.4,2025,Yelahanka,76
60A,Tata Marcopolo,CNG,41.7,61.47,257,2025,Indiranagar,25
279F,Ashok Leyland Viking,Diesel,40.8,55.7,160,2025,Peenya,42
500D,Volvo 8400 B7RLE,Diesel,35.7,68.02,215.2,2025,Whitefield,51
365B,Ashok Leyland Viking,Diesel,48.4,78.16,202.9,2025,Silk Board,32
600A,Eicher Skyline Pro,CNG,32.3,65.85,241.4,2025,Banashankari,24
60A,Switch EiV 12,Electric,32.5,0,64.8,2025,Indiranagar,25
213K,Switch EiV 12,Electric,26.4,0,170.6,2025,Banerghatta,27
600A,Volvo 9400XL,Diesel,48.2,63.2,168,2025,Banashankari,75
215K,Volvo 9400XL,Diesel,35.2,65.52,228.2,2025,Kengeri,22
210N,Tata Marcopolo,CNG,29,36.2,117.3,2025,Jayanagar,50
43E,Volvo 8400 B7RLE,Diesel,29.6,21.59,75.5,2025,Hebbal,41
215K,Volvo 9400XL,Diesel,45.4,72,254,2025,Kengeri,46
96E,Eicher Skyline Pro,CNG,32.2,24.33,84.3,2025,Electronic City,29
600A,Volvo 9400XL,Diesel,37.9,34.81,115,2025,Banashankari,15
K1,Ashok Leyland Viking,Diesel,33.8,37,138.5,2025,Koramangala,11
356C,Tata Marcopolo,CNG,32.7,53.45,233.6,2025,Majestic,44
K1,Volvo 9400XL,Diesel,33.2,88.93,269.6,2025,Koramangala,28
V500C,Ashok Leyland Viking,Diesel,48.5,44.88,171.2,2025,ITPL,49
60A,Switch EiV 12,Electric,34.8,0,82.6,2025,Indiranagar,49
600A,Eicher Skyline Pro,CNG,37.6,55.21,181.7,2025,Banashankari,49
V500C,Tata Marcopolo,CNG,41.9,58.47,248.9,2025,ITPL,62
348C,Switch EiV 12,Electric,43.7,0,248.9,2025,Marathahalli,52
290E,Volvo 8400 B7RLE,Diesel,40.3,57.14,156.6,2025,Mysuru Road,40
600A,Volvo 8400 B7RLE,Diesel,29.5,58.8,208.2,2025,Banashankari,19
252H,Eicher Skyline Pro,CNG,27.9,34.02,110.5,2025,Bommanahalli,42
348C,Tata Marcopolo,CNG,43,14.74,60.4,2025,Marathahalli,56
12G,Switch EiV 12,Electric,29,0,173.3,2025,BTM Layout,37
201R,Volvo 8400 B7RLE,Diesel,25.5,28.52,78.4,2025,Yelahanka,72
600A,Ashok Leyland Viking,Diesel,31,84.45,256,2025,Banashankari,46
600A,Volvo 9400XL,Diesel,30.6,25.37,83.2,2025,Banashankari,79
V500C,Volvo 8400 B7RLE,Diesel,31.1,74.89,193.7,2025,ITPL,50
12G,Tata Marcopolo,CNG,30.9,43.85,146,2025,BTM Layout,51
77E,Eicher Skyline Pro,CNG,40.4,70.71,271.2,2025,KR Puram,31
210N,Switch EiV 12,Electric,35.7,0,151.5,2025,Jayanagar,11
600A,Volvo 8400 B7RLE,Diesel,42.4,50.38,179,2025,Banashankari,30
V500C,Volvo 9400XL,Diesel,37.5,31.37,97.8,2025,ITPL,55
43E,Switch EiV 12,Electric,40.8,0,251.5,2025,Hebbal,44
356C,Switch EiV 12,Electric,27.9,0,177.2,2025,Majestic,19
365B,Eicher Skyline Pro,CNG,27.9,55.11,193.2,2025,Silk Board,40
356C,Volvo 9400XL,Diesel,42.3,32.53,91.4,2025,Majestic,68
12G,Switch EiV 12,Electric,47.4,0,146.2,2025,BTM Layout,45
279F,Volvo 9400XL,Diesel,37.7,33.53,104.9,2025,Peenya,76
K1,Eicher Skyline Pro,CNG,44.8,20.62,64,2025,Koramangala,46
201R,Tata Marcopolo,CNG,39,41.67,164.3,2025,Yelahanka,46
252H,Switch EiV 12,Electric,31.3,0,211.5,2025,Bommanahalli,77
213K,Tata Marcopolo,CNG,43.1,16.35,62.2,2025,Banerghatta,68
77E,Switch EiV 12,Electric,45.5,0,243.9,2025,KR Puram,71
96E,Switch EiV 12,Electric,37.1,0,245.5,2025,Electronic City,48
356C,Volvo 9400XL,Diesel,44.8,41.99,133.4,2025,Majestic,22
60A,Ashok Leyland Viking,Diesel,46.4,26.26,100.4,2025,Indiranagar,67
401A,Volvo 8400 B7RLE,Diesel,26.9,52.76,162.6,2025,RT Nagar,72
210N,Volvo 8400 B7RLE,Diesel,47.5,84.41,236.8,2025,Jayanagar,62
356C,Ashok Leyland Viking,Diesel,46.9,24.22,74.7,2025,Majestic,52
201R,Switch EiV 12,Electric,49.2,0,179.2,2025,Yelahanka,69
96E,Tata Marcopolo,CNG,41.2,23.98,74.6,2025,Electronic City,27
60A,Ashok Leyland Viking,Diesel,45.1,45.27,142.6,2025,Indiranagar,23
348C,Volvo 9400XL,Diesel,39,93.7,279.4,2025,Marathahalli,73
401A,Volvo 9400XL,Diesel,33.8,35.44,108.4,2025,RT Nagar,60
348C,Volvo 8400 B7RLE,Diesel,34.2,23.5,75.1,2025,Marathahalli,62
365B,Volvo 9400XL,Diesel,41.4,61.46,219,2025,Silk Board,80
96E,Ashok Leyland Viking,Diesel,30.4,17.69,61.8,2025,Electronic City,59
365B,Eicher Skyline Pro,CNG,25.1,39.58,166.5,2025,Silk Board,54
600A,Eicher Skyline Pro,CNG,38.7,74.2,230,2025,Banashankari,58
500D,Eicher Skyline Pro,CNG,39.6,54.78,228.6,2025,Whitefield,59
210N,Volvo 8400 B7RLE,Diesel,45.1,68.78,225.4,2025,Jayanagar,68
201R,Volvo 8400 B7RLE,Diesel,41.8,26.5,90.9,2025,Yelahanka,53
348C,Ashok Leyland Viking,Diesel,29.2,79.97,223.3,2025,Marathahalli,54
77E,Switch EiV 12,Electric,43.7,0,255.9,2025,KR Puram,79
213K,Eicher Skyline Pro,CNG,44,66.69,259.8,2025,Banerghatta,39
500D,Switch EiV 12,Electric,47.2,0,203.9,2025,Whitefield,80
201R,Eicher Skyline Pro,CNG,40.8,57.9,187.3,2025,Yelahanka,16
600A,Eicher Skyline Pro,CNG,42.9,48.23,164.3,2025,Banashankari,74
365B,Ashok Leyland Viking,Diesel,32.8,36.51,104.5,2025,Silk Board,11
77E,Ashok Leyland Viking,Diesel,35.6,27.79,107.3,2025,KR Puram,45
12G,Switch EiV 12,Electric,29.7,0,171.6,2025,BTM Layout,14
43E,Eicher Skyline Pro,CNG,42.4,21.52,76.9,2025,Hebbal,33
356C,Volvo 9400XL,Diesel,41.5,65.18,240.8,2025,Majestic,77
43E,Switch EiV 12,Electric,42.3,0,119.8,2025,Hebbal,10
215K,Volvo 8400 B7RLE,Diesel,48.5,34.19,118.1,2025,Kengeri,24
201R,Ashok Leyland Viking,Diesel,31.7,47.16,131.4,2025,Yelahanka,25
K1,Ashok Leyland Viking,Diesel,30.5,62.72,212.8,2025,Koramangala,34
600A,Ashok Leyland Viking,Diesel,41.5,31.75,118.2,2025,Banashankari,61
356C,Volvo 9400XL,Diesel,44,83.12,231.2,2025,Majestic,41
365B,Volvo 9400XL,Diesel,42.5,26.01,79.4,2025,Silk Board,63
K1,Eicher Skyline Pro,CNG,25.8,45.76,155.1,2025,Koramangala,14
252H,Volvo 8400 B7RLE,Diesel,47,23.52,67.4,2025,Bommanahalli,12
12G,Eicher Skyline Pro,CNG,26,45.65,182.6,2025,BTM Layout,73
Route_No,Bus_Model,Fuel_Type,Avg_Speed_kmph,Fuel_Consumed_Liters,Distance_Covered_km,Year,Destination,No_of_Buses_in_Route
356C,Tata Marcopolo,CNG,48.8,34.75,142.4,2025,Majestic,40
V500C,Volvo 8400 B7RLE,Diesel,28.9,70.12,191.7,2025,ITPL,58
77E,Volvo 8400 B7RLE,Diesel,46.7,21.4,72.8,2025,KR Puram,54
279F,Volvo 9400XL,Diesel,25.5,54.57,215.8,2025,Peenya,30
60A,Volvo 9400XL,Diesel,30.3,87.68,243.1,2025,Indiranagar,44
348C,Volvo 8400 B7RLE,Diesel,32.6,30.51,100.3,2025,Marathahalli,62
252H,Tata Marcopolo,CNG,32.3,39.56,155,2025,Bommanahalli,43
77E,Eicher Skyline Pro,CNG,32.3,25.55,90.7,2025,KR Puram,72
401A,Switch EiV 12,Electric,44.6,0,160.3,2025,RT Nagar,21
60A,Ashok Leyland Viking,Diesel,37.9,30.66,103.9,2025,Indiranagar,65
213K,Eicher Skyline Pro,CNG,40.2,21.56,70.2,2025,Banerghatta,28
213K,Tata Marcopolo,CNG,48.7,16.7,74.3,2025,Banerghatta,10
K1,Eicher Skyline Pro,CNG,32.6,75.58,237.8,2025,Koramangala,54
600A,Eicher Skyline Pro,CNG,36,66.13,210.5,2025,Banashankari,34
215K,Volvo 9400XL,Diesel,25.9,43.71,168.9,2025,Kengeri,21
348C,Volvo 8400 B7RLE,Diesel,41.6,39.39,116.9,2025,Marathahalli,59
60A,Eicher Skyline Pro,CNG,38.7,53.21,174.4,2025,Indiranagar,68
213K,Eicher Skyline Pro,CNG,44.4,61.98,273.3,2025,Banerghatta,20
K1,Volvo 9400XL,Diesel,39.9,66.16,256.9,2025,Koramangala,19
12G,Volvo 8400 B7RLE,Diesel,29.9,30.96,79.5,2025,BTM Layout,37
K1,Ashok Leyland Viking,Diesel,34.7,45.27,131.6,2025,Koramangala,67
K1,Switch EiV 12,Electric,33.9,0,242.3,2025,Koramangala,72
201R,Volvo 9400XL,Diesel,38.6,44.92,121.8,2025,Yelahanka,20
600A,Tata Marcopolo,CNG,26.9,52.79,236.5,2025,Banashankari,41
60A,Switch EiV 12,Electric,30,0,229.9,2025,Indiranagar,72
60A,Volvo 9400XL,Diesel,45.4,17.19,61.2,2025,Indiranagar,24
201R,Ashok Leyland Viking,Diesel,44.3,84.41,220.4,2025,Yelahanka,78
210N,Eicher Skyline Pro,CNG,27.9,32.34,138.9,2025,Jayanagar,66
V500C,Eicher Skyline Pro,CNG,33.3,63.68,197.1,2025,ITPL,22
365B,Switch EiV 12,Electric,33.1,0,128.4,2025,Silk Board,34
96E,Eicher Skyline Pro,CNG,40.9,50.91,220.5,2025,Electronic City,53
600A,Switch EiV 12,Electric,28,0,163.9,2025,Banashankari,49
210N,Tata Marcopolo,CNG,44,56.46,216.9,2025,Jayanagar,26
77E,Tata Marcopolo,CNG,37.3,60.67,229.6,2025,KR Puram,37
348C,Tata Marcopolo,CNG,25.6,48.74,154.1,2025,Marathahalli,24
96E,Volvo 9400XL,Diesel,40.9,22.51,66.9,2025,Electronic City,41
252H,Eicher Skyline Pro,CNG,47.7,50.95,171.9,2025,Bommanahalli,40
213K,Eicher Skyline Pro,CNG,43.9,44.96,150.3,2025,Banerghatta,45
210N,Volvo 8400 B7RLE,Diesel,32.2,28.05,76.9,2025,Jayanagar,68
356C,Volvo 9400XL,Diesel,45.2,76.66,264.5,2025,Majestic,50
365B,Volvo 8400 B7RLE,Diesel,45.1,90.54,251.7,2025,Silk Board,33
279F,Ashok Leyland Viking,Diesel,38.5,69.09,256.4,2025,Peenya,45
V500C,Eicher Skyline Pro,CNG,33,81.23,257.1,2025,ITPL,73
279F,Eicher Skyline Pro,CNG,35.7,26.05,110.1,2025,Peenya,24
96E,Tata Marcopolo,CNG,25.2,66.22,249.4,2025,Electronic City,73
12G,Ashok Leyland Viking,Diesel,30.6,56.65,151.8,2025,BTM Layout,66
500D,Eicher Skyline Pro,CNG,48.6,38.54,134.3,2025,Whitefield,50
500D,Ashok Leyland Viking,Diesel,42.6,57.17,174.1,2025,Whitefield,38
210N,Volvo 8400 B7RLE,Diesel,49.1,95.15,273.8,2025,Jayanagar,43
215K,Volvo 9400XL,Diesel,32.5,57.87,169.4,2025,Kengeri,14
60A,Eicher Skyline Pro,CNG,40.2,18.14,68.1,2025,Indiranagar,10
12G,Tata Marcopolo,CNG,32,16.34,71.3,2025,BTM Layout,43
210N,Eicher Skyline Pro,CNG,28.6,30.18,112.7,2025,Jayanagar,43
96E,Volvo 9400XL,Diesel,31.1,78.9,276.8,2025,Electronic City,18
600A,Eicher Skyline Pro,CNG,30.9,55.62,227.6,2025,Banashankari,42
401A,Eicher Skyline Pro,CNG,40.8,35.67,140.9,2025,RT Nagar,13
365B,Ashok Leyland Viking,Diesel,27.3,47.4,177.9,2025,Silk Board,37
12G,Eicher Skyline Pro,CNG,29.7,42.66,130.6,2025,BTM Layout,73
401A,Tata Marcopolo,CNG,41.9,62.81,190,2025,RT Nagar,62
600A,Ashok Leyland Viking,Diesel,30.7,49.8,172.7,2025,Banashankari,72
348C,Eicher Skyline Pro,CNG,42.3,27.49,98.4,2025,Marathahalli,68
96E,Ashok Leyland Viking,Diesel,28.4,88.36,266.1,2025,Electronic City,71
77E,Ashok Leyland Viking,Diesel,48.1,22.27,85,2025,KR Puram,58
77E,Ashok Leyland Viking,Diesel,41.5,31.32,116.7,2025,KR Puram,15
348C,Switch EiV 12,Electric,38.2,0,182.1,2025,Marathahalli,10
401A,Volvo 9400XL,Diesel,27.3,29.43,113.2,2025,RT Nagar,76
600A,Ashok Leyland Viking,Diesel,40.8,85.79,258.1,2025,Banashankari,58
348C,Eicher Skyline Pro,CNG,43.1,31.48,136.8,2025,Marathahalli,23
60A,Eicher Skyline Pro,CNG,44.5,64.39,255.2,2025,Indiranagar,15
V500C,Tata Marcopolo,CNG,29,18.05,78.5,2025,ITPL,78
290E,Eicher Skyline Pro,CNG,25.2,61.35,193.4,2025,Mysuru Road,70
215K,Switch EiV 12,Electric,25.1,0,206,2025,Kengeri,21
279F,Switch EiV 12,Electric,38.7,0,95.4,2025,Peenya,25
348C,Tata Marcopolo,CNG,41.3,63.6,212.2,2025,Marathahalli,40
213K,Eicher Skyline Pro,CNG,30.9,62.13,216.7,2025,Banerghatta,35
365B,Tata Marcopolo,CNG,41.2,52.46,224.2,2025,Silk Board,29
279F,Eicher Skyline Pro,CNG,39.2,65.18,204.7,2025,Peenya,62
252H,Eicher Skyline Pro,CNG,31.6,41.86,140.9,2025,Bommanahalli,79
12G,Volvo 8400 B7RLE,Diesel,34.8,71.42,274.1,2025,BTM Layout,71
600A,Volvo 9400XL,Diesel,44.9,61.13,198.9,2025,Banashankari,12
365B,Ashok Leyland Viking,Diesel,37.3,66.92,186.9,2025,Silk Board,50
600A,Switch EiV 12,Electric,32,0,218.9,2025,Banashankari,17
60A,Volvo 9400XL,Diesel,41.1,23.61,65.3,2025,Indiranagar,64
356C,Ashok Leyland Viking,Diesel,48.8,68.93,266.9,2025,Majestic,78
213K,Ashok Leyland Viking,Diesel,25.4,36.33,141.4,2025,Banerghatta,33
401A,Tata Marcopolo,CNG,49.2,34.69,154.2,2025,RT Nagar,59
356C,Switch EiV 12,Electric,32.4,0,247.7,2025,Majestic,32
77E,Volvo 8400 B7RLE,Diesel,46.3,48.63,144.7,2025,KR Puram,60
401A,Eicher Skyline Pro,CNG,38.9,22.09,97.3,2025,RT Nagar,73
210N,Switch EiV 12,Electric,39.3,0,213.1,2025,Jayanagar,49
213K,Switch EiV 12,Electric,40.4,0,81.4,2025,Banerghatta,28
77E,Tata Marcopolo,CNG,28.5,73.54,277.8,2025,KR Puram,43
600A,Volvo 9400XL,Diesel,43.5,71.36,253,2025,Banashankari,13
279F,Ashok Leyland Viking,Diesel,34,72.95,214.5,2025,Peenya,12
348C,Volvo 8400 B7RLE,Diesel,45.3,62.65,238.1,2025,Marathahalli,17
215K,Volvo 8400 B7RLE,Diesel,37.8,80.22,260.9,2025,Kengeri,22
279F,Tata Marcopolo,CNG,41.2,58.13,235.6,2025,Peenya,72
12G,Tata Marcopolo,CNG,47.3,67.04,235.1,2025,BTM Layout,17
V500C,Ashok Leyland Viking,Diesel,27.3,42.35,142.6,2025,ITPL,35
290E,Ashok Leyland Viking,Diesel,36.6,20.49,67.9,2025,Mysuru Road,32
500D,Eicher Skyline Pro,CNG,39.8,40.38,123,2025,Whitefield,19
60A,Ashok Leyland Viking,Diesel,45.6,22.43,68.2,2025,Indiranagar,74
V500C,Switch EiV 12,Electric,38.1,0,88,2025,ITPL,61
252H,Switch EiV 12,Electric,30.4,0,229.4,2025,Bommanahalli,58
43E,Tata Marcopolo,CNG,27.1,64.01,197,2025,Hebbal,69
96E,Switch EiV 12,Electric,38.5,0,176.9,2025,Electronic City,45
365B,Volvo 8400 B7RLE,Diesel,43.2,50.51,200.2,2025,Silk Board,76
60A,Tata Marcopolo,CNG,33.1,41.4,173.6,2025,Indiranagar,53
96E,Ashok Leyland Viking,Diesel,36,45.69,119.6,2025,Electronic City,54
12G,Eicher Skyline Pro,CNG,49.1,15.42,65.6,2025,BTM Layout,35
348C,Eicher Skyline Pro,CNG,35.2,65.37,213.1,2025,Marathahalli,49
279F,Volvo 8400 B7RLE,Diesel,31.3,28.4,94.4,2025,Peenya,70
290E,Tata Marcopolo,CNG,41.5,63.51,217.2,2025,Mysuru Road,57
365B,Volvo 8400 B7RLE,Diesel,43.4,81.07,270.1,2025,Silk Board,44
12G,Ashok Leyland Viking,Diesel,35.5,67.77,194.6,2025,BTM Layout,23
213K,Ashok Leyland Viking,Diesel,43.9,54.85,138.3,2025,Banerghatta,44
348C,Ashok Leyland Viking,Diesel,26.2,33.38,85.5,2025,Marathahalli,34
213K,Tata Marcopolo,CNG,42.6,66.88,248.2,2025,Banerghatta,19
V500C,Eicher Skyline Pro,CNG,37.3,21.97,81.5,2025,ITPL,65
12G,Ashok Leyland Viking,Diesel,35.8,31.67,98.1,2025,BTM Layout,41
290E,Ashok Leyland Viking,Diesel,40.9,76.13,195.5,2025,Mysuru Road,22
213K,Switch EiV 12,Electric,40.6,0,142.4,2025,Banerghatta,78
356C,Switch EiV 12,Electric,46.4,0,170.7,2025,Majestic,11
12G,Volvo 9400XL,Diesel,29.1,78.63,204.9,2025,BTM Layout,19
279F,Volvo 9400XL,Diesel,25.7,59.58,201.3,2025,Peenya,69
348C,Switch EiV 12,Electric,39.4,0,266.9,2025,Marathahalli,12
60A,Eicher Skyline Pro,CNG,41.1,39.43,145.4,2025,Indiranagar,57
290E,Tata Marcopolo,CNG,48.5,50.29,180,2025,Mysuru Road,18
210N,Eicher Skyline Pro,CNG,47.6,82.43,271.5,2025,Jayanagar,36
201R,Volvo 9400XL,Diesel,27.5,29.79,75.3,2025,Yelahanka,39
600A,Volvo 8400 B7RLE,Diesel,42.1,31,80.8,2025,Banashankari,48
600A,Volvo 9400XL,Diesel,46.1,51.36,130.2,2025,Banashankari,60
290E,Volvo 9400XL,Diesel,32,89.35,239.2,2025,Mysuru Road,49
213K,Volvo 9400XL,Diesel,40.7,55.89,213.3,2025,Banerghatta,19
77E,Eicher Skyline Pro,CNG,45.1,64.77,221.7,2025,KR Puram,15
V500C,Ashok Leyland Viking,Diesel,43.8,26.68,99,2025,ITPL,20
401A,Volvo 9400XL,Diesel,35.3,90.88,277.9,2025,RT Nagar,80
77E,Eicher Skyline Pro,CNG,33.5,52.5,230.8,2025,KR Puram,73
210N,Eicher Skyline Pro,CNG,35.7,60.32,248.9,2025,Jayanagar,71
V500C,Switch EiV 12,Electric,27.6,0,226,2025,ITPL,70
77E,Switch EiV 12,Electric,37.6,0,258.6,2025,KR Puram,59
60A,Eicher Skyline Pro,CNG,33,55.67,241.8,2025,Indiranagar,14
213K,Switch EiV 12,Electric,25.3,0,145.6,2025,Banerghatta,59
215K,Switch EiV 12,Electric,27.3,0,259.2,2025,Kengeri,54
401A,Switch EiV 12,Electric,48.8,0,130.2,2025,RT Nagar,28
279F,Switch EiV 12,Electric,39.3,0,269.1,2025,Peenya,20
252H,Switch EiV 12,Electric,36.2,0,199,2025,Bommanahalli,66
12G,Volvo 9400XL,Diesel,33.2,35.48,124.5,2025,BTM Layout,72
500D,Tata Marcopolo,CNG,44.8,53.89,225.5,2025,Whitefield,17
401A,Eicher Skyline Pro,CNG,37.4,25.95,80.1,2025,RT Nagar,24
201R,Eicher Skyline Pro,CNG,36,41.76,180.9,2025,Yelahanka,22
96E,Volvo 8400 B7RLE,Diesel,27.9,50.54,137.2,2025,Electronic City,39
365B,Tata Marcopolo,CNG,40.5,72.18,227.5,2025,Silk Board,75
290E,Volvo 8400 B7RLE,Diesel,42.5,30.09,78.5,2025,Mysuru Road,58
365B,Volvo 9400XL,Diesel,42.7,91.84,240.8,2025,Silk Board,47
401A,Volvo 9400XL,Diesel,49.7,25.71,78.7,2025,RT Nagar,60
201R,Tata Marcopolo,CNG,45.3,32.01,141.5,2025,Yelahanka,35
356C,Switch EiV 12,Electric,43.8,0,276.9,2025,Majestic,67
201R,Volvo 8400 B7RLE,Diesel,27.1,38.96,142.8,2025,Yelahanka,38
60A,Ashok Leyland Viking,Diesel,35.6,47.36,182.8,2025,Indiranagar,78
K1,Volvo 8400 B7RLE,Diesel,37.3,33.57,84.5,2025,Koramangala,49
60A,Volvo 8400 B7RLE,Diesel,26.4,60.9,163.1,2025,Indiranagar,63
356C,Tata Marcopolo,CNG,41.2,20.85,85.9,2025,Majestic,50
77E,Tata Marcopolo,CNG,49.1,52.86,188.3,2025,KR Puram,31
60A,Ashok Leyland Viking,Diesel,46.7,43.34,122.9,2025,Indiranagar,33
43E,Volvo 9400XL,Diesel,25.3,68.75,271.9,2025,Hebbal,77
210N,Switch EiV 12,Electric,47.3,0,69.5,2025,Jayanagar,39
356C,Switch EiV 12,Electric,49.8,0,176.1,2025,Majestic,11
210N,Eicher Skyline Pro,CNG,38.8,17.11,76.2,2025,Jayanagar,58
252H,Eicher Skyline Pro,CNG,40.7,43.3,175.1,2025,Bommanahalli,74
348C,Volvo 8400 B7RLE,Diesel,40.7,47.39,160,2025,Marathahalli,66
348C,Volvo 8400 B7RLE,Diesel,26.1,88.42,258.3,2025,Marathahalli,71
356C,Ashok Leyland Viking,Diesel,47.3,84.53,269.1,2025,Majestic,27
279F,Volvo 8400 B7RLE,Diesel,31.9,70.59,196.4,2025,Peenya,50
77E,Volvo 8400 B7RLE,Diesel,33.8,47.99,162,2025,KR Puram,16
60A,Switch EiV 12,Electric,49.4,0,77.1,2025,Indiranagar,56
77E,Ashok Leyland Viking,Diesel,42.5,83.83,277,2025,KR Puram,68
12G,Switch EiV 12,Electric,45.3,0,128.1,2025,BTM Layout,50
348C,Volvo 8400 B7RLE,Diesel,29.1,54.47,210.6,2025,Marathahalli,26
213K,Switch EiV 12,Electric,48.7,0,241,2025,Banerghatta,27
365B,Volvo 8400 B7RLE,Diesel,40.3,70.25,219.7,2025,Silk Board,20
215K,Tata Marcopolo,CNG,46.7,86.45,265.2,2025,Kengeri,38
201R,Volvo 8400 B7RLE,Diesel,34.4,17.71,65.8,2025,Yelahanka,20
279F,Volvo 9400XL,Diesel,28.8,81.74,277.2,2025,Peenya,64
96E,Volvo 9400XL,Diesel,49.2,38.21,143.8,2025,Electronic City,72
213K,Volvo 9400XL,Diesel,36.7,78.28,244.4,2025,Banerghatta,18
500D,Ashok Leyland Viking,Diesel,26.4,31.63,120.1,2025,Whitefield,33
348C,Tata Marcopolo,CNG,50,53.13,238.8,2025,Marathahalli,77
213K,Switch EiV 12,Electric,44.2,0,182.2,2025,Banerghatta,51
365B,Eicher Skyline Pro,CNG,46.2,79.44,267.8,2025,Silk Board,18
290E,Switch EiV 12,Electric,28.2,0,159.1,2025,Mysuru Road,64
348C,Volvo 9400XL,Diesel,40.2,94.94,269.9,2025,Marathahalli,68
213K,Volvo 9400XL,Diesel,40.5,68.42,207.8,2025,Banerghatta,25
213K,Ashok Leyland Viking,Diesel,41.8,25.91,85,2025,Banerghatta,13
77E,Tata Marcopolo,CNG,38,53.74,229.9,2025,KR Puram,53
43E,Ashok Leyland Viking,Diesel,39,47.55,181.4,2025,Hebbal,26
600A,Volvo 9400XL,Diesel,28.4,58.51,148.8,2025,Banashankari,80
600A,Volvo 8400 B7RLE,Diesel,40.5,63.58,226.1,2025,Banashankari,46
V500C,Switch EiV 12,Electric,28.4,0,106.9,2025,ITPL,17
210N,Switch EiV 12,Electric,33.8,0,63.2,2025,Jayanagar,67
365B,Ashok Leyland Viking,Diesel,34.8,60.14,189.8,2025,Silk Board,73
210N,Volvo 9400XL,Diesel,33.7,79.15,258.9,2025,Jayanagar,50
60A,Volvo 9400XL,Diesel,34.9,67.69,232.4,2025,Indiranagar,52
V500C,Volvo 8400 B7RLE,Diesel,48.7,91.78,249.7,2025,ITPL,40
252H,Switch EiV 12,Electric,37.3,0,263.8,2025,Bommanahalli,48
77E,Eicher Skyline Pro,CNG,36.5,26.13,116.8,2025,KR Puram,24
500D,Tata Marcopolo,CNG,33.2,42.63,168.4,2025,Whitefield,27
365B,Volvo 8400 B7RLE,Diesel,26.9,41.88,112.8,2025,Silk Board,45
600A,Volvo 9400XL,Diesel,28.8,32.57,88.2,2025,Banashankari,73
K1,Ashok Leyland Viking,Diesel,29.5,66.59,201,2025,Koramangala,66
43E,Tata Marcopolo,CNG,36.8,64.3,257.3,2025,Hebbal,40
401A,Volvo 9400XL,Diesel,29.8,38.22,97.9,2025,RT Nagar,32
77E,Eicher Skyline Pro,CNG,32,29.77,97.2,2025,KR Puram,31
365B,Tata Marcopolo,CNG,28,21.54,79.5,2025,Silk Board,28
252H,Volvo 8400 B7RLE,Diesel,34.1,32.38,105.4,2025,Bommanahalli,78
60A,Volvo 8400 B7RLE,Diesel,26,57.28,211.9,2025,Indiranagar,27
500D,Ashok Leyland Viking,Diesel,27,51.99,198.1,2025,Whitefield,78
600A,Eicher Skyline Pro,CNG,26.5,76.89,262.6,2025,Banashankari,56
210N,Eicher Skyline Pro,CNG,43.7,72.45,237.4,2025,Jayanagar,29
356C,Eicher Skyline Pro,CNG,34.3,28.47,106.1,2025,Majestic,26
77E,Ashok Leyland Viking,Diesel,34.2,61.37,196,2025,KR Puram,62
43E,Eicher Skyline Pro,CNG,25.9,66.42,224.4,2025,Hebbal,77
77E,Volvo 9400XL,Diesel,47.4,66.38,216.9,2025,KR Puram,20
600A,Ashok Leyland Viking,Diesel,27.7,55.85,177.1,2025,Banashankari,49
279F,Volvo 9400XL,Diesel,31.1,61.02,177.2,2025,Peenya,23
500D,Ashok Leyland Viking,Diesel,25.5,47.94,143,2025,Whitefield,73
290E,Switch EiV 12,Electric,33.2,0,106.5,2025,Mysuru Road,76
43E,Ashok Leyland Viking,Diesel,47.3,25.45,86.3,2025,Hebbal,61
K1,Volvo 8400 B7RLE,Diesel,44.7,64.48,209.4,2025,Koramangala,76
77E,Switch EiV 12,Electric,38.4,0,79.1,2025,KR Puram,64
12G,Volvo 9400XL,Diesel,43.6,60.08,189.1,2025,BTM Layout,37
348C,Tata Marcopolo,CNG,32.1,24.85,88.1,2025,Marathahalli,66
K1,Ashok Leyland Viking,Diesel,39.3,66.61,202.1,2025,Koramangala,61
60A,Eicher Skyline Pro,CNG,40.1,82.54,277,2025,Indiranagar,60
252H,Switch EiV 12,Electric,28.8,0,82.4,2025,Bommanahalli,37
12G,Tata Marcopolo,CNG,29,34.79,114.1,2025,BTM Layout,14
356C,Ashok Leyland Viking,Diesel,29.3,31.91,122.7,2025,Majestic,40
500D,Eicher Skyline Pro,CNG,38.1,21.49,77.7,2025,Whitefield,50
356C,Volvo 9400XL,Diesel,27.8,89.16,276.1,2025,Majestic,17
365B,Ashok Leyland Viking,Diesel,46.6,73.36,273.3,2025,Silk Board,79
279F,Tata Marcopolo,CNG,29.3,29.15,116.7,2025,Peenya,19
213K,Eicher Skyline Pro,CNG,38.9,68.57,264.5,2025,Banerghatta,27
201R,Switch EiV 12,Electric,44.2,0,121.6,2025,Yelahanka,46
201R,Tata Marcopolo,CNG,33.1,27.79,101.1,2025,Yelahanka,37
279F,Switch EiV 12,Electric,31.1,0,171.7,2025,Peenya,44
213K,Switch EiV 12,Electric,40.3,0,85.3,2025,Banerghatta,37
252H,Switch EiV 12,Electric,39.5,0,123.5,2025,Bommanahalli,38
365B,Switch EiV 12,Electric,37,0,94,2025,Silk Board,16
60A,Volvo 9400XL,Diesel,26.3,58.97,177.2,2025,Indiranagar,31
290E,Eicher Skyline Pro,CNG,26.6,19.98,89.6,2025,Mysuru Road,39
290E,Switch EiV 12,Electric,45.2,0,130.9,2025,Mysuru Road,72
348C,Tata Marcopolo,CNG,42,28.02,116,2025,Marathahalli,50
365B,Ashok Leyland Viking,Diesel,36.8,61.26,191,2025,Silk Board,21
279F,Switch EiV 12,Electric,48.2,0,136.8,2025,Peenya,52
12G,Volvo 8400 B7RLE,Diesel,49.1,90.34,242.7,2025,BTM Layout,71
K1,Tata Marcopolo,CNG,48.5,67.48,220.8,2025,Koramangala,79
290E,Volvo 8400 B7RLE,Diesel,43.5,22.19,74.6,2025,Mysuru Road,66
348C,Ashok Leyland Viking,Diesel,28.5,66.4,245.2,2025,Marathahalli,73
V500C,Volvo 8400 B7RLE,Diesel,29.1,38.01,104.4,2025,ITPL,57
252H,Volvo 9400XL,Diesel,41.6,72.82,239.2,2025,Bommanahalli,27
12G,Tata Marcopolo,CNG,46.9,38.71,138.9,2025,BTM Layout,63
401A,Switch EiV 12,Electric,36,0,239.7,2025,RT Nagar,34
77E,Volvo 8400 B7RLE,Diesel,36.6,48.41,142.9,2025,KR Puram,57
210N,Volvo 9400XL,Diesel,37.6,78.82,224.5,2025,Jayanagar,13
210N,Tata Marcopolo,CNG,34.6,67.6,257.9,2025,Jayanagar,48
43E,Switch EiV 12,Electric,40.6,0,259.4,2025,Hebbal,71
96E,Ashok Leyland Viking,Diesel,48.5,24.9,85.7,2025,Electronic City,69
365B,Eicher Skyline Pro,CNG,28.5,31.9,133.7,2025,Silk Board,58
V500C,Ashok Leyland Viking,Diesel,38.3,51.13,196.4,2025,ITPL,14
348C,Tata Marcopolo,CNG,28.8,67.34,233.5,2025,Marathahalli,21
K1,Ashok Leyland Viking,Diesel,43.6,44.98,114.7,2025,Koramangala,26
K1,Volvo 8400 B7RLE,Diesel,44.1,48.6,185.4,2025,Koramangala,14
96E,Eicher Skyline Pro,CNG,45.5,42.74,135.3,2025,Electronic City,69
210N,Volvo 8400 B7RLE,Diesel,28.2,79.52,246.2,2025,Jayanagar,31
356C,Eicher Skyline Pro,CNG,28.7,70.4,235.4,2025,Majestic,15
600A,Ashok Leyland Viking,Diesel,43,63.23,218.9,2025,Banashankari,71
60A,Tata Marcopolo,CNG,38.6,62.97,212.7,2025,Indiranagar,29
77E,Switch EiV 12,Electric,29.5,0,136.1,2025,KR Puram,77
356C,Switch EiV 12,Electric,39.6,0,259.9,2025,Majestic,36
252H,Ashok Leyland Viking,Diesel,36.6,37.8,148.2,2025,Bommanahalli,65
600A,Tata Marcopolo,CNG,39.7,24.93,93.7,2025,Banashankari,45
77E,Switch EiV 12,Electric,25.5,0,194.5,2025,KR Puram,71
96E,Volvo 9400XL,Diesel,48.3,75.25,251.9,2025,Electronic City,17
43E,Volvo 9400XL,Diesel,48.1,59.9,213.3,2025,Hebbal,57
77E,Volvo 9400XL,Diesel,39.4,27.45,93.6,2025,KR Puram,64
215K,Volvo 9400XL,Diesel,43.4,39.29,153.3,2025,Kengeri,63
252H,Ashok Leyland Viking,Diesel,36.3,98.73,263.6,2025,Bommanahalli,20
210N,Volvo 9400XL,Diesel,46,102.98,276.7,2025,Jayanagar,17
500D,Switch EiV 12,Electric,46.7,0,262.6,2025,Whitefield,24
201R,Volvo 9400XL,Diesel,39.8,56.19,174.1,2025,Yelahanka,37
215K,Ashok Leyland Viking,Diesel,33.4,19.44,72,2025,Kengeri,49
60A,Volvo 9400XL,Diesel,33.3,19.69,61,2025,Indiranagar,61
12G,Ashok Leyland Viking,Diesel,48,59.02,178.2,2025,BTM Layout,21
600A,Volvo 8400 B7RLE,Diesel,43.4,42.88,136.3,2025,Banashankari,45
401A,Volvo 8400 B7RLE,Diesel,36.3,40.35,109.4,2025,RT Nagar,24
215K,Tata Marcopolo,CNG,37.5,27.23,98.8,2025,Kengeri,27
401A,Tata Marcopolo,CNG,34.1,67.5,261.3,2025,RT Nagar,25
60A,Volvo 9400XL,Diesel,25.3,56.96,199.1,2025,Indiranagar,69
252H,Eicher Skyline Pro,CNG,49,30.78,99.2,2025,Bommanahalli,74
77E,Volvo 8400 B7RLE,Diesel,27.1,37.84,151.2,2025,KR Puram,48
500D,Ashok Leyland Viking,Diesel,39.9,65.56,170.5,2025,Whitefield,78
96E,Ashok Leyland Viking,Diesel,30.2,58.49,225,2025,Electronic City,28
290E,Eicher Skyline Pro,CNG,29.8,34.4,105.1,2025,Mysuru Road,78
252H,Tata Marcopolo,CNG,39.1,52.9,163.9,2025,Bommanahalli,37
43E,Volvo 9400XL,Diesel,36.3,70.16,230.6,2025,Hebbal,20
96E,Eicher Skyline Pro,CNG,35,40.89,157,2025,Electronic City,35
279F,Switch EiV 12,Electric,29.5,0,94.2,2025,Peenya,58
279F,Volvo 8400 B7RLE,Diesel,48.7,81.57,249.6,2025,Peenya,77
77E,Ashok Leyland Viking,Diesel,41.1,38.42,119.6,2025,KR Puram,47
213K,Volvo 9400XL,Diesel,28.9,18.35,65.6,2025,Banerghatta,50
365B,Volvo 8400 B7RLE,Diesel,25.7,72.36,205,2025,Silk Board,33
279F,Tata Marcopolo,CNG,41.8,36.57,110.8,2025,Peenya,38
213K,Eicher Skyline Pro,CNG,45,25.37,82.9,2025,Banerghatta,60
600A,Volvo 9400XL,Diesel,31,76.85,203.6,2025,Banashankari,14
12G,Tata Marcopolo,CNG,43.1,26.5,113.5,2025,BTM Layout,71
279F,Volvo 9400XL,Diesel,34.9,69.27,242.6,2025,Peenya,56
290E,Ashok Leyland Viking,Diesel,32.3,27.34,105.1,2025,Mysuru Road,60
356C,Switch EiV 12,Electric,27.1,0,62.9,2025,Majestic,37
213K,Tata Marcopolo,CNG,25.7,32.3,105.7,2025,Banerghatta,14
V500C,Tata Marcopolo,CNG,35.5,43.4,188.3,2025,ITPL,26
77E,Volvo 8400 B7RLE,Diesel,33.5,83,239.8,2025,KR Puram,17
77E,Ashok Leyland Viking,Diesel,39.8,49.45,143.5,2025,KR Puram,40
96E,Ashok Leyland Viking,Diesel,35.2,59.28,197.3,2025,Electronic City,37
12G,Volvo 8400 B7RLE,Diesel,32.4,39.74,155.9,2025,BTM Layout,66
96E,Switch EiV 12,Electric,28.5,0,228,2025,Electronic City,22
60A,Volvo 8400 B7RLE,Diesel,37.2,65.36,251.1,2025,Indiranagar,19
600A,Ashok Leyland Viking,Diesel,35.6,93.14,236,2025,Banashankari,67
215K,Volvo 9400XL,Diesel,38.5,34.52,119.1,2025,Kengeri,34
356C,Eicher Skyline Pro,CNG,28.5,27.44,116.7,2025,Majestic,24
290E,Volvo 9400XL,Diesel,38.1,100.31,276.6,2025,Mysuru Road,19
V500C,Eicher Skyline Pro,CNG,25.5,27.43,119.9,2025,ITPL,32
500D,Ashok Leyland Viking,Diesel,39.4,29.51,85.9,2025,Whitefield,32
60A,Eicher Skyline Pro,CNG,41.3,42.85,181.9,2025,Indiranagar,33
600A,Tata Marcopolo,CNG,25.3,32.88,105.4,2025,Banashankari,44
V500C,Volvo 8400 B7RLE,Diesel,46.8,75.97,258,2025,ITPL,23
401A,Ashok Leyland Viking,Diesel,41.6,69.52,192.1,2025,RT Nagar,13
401A,Eicher Skyline Pro,CNG,35.5,73.07,261.2,2025,RT Nagar,22
348C,Tata Marcopolo,CNG,26.2,53.61,174.2,2025,Marathahalli,42
401A,Eicher Skyline Pro,CNG,27.1,56.96,222.4,2025,RT Nagar,49
348C,Volvo 8400 B7RLE,Diesel,34.7,38.87,114,2025,Marathahalli,49
V500C,Volvo 9400XL,Diesel,43,46.92,138.2,2025,ITPL,78
290E,Tata Marcopolo,CNG,36.9,46.2,184.6,2025,Mysuru Road,31
348C,Switch EiV 12,Electric,43.3,0,266.1,2025,Marathahalli,23
252H,Switch EiV 12,Electric,25.8,0,107.3,2025,Bommanahalli,19
60A,Ashok Leyland Viking,Diesel,39.9,45.67,117.7,2025,Indiranagar,37
401A,Ashok Leyland Viking,Diesel,39.9,56.37,169.2,2025,RT Nagar,26
401A,Switch EiV 12,Electric,27.7,0,229.6,2025,RT Nagar,59
201R,Volvo 9400XL,Diesel,43.2,23.59,76.5,2025,Yelahanka,46
600A,Volvo 9400XL,Diesel,35.9,73.67,211.4,2025,Banashankari,42
365B,Volvo 9400XL,Diesel,45,67.81,240.2,2025,Silk Board,68
12G,Ashok Leyland Viking,Diesel,39.8,39.42,119.9,2025,BTM Layout,75
210N,Volvo 9400XL,Diesel,47.9,29.61,80.1,2025,Jayanagar,56
252H,Volvo 8400 B7RLE,Diesel,36.2,96.88,269.1,2025,Bommanahalli,33
210N,Switch EiV 12,Electric,46.8,0,179.2,2025,Jayanagar,25
356C,Volvo 8400 B7RLE,Diesel,45.2,63.39,221.1,2025,Majestic,38
500D,Tata Marcopolo,CNG,46.2,62.91,212.3,2025,Whitefield,35
365B,Switch EiV 12,Electric,30.5,0,167.7,2025,Silk Board,21
96E,Switch EiV 12,Electric,48.6,0,277.3,2025,Electronic City,34
213K,Ashok Leyland Viking,Diesel,42.6,17.67,68.7,2025,Banerghatta,65
279F,Switch EiV 12,Electric,39.2,0,99.7,2025,Peenya,20
210N,Switch EiV 12,Electric,25.8,0,261.4,2025,Jayanagar,52
K1,Eicher Skyline Pro,CNG,32.4,48.65,213.4,2025,Koramangala,69
215K,Eicher Skyline Pro,CNG,48.6,73.72,273.6,2025,Kengeri,65
12G,Volvo 8400 B7RLE,Diesel,46.1,83.8,249.6,2025,BTM Layout,75
12G,Eicher Skyline Pro,CNG,25.9,62.24,242.4,2025,BTM Layout,23
12G,Eicher Skyline Pro,CNG,28,35.5,110.6,2025,BTM Layout,43
60A,Eicher Skyline Pro,CNG,33.5,52.16,213.2,2025,Indiranagar,50
252H,Tata Marcopolo,CNG,32.9,19.53,74.4,2025,Bommanahalli,55
356C,Ashok Leyland Viking,Diesel,33,68.05,234,2025,Majestic,63
96E,Volvo 8400 B7RLE,Diesel,40.4,89.46,254.9,2025,Electronic City,63
356C,Volvo 9400XL,Diesel,46.8,25.83,65.4,2025,Majestic,30
V500C,Volvo 9400XL,Diesel,38.2,64.58,252.4,2025,ITPL,18
252H,Eicher Skyline Pro,CNG,49.9,66.85,235.7,2025,Bommanahalli,28
252H,Volvo 9400XL,Diesel,35,71.06,228.8,2025,Bommanahalli,79
213K,Tata Marcopolo,CNG,46.8,44.26,198.1,2025,Banerghatta,11
213K,Ashok Leyland Viking,Diesel,35.4,73.12,229,2025,Banerghatta,47
348C,Eicher Skyline Pro,CNG,31,70.22,222.3,2025,Marathahalli,57
252H,Switch EiV 12,Electric,32.2,0,138,2025,Bommanahalli,70
252H,Ashok Leyland Viking,Diesel,30.8,48.85,125.2,2025,Bommanahalli,51
600A,Tata Marcopolo,CNG,49.7,17.55,63.9,2025,Banashankari,47
279F,Volvo 8400 B7RLE,Diesel,42,51.14,144.6,2025,Peenya,51
201R,Eicher Skyline Pro,CNG,44.7,85.83,269,2025,Yelahanka,37
201R,Eicher Skyline Pro,CNG,47,34.39,151.9,2025,Yelahanka,46
V500C,Tata Marcopolo,CNG,40.3,50.08,162.8,2025,ITPL,65
290E,Ashok Leyland Viking,Diesel,30.8,71.05,278.1,2025,Mysuru Road,56
600A,Volvo 9400XL,Diesel,40.2,62.07,202.9,2025,Banashankari,17
12G,Ashok Leyland Viking,Diesel,29.4,39.11,110.7,2025,BTM Layout,23
290E,Ashok Leyland Viking,Diesel,44.5,33.39,101,2025,Mysuru Road,59
43E,Ashok Leyland Viking,Diesel,49.2,19,72.7,2025,Hebbal,11
401A,Tata Marcopolo,CNG,49.9,80.99,264.1,2025,RT Nagar,28
348C,Ashok Leyland Viking,Diesel,44,41.53,147.2,2025,Marathahalli,45
201R,Volvo 9400XL,Diesel,45.4,33.1,93.9,2025,Yelahanka,24
215K,Ashok Leyland Viking,Diesel,38.4,32.22,109.2,2025,Kengeri,49
201R,Volvo 9400XL,Diesel,27.3,49.16,187.6,2025,Yelahanka,78
290E,Ashok Leyland Viking,Diesel,28.2,30.89,118.4,2025,Mysuru Road,65
279F,Eicher Skyline Pro,CNG,46.6,64.12,270.2,2025,Peenya,21
60A,Volvo 8400 B7RLE,Diesel,38.8,77.63,204.2,2025,Indiranagar,48
215K,Switch EiV 12,Electric,34.3,0,149.9,2025,Kengeri,67
600A,Switch EiV 12,Electric,43.1,0,117.1,2025,Banashankari,29
279F,Volvo 8400 B7RLE,Diesel,27,59.75,169.1,2025,Peenya,51
V500C,Volvo 9400XL,Diesel,26.9,55.68,210.3,2025,ITPL,13
356C,Switch EiV 12,Electric,37,0,168.9,2025,Majestic,76
96E,Volvo 9400XL,Diesel,45.6,62.98,190.3,2025,Electronic City,50
213K,Ashok Leyland Viking,Diesel,39.1,72.12,209.2,2025,Banerghatta,33
43E,Volvo 9400XL,Diesel,44.9,72.63,253.3,2025,Hebbal,33
500D,Tata Marcopolo,CNG,46.7,60.82,247.1,2025,Whitefield,60
96E,Eicher Skyline Pro,CNG,42.4,60.72,244.1,2025,Electronic City,10
348C,Eicher Skyline Pro,CNG,43.8,60.56,196.1,2025,Marathahalli,50
401A,Tata Marcopolo,CNG,46.8,83.38,253.8,2025,RT Nagar,26
201R,Tata Marcopolo,CNG,28.2,69,241.7,2025,Yelahanka,17
401A,Switch EiV 12,Electric,29,0,223.6,2025,RT Nagar,22
201R,Switch EiV 12,Electric,45.8,0,240,2025,Yelahanka,18
290E,Volvo 9400XL,Diesel,25.2,58.56,171.6,2025,Mysuru Road,54
252H,Tata Marcopolo,CNG,49.5,49.57,195.7,2025,Bommanahalli,72
213K,Switch EiV 12,Electric,40.9,0,117.2,2025,Banerghatta,46
K1,Ashok Leyland Viking,Diesel,44.5,67.21,178.8,2025,Koramangala,39
600A,Ashok Leyland Viking,Diesel,38.5,57.65,227.4,2025,Banashankari,49
290E,Switch EiV 12,Electric,40.8,0,135.2,2025,Mysuru Road,56
60A,Eicher Skyline Pro,CNG,27.6,60.15,265,2025,Indiranagar,37
60A,Ashok Leyland Viking,Diesel,26.7,71.59,211.3,2025,Indiranagar,57
213K,Tata Marcopolo,CNG,26.7,55.72,215.8,2025,Banerghatta,47
201R,Switch EiV 12,Electric,40.5,0,136.1,2025,Yelahanka,19
77E,Volvo 8400 B7RLE,Diesel,46.8,17.7,70.1,2025,KR Puram,12
290E,Ashok Leyland Viking,Diesel,43.7,101.37,273.2,2025,Mysuru Road,15
201R,Eicher Skyline Pro,CNG,25.6,74.77,226.8,2025,Yelahanka,24
279F,Ashok Leyland Viking,Diesel,37.2,35.89,131.2,2025,Peenya,54
348C,Switch EiV 12,Electric,36.1,0,210.3,2025,Marathahalli,71
96E,Volvo 8400 B7RLE,Diesel,49.9,38.29,120.2,2025,Electronic City,67
356C,Volvo 9400XL,Diesel,29.1,43.14,159.3,2025,Majestic,16
12G,Switch EiV 12,Electric,30.5,0,212.6,2025,BTM Layout,51
213K,Volvo 9400XL,Diesel,42,22.43,78.1,2025,Banerghatta,54
365B,Switch EiV 12,Electric,48.8,0,120.1,2025,Silk Board,30
600A,Tata Marcopolo,CNG,35.8,21.11,93.2,2025,Banashankari,65
96E,Switch EiV 12,Electric,41,0,152.3,2025,Electronic City,32
290E,Volvo 9400XL,Diesel,31.9,37.1,147.5,2025,Mysuru Road,12
V500C,Switch EiV 12,Electric,47.4,0,150.1,2025,ITPL,29
43E,Switch EiV 12,Electric,30.3,0,110.6,2025,Hebbal,56
V500C,Ashok Leyland Viking,Diesel,41.3,21.88,66.8,2025,ITPL,21
96E,Ashok Leyland Viking,Diesel,36.8,63.31,250.2,2025,Electronic City,67
348C,Switch EiV 12,Electric,46.7,0,100.8,2025,Marathahalli,78
43E,Tata Marcopolo,CNG,44.3,54.11,230.9,2025,Hebbal,27
600A,Volvo 9400XL,Diesel,40.7,84.32,227.4,2025,Banashankari,42
365B,Ashok Leyland Viking,Diesel,48,19.62,67.2,2025,Silk Board,45
348C,Ashok Leyland Viking,Diesel,37,87.89,235.2,2025,Marathahalli,61
401A,Ashok Leyland Viking,Diesel,42.1,27.82,87.5,2025,RT Nagar,66
365B,Volvo 8400 B7RLE,Diesel,37.3,40.1,104.1,2025,Silk Board,12
500D,Ashok Leyland Viking,Diesel,31.7,50.86,188,2025,Whitefield,31
290E,Switch EiV 12,Electric,36.4,0,128.3,2025,Mysuru Road,77
500D,Eicher Skyline Pro,CNG,26.8,17.44,62.6,2025,Whitefield,15
348C,Eicher Skyline Pro,CNG,40,48.17,165.6,2025,Marathahalli,26
V500C,Tata Marcopolo,CNG,46.5,51.06,212.9,2025,ITPL,57
600A,Eicher Skyline Pro,CNG,37,21.76,68.7,2025,Banashankari,22
215K,Eicher Skyline Pro,CNG,49.7,35.22,113.2,2025,Kengeri,40
V500C,Switch EiV 12,Electric,40.5,0,169.8,2025,ITPL,21
356C,Volvo 9400XL,Diesel,39,85.3,214.5,2025,Majestic,66
348C,Tata Marcopolo,CNG,37.9,42.08,131.8,2025,Marathahalli,55
401A,Volvo 8400 B7RLE,Diesel,25.8,52.37,137.1,2025,RT Nagar,15
210N,Eicher Skyline Pro,CNG,28.3,38.25,147.3,2025,Jayanagar,53
356C,Volvo 8400 B7RLE,Diesel,45,75.6,211.7,2025,Majestic,58
600A,Eicher Skyline Pro,CNG,27.6,24.48,96.8,2025,Banashankari,59
290E,Ashok Leyland Viking,Diesel,25.8,55.17,215.4,2025,Mysuru Road,48
43E,Volvo 8400 B7RLE,Diesel,38.5,20.04,71.4,2025,Hebbal,25
213K,Volvo 9400XL,Diesel,42.9,67.95,251.6,2025,Banerghatta,23
77E,Ashok Leyland Viking,Diesel,45.4,51.41,134.7,2025,KR Puram,80
12G,Volvo 9400XL,Diesel,38.7,68.95,256.9,2025,BTM Layout,17
290E,Volvo 9400XL,Diesel,41.1,48.49,159.5,2025,Mysuru Road,77
96E,Volvo 9400XL,Diesel,27,85.27,220.9,2025,Electronic City,51
96E,Tata Marcopolo,CNG,29,26.56,114.4,2025,Electronic City,78
201R,Tata Marcopolo,CNG,49.4,30.87,108.2,2025,Yelahanka,79
348C,Volvo 9400XL,Diesel,44.7,28.7,100.1,2025,Marathahalli,20
356C,Eicher Skyline Pro,CNG,38.9,41.58,169.6,2025,Majestic,63
12G,Ashok Leyland Viking,Diesel,49.9,27.84,110.3,2025,BTM Layout,79
K1,Switch EiV 12,Electric,30,0,203.1,2025,Koramangala,22
V500C,Ashok Leyland Viking,Diesel,26.8,82.37,209.7,2025,ITPL,14
500D,Volvo 9400XL,Diesel,36.6,30.69,116.7,2025,Whitefield,39
348C,Volvo 8400 B7RLE,Diesel,43.6,70.1,220,2025,Marathahalli,53
V500C,Eicher Skyline Pro,CNG,34.3,30.37,136.1,2025,ITPL,37
600A,Tata Marcopolo,CNG,46.7,17.79,68.8,2025,Banashankari,33
96E,Volvo 8400 B7RLE,Diesel,43.1,48.45,156.5,2025,Electronic City,70
290E,Ashok Leyland Viking,Diesel,47.5,80.51,252.2,2025,Mysuru Road,53
348C,Tata Marcopolo,CNG,39.8,27.68,120.9,2025,Marathahalli,66
600A,Switch EiV 12,Electric,40.6,0,106.3,2025,Banashankari,14
43E,Volvo 9400XL,Diesel,43.3,73.74,198.9,2025,Hebbal,33
401A,Tata Marcopolo,CNG,47.7,66.52,217.5,2025,RT Nagar,65
12G,Volvo 8400 B7RLE,Diesel,49.3,40.52,112.3,2025,BTM Layout,58
290E,Switch EiV 12,Electric,37.3,0,248,2025,Mysuru Road,39
96E,Volvo 8400 B7RLE,Diesel,46.8,36.11,114.4,2025,Electronic City,45
V500C,Tata Marcopolo,CNG,34,44.56,173.3,2025,ITPL,40
356C,Volvo 9400XL,Diesel,34.8,24.28,96,2025,Majestic,56
96E,Eicher Skyline Pro,CNG,41.4,33.49,116.8,2025,Electronic City,29
210N,Volvo 8400 B7RLE,Diesel,28.3,58.21,230.2,2025,Jayanagar,80
60A,Eicher Skyline Pro,CNG,30.9,51.38,159.8,2025,Indiranagar,76
365B,Tata Marcopolo,CNG,38,27.76,97.3,2025,Silk Board,79
96E,Tata Marcopolo,CNG,35.8,71.86,242.4,2025,Electronic City,78
252H,Volvo 8400 B7RLE,Diesel,42.7,71.19,195.8,2025,Bommanahalli,12
V500C,Ashok Leyland Viking,Diesel,25.9,26.88,96.9,2025,ITPL,19
401A,Volvo 9400XL,Diesel,36.9,54.7,206,2025,RT Nagar,65
252H,Tata Marcopolo,CNG,39.6,55.13,237.2,2025,Bommanahalli,54
252H,Switch EiV 12,Electric,27.8,0,105.3,2025,Bommanahalli,65
279F,Switch EiV 12,Electric,26.4,0,119.3,2025,Peenya,16
252H,Switch EiV 12,Electric,48.4,0,176.9,2025,Bommanahalli,30
500D,Ashok Leyland Viking,Diesel,28.1,21.62,68.7,2025,Whitefield,67
96E,Volvo 8400 B7RLE,Diesel,32.9,81.42,265.5,2025,Electronic City,23
348C,Volvo 9400XL,Diesel,28.7,17.36,69.1,2025,Marathahalli,24
201R,Tata Marcopolo,CNG,25.1,61.5,272.3,2025,Yelahanka,10
365B,Volvo 8400 B7RLE,Diesel,46.7,63.04,200.6,2025,Silk Board,54
401A,Volvo 8400 B7RLE,Diesel,37.2,49.54,173.4,2025,RT Nagar,63
500D,Ashok Leyland Viking,Diesel,25.7,30.62,90.7,2025,Whitefield,61
V500C,Eicher Skyline Pro,CNG,30,53.61,215,2025,ITPL,44
V500C,Ashok Leyland Viking,Diesel,27.3,77.92,273.4,2025,ITPL,34
356C,Volvo 8400 B7RLE,Diesel,46.7,56.98,157.6,2025,Majestic,20
43E,Eicher Skyline Pro,CNG,46,48.09,212.4,2025,Hebbal,31
215K,Ashok Leyland Viking,Diesel,37.4,61.37,210.3,2025,Kengeri,75
279F,Ashok Leyland Viking,Diesel,39.3,98.68,251.2,2025,Peenya,77
60A,Ashok Leyland Viking,Diesel,42.2,75.34,264.8,2025,Indiranagar,35
210N,Tata Marcopolo,CNG,41.5,29.91,107.4,2025,Jayanagar,37
77E,Eicher Skyline Pro,CNG,27.7,50.99,203.3,2025,KR Puram,12
V500C,Switch EiV 12,Electric,26.2,0,279.9,2025,ITPL,59
365B,Tata Marcopolo,CNG,35.2,63.86,275,2025,Silk Board,14
60A,Volvo 8400 B7RLE,Diesel,39.2,64.34,232.1,2025,Indiranagar,29
77E,Volvo 8400 B7RLE,Diesel,35.1,84.7,253.3,2025,KR Puram,20
V500C,Eicher Skyline Pro,CNG,45.2,49.93,206.9,2025,ITPL,65
290E,Tata Marcopolo,CNG,35.9,55.72,235.5,2025,Mysuru Road,48
K1,Eicher Skyline Pro,CNG,38.6,28.72,86.4,2025,Koramangala,54
96E,Volvo 8400 B7RLE,Diesel,34.2,42.47,131.4,2025,Electronic City,51
290E,Eicher Skyline Pro,CNG,34.7,57.99,213,2025,Mysuru Road,78
V500C,Volvo 9400XL,Diesel,34.3,39.53,112.3,2025,ITPL,38
201R,Volvo 9400XL,Diesel,40.1,21.73,76.1,2025,Yelahanka,54
252H,Tata Marcopolo,CNG,36.6,54.99,196.3,2025,Bommanahalli,67
356C,Eicher Skyline Pro,CNG,38,67.2,249.9,2025,Majestic,34
500D,Tata Marcopolo,CNG,33.5,18.37,65.6,2025,Whitefield,47
210N,Eicher Skyline Pro,CNG,39.5,38.86,147.7,2025,Jayanagar,52
252H,Tata Marcopolo,CNG,44.1,45.91,193.7,2025,Bommanahalli,41
600A,Eicher Skyline Pro,CNG,48.9,72.01,218,2025,Banashankari,17
600A,Eicher Skyline Pro,CNG,25.2,25.96,103.1,2025,Banashankari,31
43E,Switch EiV 12,Electric,31.1,0,257.6,2025,Hebbal,48
210N,Ashok Leyland Viking,Diesel,26.5,67.64,263.9,2025,Jayanagar,25
348C,Volvo 9400XL,Diesel,27.5,42.55,137.4,2025,Marathahalli,69
348C,Eicher Skyline Pro,CNG,32.1,33.66,116.5,2025,Marathahalli,80
201R,Volvo 8400 B7RLE,Diesel,38.5,79.78,236.7,2025,Yelahanka,17
365B,Switch EiV 12,Electric,42.9,0,194.3,2025,Silk Board,50
290E,Volvo 9400XL,Diesel,35.3,44.73,120,2025,Mysuru Road,60
77E,Volvo 8400 B7RLE,Diesel,42,36.04,99.9,2025,KR Puram,42
215K,Tata Marcopolo,CNG,42.7,55.53,175.5,2025,Kengeri,11
348C,Volvo 8400 B7RLE,Diesel,31.4,46.85,184.8,2025,Marathahalli,22
V500C,Eicher Skyline Pro,CNG,45.1,43.5,166.4,2025,ITPL,42
279F,Ashok Leyland Viking,Diesel,40.8,17.72,69.6,2025,Peenya,44
96E,Tata Marcopolo,CNG,45.5,44.47,192.4,2025,Electronic City,46
401A,Tata Marcopolo,CNG,30.3,28.14,110.2,2025,RT Nagar,66
290E,Volvo 8400 B7RLE,Diesel,46,39.06,150.4,2025,Mysuru Road,36
60A,Ashok Leyland Viking,Diesel,30.9,37.54,137.8,2025,Indiranagar,35
365B,Volvo 8400 B7RLE,Diesel,45.6,38.43,120.5,2025,Silk Board,32
77E,Volvo 8400 B7RLE,Diesel,27.4,60.22,206.9,2025,KR Puram,21
60A,Volvo 9400XL,Diesel,39.7,57.92,159.4,2025,Indiranagar,67
60A,Ashok Leyland Viking,Diesel,46.6,78.62,222.1,2025,Indiranagar,52
365B,Eicher Skyline Pro,CNG,25.6,20.46,81.1,2025,Silk Board,31
252H,Volvo 9400XL,Diesel,38.7,67.98,193.6,2025,Bommanahalli,30
279F,Ashok Leyland Viking,Diesel,39.9,44.99,146,2025,Peenya,70
356C,Volvo 8400 B7RLE,Diesel,28.4,78.27,277.3,2025,Majestic,42
77E,Eicher Skyline Pro,CNG,35.7,36.55,149,2025,KR Puram,27
600A,Ashok Leyland Viking,Diesel,49.8,78.85,212.3,2025,Banashankari,65
12G,Eicher Skyline Pro,CNG,43.1,21.43,82.9,2025,BTM Layout,42
290E,Volvo 8400 B7RLE,Diesel,27,45.77,120.3,2025,Mysuru Road,71
V500C,Volvo 9400XL,Diesel,29.8,85.99,256.7,2025,ITPL,28
12G,Volvo 8400 B7RLE,Diesel,33.9,42.2,109.9,2025,BTM Layout,60
401A,Ashok Leyland Viking,Diesel,26.7,47.07,174.2,2025,RT Nagar,46
279F,Volvo 9400XL,Diesel,38.5,29.16,111.4,2025,Peenya,21
215K,Switch EiV 12,Electric,38.3,0,203.2,2025,Kengeri,62
401A,Eicher Skyline Pro,CNG,33.3,32.82,131.4,2025,RT Nagar,37
213K,Volvo 9400XL,Diesel,41.5,83.53,278.7,2025,Banerghatta,28
12G,Ashok Leyland Viking,Diesel,36.6,85.21,220.7,2025,BTM Layout,69
600A,Ashok Leyland Viking,Diesel,48.9,66.49,183.7,2025,Banashankari,31
77E,Ashok Leyland Viking,Diesel,30,64.11,211.8,2025,KR Puram,27
401A,Tata Marcopolo,CNG,36.3,19.67,81.3,2025,RT Nagar,77
96E,Volvo 8400 B7RLE,Diesel,41.6,36.96,136.5,2025,Electronic City,17
401A,Eicher Skyline Pro,CNG,30.9,73.35,264,2025,RT Nagar,56
43E,Eicher Skyline Pro,CNG,49.8,21.3,93.5,2025,Hebbal,54
279F,Ashok Leyland Viking,Diesel,46.1,54.49,178.8,2025,Peenya,68
213K,Volvo 8400 B7RLE,Diesel,27.2,54.28,197.2,2025,Banerghatta,53
210N,Volvo 9400XL,Diesel,45.7,23.99,88.1,2025,Jayanagar,30
279F,Ashok Leyland Viking,Diesel,25.9,73.07,215.9,2025,Peenya,79
290E,Eicher Skyline Pro,CNG,34,37.65,117.9,2025,Mysuru Road,52
60A,Tata Marcopolo,CNG,38.8,76.95,266.1,2025,Indiranagar,58
12G,Switch EiV 12,Electric,36.2,0,147.3,2025,BTM Layout,73
96E,Volvo 8400 B7RLE,Diesel,37.9,49.52,192.1,2025,Electronic City,63
V500C,Volvo 8400 B7RLE,Diesel,49.8,44.82,169.3,2025,ITPL,26
12G,Volvo 8400 B7RLE,Diesel,48.3,39.6,105.9,2025,BTM Layout,27
K1,Switch EiV 12,Electric,34.5,0,239.8,2025,Koramangala,53
K1,Volvo 8400 B7RLE,Diesel,46.7,68.27,253.2,2025,Koramangala,72
279F,Eicher Skyline Pro,CNG,32.6,74.9,233.8,2025,Peenya,51
600A,Switch EiV 12,Electric,29.3,0,148.7,2025,Banashankari,66
252H,Switch EiV 12,Electric,33.7,0,212.9,2025,Bommanahalli,41
12G,Ashok Leyland Viking,Diesel,41,73.55,274.6,2025,BTM Layout,73
348C,Switch EiV 12,Electric,46.6,0,89.2,2025,Marathahalli,35
210N,Tata Marcopolo,CNG,37.2,67.27,263,2025,Jayanagar,47
290E,Volvo 9400XL,Diesel,29.4,70.16,228.3,2025,Mysuru Road,43
K1,Ashok Leyland Viking,Diesel,28.7,48.41,147.7,2025,Koramangala,48
252H,Ashok Leyland Viking,Diesel,25.6,27.75,75,2025,Bommanahalli,10
96E,Ashok Leyland Viking,Diesel,38.7,68.86,271.9,2025,Electronic City,74
356C,Ashok Leyland Viking,Diesel,32.8,47.59,155.1,2025,Majestic,63
96E,Volvo 9400XL,Diesel,27.6,45.27,156.7,2025,Electronic City,42
356C,Volvo 9400XL,Diesel,40.5,30.93,107.5,2025,Majestic,45
96E,Volvo 9400XL,Diesel,26.5,25.44,93.4,2025,Electronic City,60
348C,Switch EiV 12,Electric,26.5,0,161.2,2025,Marathahalli,43
V500C,Ashok Leyland Viking,Diesel,26.4,78.73,278.9,2025,ITPL,49
201R,Ashok Leyland Viking,Diesel,31,101.87,276.4,2025,Yelahanka,22
215K,Volvo 8400 B7RLE,Diesel,32.6,32.7,86.7,2025,Kengeri,52
K1,Volvo 9400XL,Diesel,26.6,65.04,212.3,2025,Koramangala,54
96E,Switch EiV 12,Electric,45.3,0,279.3,2025,Electronic City,11
279F,Ashok Leyland Viking,Diesel,32.7,56.84,195.3,2025,Peenya,65
43E,Switch EiV 12,Electric,35.7,0,175.9,2025,Hebbal,22
600A,Eicher Skyline Pro,CNG,47.2,24.17,88.8,2025,Banashankari,10
365B,Volvo 9400XL,Diesel,34.2,32.94,102.8,2025,Silk Board,65
201R,Volvo 9400XL,Diesel,43.3,66.26,242.1,2025,Yelahanka,20
279F,Ashok Leyland Viking,Diesel,35.4,19.37,62.4,2025,Peenya,17
500D,Ashok Leyland Viking,Diesel,31.5,17.64,64.2,2025,Whitefield,32
77E,Eicher Skyline Pro,CNG,38.4,27.15,90.2,2025,KR Puram,15
252H,Ashok Leyland Viking,Diesel,31,15.82,62.7,2025,Bommanahalli,19
V500C,Eicher Skyline Pro,CNG,49,63.32,236.3,2025,ITPL,53
348C,Volvo 9400XL,Diesel,38.7,26.43,84.1,2025,Marathahalli,43
77E,Switch EiV 12,Electric,27.5,0,245.8,2025,KR Puram,60
600A,Eicher Skyline Pro,CNG,28.8,48.01,167.4,2025,Banashankari,25
201R,Ashok Leyland Viking,Diesel,36.9,72.52,222.2,2025,Yelahanka,68
500D,Eicher Skyline Pro,CNG,36.5,35.14,146.8,2025,Whitefield,12
279F,Ashok Leyland Viking,Diesel,48.9,69.64,256.3,2025,Peenya,21
43E,Ashok Leyland Viking,Diesel,42.2,41,129.4,2025,Hebbal,49
401A,Volvo 8400 B7RLE,Diesel,46,45.35,116,2025,RT Nagar,67
252H,Switch EiV 12,Electric,36.5,0,258.4,2025,Bommanahalli,57
12G,Volvo 8400 B7RLE,Diesel,41.5,52.1,200.2,2025,BTM Layout,73
215K,Eicher Skyline Pro,CNG,40.3,64.55,200.1,2025,Kengeri,12
77E,Ashok Leyland Viking,Diesel,28.8,48.25,174,2025,KR Puram,53
279F,Volvo 9400XL,Diesel,42,67.39,172.7,2025,Peenya,34
213K,Tata Marcopolo,CNG,42.9,25.32,78.7,2025,Banerghatta,56
201R,Ashok Leyland Viking,Diesel,25.3,19.24,75.7,2025,Yelahanka,18
356C,Volvo 9400XL,Diesel,33.8,75.49,222.3,2025,Majestic,10
215K,Tata Marcopolo,CNG,44.4,34.29,136.9,2025,Kengeri,32
365B,Volvo 9400XL,Diesel,29.4,38.03,100.7,2025,Silk Board,65
213K,Volvo 8400 B7RLE,Diesel,44.1,70.85,205.3,2025,Banerghatta,66
365B,Eicher Skyline Pro,CNG,27.1,14.51,64.6,2025,Silk Board,20
401A,Tata Marcopolo,CNG,44.2,31.75,125,2025,RT Nagar,10
215K,Volvo 9400XL,Diesel,30.1,53.69,144,2025,Kengeri,42
365B,Eicher Skyline Pro,CNG,44.4,49.25,195.3,2025,Silk Board,23
96E,Volvo 9400XL,Diesel,26,44.7,176.7,2025,Electronic City,11
V500C,Volvo 9400XL,Diesel,32.3,59.37,235.7,2025,ITPL,45
600A,Switch EiV 12,Electric,39.6,0,192.4,2025,Banashankari,17
V500C,Volvo 9400XL,Diesel,45.3,64.45,224.6,2025,ITPL,23
348C,Volvo 8400 B7RLE,Diesel,33.5,22.66,88.2,2025,Marathahalli,44
43E,Switch EiV 12,Electric,34.3,0,109.4,2025,Hebbal,44
290E,Tata Marcopolo,CNG,36,39.57,155.1,2025,Mysuru Road,18
356C,Eicher Skyline Pro,CNG,31,84.06,267.5,2025,Majestic,40
348C,Ashok Leyland Viking,Diesel,47.2,29.81,103.4,2025,Marathahalli,42
201R,Volvo 9400XL,Diesel,45.4,32.41,122.9,2025,Yelahanka,36
365B,Volvo 9400XL,Diesel,48,85.53,246.2,2025,Silk Board,64
356C,Switch EiV 12,Electric,36.5,0,226.1,2025,Majestic,21
600A,Volvo 9400XL,Diesel,43.2,66.91,245.2,2025,Banashankari,25
213K,Tata Marcopolo,CNG,29.4,53.54,204.4,2025,Banerghatta,46
213K,Tata Marcopolo,CNG,48.4,90.25,276.6,2025,Banerghatta,37
210N,Ashok Leyland Viking,Diesel,28.3,26.83,96.3,2025,Jayanagar,43
213K,Eicher Skyline Pro,CNG,30.3,63.82,239.9,2025,Banerghatta,68
290E,Switch EiV 12,Electric,43.3,0,245,2025,Mysuru Road,14
600A,Volvo 8400 B7RLE,Diesel,39.8,54.96,179.3,2025,Banashankari,41
365B,Volvo 9400XL,Diesel,39.1,35.52,125.5,2025,Silk Board,14
401A,Ashok Leyland Viking,Diesel,40.9,69.23,252.1,2025,RT Nagar,43
210N,Eicher Skyline Pro,CNG,36.5,31.59,95.2,2025,Jayanagar,69
77E,Tata Marcopolo,CNG,43.2,25.47,114.3,2025,KR Puram,54
348C,Switch EiV 12,Electric,35,0,81.8,2025,Marathahalli,59
252H,Tata Marcopolo,CNG,30.1,61.58,236,2025,Bommanahalli,10
K1,Eicher Skyline Pro,CNG,40.4,67.43,221.3,2025,Koramangala,44
401A,Tata Marcopolo,CNG,44.6,36.07,138.2,2025,RT Nagar,76
V500C,Ashok Leyland Viking,Diesel,44,23.97,61.2,2025,ITPL,75
348C,Volvo 9400XL,Diesel,30.1,56.92,224.1,2025,Marathahalli,45
43E,Eicher Skyline Pro,CNG,33.2,43.71,140.9,2025,Hebbal,25
348C,Switch EiV 12,Electric,46.9,0,127.2,2025,Marathahalli,41
201R,Tata Marcopolo,CNG,34.2,76.02,279.2,2025,Yelahanka,19
348C,Volvo 8400 B7RLE,Diesel,47.2,64.58,218.9,2025,Marathahalli,79
V500C,Ashok Leyland Viking,Diesel,35.3,41.23,146.1,2025,ITPL,43
290E,Switch EiV 12,Electric,40.5,0,60.7,2025,Mysuru Road,69
401A,Volvo 9400XL,Diesel,44.9,52.36,138.2,2025,RT Nagar,15
201R,Volvo 9400XL,Diesel,37,54.68,189.4,2025,Yelahanka,52
213K,Eicher Skyline Pro,CNG,39.5,19.34,74.3,2025,Banerghatta,62
348C,Eicher Skyline Pro,CNG,40.1,45.66,183.3,2025,Marathahalli,74
348C,Tata Marcopolo,CNG,31.7,55.95,237.1,2025,Marathahalli,50
500D,Volvo 8400 B7RLE,Diesel,26.9,65.54,169.6,2025,Whitefield,25
252H,Ashok Leyland Viking,Diesel,44.6,37.48,133.5,2025,Bommanahalli,43
500D,Switch EiV 12,Electric,37.9,0,233.5,2025,Whitefield,22
279F,Volvo 9400XL,Diesel,28.7,52.4,156.8,2025,Peenya,80
60A,Eicher Skyline Pro,CNG,27.2,46.68,155.5,2025,Indiranagar,17
252H,Ashok Leyland Viking,Diesel,43.4,47.93,191.6,2025,Bommanahalli,19
401A,Eicher Skyline Pro,CNG,41.1,73.05,265.3,2025,RT Nagar,73
V500C,Ashok Leyland Viking,Diesel,44.6,74.7,200,2025,ITPL,50
201R,Volvo 9400XL,Diesel,46,48.83,150.2,2025,Yelahanka,63
279F,Volvo 9400XL,Diesel,39.7,66.91,185.8,2025,Peenya,62
201R,Ashok Leyland Viking,Diesel,33.4,55.02,139.7,2025,Yelahanka,47
600A,Ashok Leyland Viking,Diesel,45.8,22.44,65.3,2025,Banashankari,72
43E,Tata Marcopolo,CNG,32.5,39.45,174,2025,Hebbal,52
290E,Switch EiV 12,Electric,35.7,0,117,2025,Mysuru Road,12
252H,Switch EiV 12,Electric,46,0,252,2025,Bommanahalli,23
K1,Switch EiV 12,Electric,45.1,0,100.9,2025,Koramangala,17
213K,Volvo 9400XL,Diesel,37.1,59.55,160.8,2025,Banerghatta,11
60A,Volvo 9400XL,Diesel,43.2,23.95,77.7,2025,Indiranagar,53
43E,Volvo 9400XL,Diesel,43.2,42.79,156.1,2025,Hebbal,16
279F,Ashok Leyland Viking,Diesel,40.3,35.15,95,2025,Peenya,44
252H,Switch EiV 12,Electric,41.4,0,225.3,2025,Bommanahalli,72
365B,Volvo 9400XL,Diesel,26.7,104.62,270.5,2025,Silk Board,15
348C,Ashok Leyland Viking,Diesel,31.5,42.54,122.1,2025,Marathahalli,35
279F,Eicher Skyline Pro,CNG,31.2,76.12,259.4,2025,Peenya,48
356C,Volvo 9400XL,Diesel,36.2,61.96,227.1,2025,Majestic,51
348C,Ashok Leyland Viking,Diesel,37.2,29.17,74.4,2025,Marathahalli,11
43E,Eicher Skyline Pro,CNG,47.7,23,73.8,2025,Hebbal,76
500D,Volvo 8400 B7RLE,Diesel,35.3,58.62,177.1,2025,Whitefield,70
43E,Switch EiV 12,Electric,25.5,0,258,2025,Hebbal,73
96E,Tata Marcopolo,CNG,49.1,53.64,206,2025,Electronic City,52
348C,Volvo 8400 B7RLE,Diesel,26.3,85.07,266.1,2025,Marathahalli,65
252H,Switch EiV 12,Electric,43.3,0,117.2,2025,Bommanahalli,50
77E,Switch EiV 12,Electric,31.4,0,275.9,2025,KR Puram,44
600A,Ashok Leyland Viking,Diesel,30,60.9,203.9,2025,Banashankari,80
96E,Switch EiV 12,Electric,49.3,0,162.1,2025,Electronic City,22
252H,Volvo 9400XL,Diesel,33.7,72.59,193.9,2025,Bommanahalli,26
K1,Switch EiV 12,Electric,30.6,0,93.3,2025,Koramangala,58
600A,Volvo 9400XL,Diesel,46.3,34.47,115.2,2025,Banashankari,43
43E,Volvo 8400 B7RLE,Diesel,27.9,46.2,175.1,2025,Hebbal,76
356C,Switch EiV 12,Electric,26.7,0,219,2025,Majestic,72
252H,Eicher Skyline Pro,CNG,38.6,69.08,215.7,2025,Bommanahalli,43
279F,Volvo 8400 B7RLE,Diesel,37.1,58.5,160.8,2025,Peenya,71
279F,Volvo 9400XL,Diesel,46.2,76.52,268.1,2025,Peenya,28
401A,Tata Marcopolo,CNG,35.3,40.66,161.7,2025,RT Nagar,18
365B,Switch EiV 12,Electric,26.6,0,180,2025,Silk Board,44
348C,Volvo 9400XL,Diesel,45.2,54.19,172.8,2025,Marathahalli,52
213K,Ashok Leyland Viking,Diesel,44.7,25.48,71.4,2025,Banerghatta,14
96E,Tata Marcopolo,CNG,29.1,33.44,116.9,2025,Electronic City,56
210N,Switch EiV 12,Electric,38,0,226.5,2025,Jayanagar,80
43E,Tata Marcopolo,CNG,46.9,24.33,105.1,2025,Hebbal,10
600A,Eicher Skyline Pro,CNG,31,68.4,251.5,2025,Banashankari,43
K1,Volvo 9400XL,Diesel,44.3,108.9,276.7,2025,Koramangala,46
60A,Tata Marcopolo,CNG,36.6,17.03,74.3,2025,Indiranagar,13
96E,Eicher Skyline Pro,CNG,37.4,56.52,178.5,2025,Electronic City,64
60A,Eicher Skyline Pro,CNG,45.6,57.27,204.5,2025,Indiranagar,61
500D,Switch EiV 12,Electric,49.1,0,230.6,2025,Whitefield,12
600A,Ashok Leyland Viking,Diesel,38.1,35.76,104.8,2025,Banashankari,41
V500C,Ashok Leyland Viking,Diesel,39.4,67.91,234.4,2025,ITPL,77
348C,Volvo 8400 B7RLE,Diesel,34.9,60.81,235.5,2025,Marathahalli,11
201R,Volvo 9400XL,Diesel,28.9,50.03,177.3,2025,Yelahanka,44
401A,Volvo 9400XL,Diesel,32.9,61.94,234.5,2025,RT Nagar,28
215K,Eicher Skyline Pro,CNG,31.9,57.96,259.4,2025,Kengeri,38
210N,Volvo 8400 B7RLE,Diesel,30.1,32.78,91,2025,Jayanagar,74
43E,Tata Marcopolo,CNG,41.4,79.52,256.7,2025,Hebbal,17
43E,Volvo 8400 B7RLE,Diesel,40.4,59.77,156.9,2025,Hebbal,58
210N,Tata Marcopolo,CNG,45.1,67.62,254.1,2025,Jayanagar,46
500D,Volvo 8400 B7RLE,Diesel,35.4,68.61,272.8,2025,Whitefield,36
12G,Volvo 8400 B7RLE,Diesel,40.9,75.27,206.9,2025,BTM Layout,32
348C,Eicher Skyline Pro,CNG,35.7,78.31,254,2025,Marathahalli,62
12G,Eicher Skyline Pro,CNG,39,16.57,62.8,2025,BTM Layout,29
290E,Tata Marcopolo,CNG,47.3,69.99,218.3,2025,Mysuru Road,13
12G,Eicher Skyline Pro,CNG,29.7,51.52,220.9,2025,BTM Layout,32
213K,Tata Marcopolo,CNG,38.5,59.08,240.2,2025,Banerghatta,67
252H,Eicher Skyline Pro,CNG,36.8,30.53,129.2,2025,Bommanahalli,40
K1,Volvo 8400 B7RLE,Diesel,33.9,49.67,161,2025,Koramangala,57
348C,Switch EiV 12,Electric,33.4,0,242.2,2025,Marathahalli,75
600A,Switch EiV 12,Electric,42.8,0,98.2,2025,Banashankari,39
500D,Volvo 9400XL,Diesel,27.5,84.52,241.7,2025,Whitefield,38
43E,Ashok Leyland Viking,Diesel,33.7,28.72,91.2,2025,Hebbal,73
V500C,Volvo 9400XL,Diesel,41.3,65.48,224.7,2025,ITPL,21
60A,Tata Marcopolo,CNG,46,37.09,137.5,2025,Indiranagar,69
215K,Tata Marcopolo,CNG,40.9,86.35,275.4,2025,Kengeri,53
365B,Volvo 9400XL,Diesel,33.1,59.16,208.8,2025,Silk Board,27
201R,Volvo 8400 B7RLE,Diesel,29.4,19.9,75.3,2025,Yelahanka,33
210N,Tata Marcopolo,CNG,45.9,32.17,110,2025,Jayanagar,69
348C,Tata Marcopolo,CNG,42.4,53.44,201.4,2025,Marathahalli,27
500D,Eicher Skyline Pro,CNG,30.3,41.71,127.2,2025,Whitefield,40
210N,Switch EiV 12,Electric,41.3,0,126.9,2025,Jayanagar,45
290E,Switch EiV 12,Electric,46.8,0,266.4,2025,Mysuru Road,16
215K,Eicher Skyline Pro,CNG,44.7,57.16,228.5,2025,Kengeri,25
279F,Tata Marcopolo,CNG,47.7,29.28,117.3,2025,Peenya,58
60A,Volvo 9400XL,Diesel,27.8,57.81,183.3,2025,Indiranagar,56
290E,Ashok Leyland Viking,Diesel,46.6,48.58,161.3,2025,Mysuru Road,66
252H,Ashok Leyland Viking,Diesel,49.4,53.9,143.7,2025,Bommanahalli,76
60A,Eicher Skyline Pro,CNG,26.1,37.23,153,2025,Indiranagar,59
213K,Switch EiV 12,Electric,32,0,262,2025,Banerghatta,41
401A,Volvo 8400 B7RLE,Diesel,32.3,64.35,248.8,2025,RT Nagar,40
215K,Volvo 8400 B7RLE,Diesel,45.1,89.39,225.9,2025,Kengeri,78
401A,Volvo 9400XL,Diesel,43.2,91.91,271.8,2025,RT Nagar,19
401A,Volvo 8400 B7RLE,Diesel,32,63.66,242.5,2025,RT Nagar,69
201R,Ashok Leyland Viking,Diesel,42.6,25.61,84.8,2025,Yelahanka,31
500D,Eicher Skyline Pro,CNG,31,26.9,81.2,2025,Whitefield,20
600A,Tata Marcopolo,CNG,32.5,41.85,163.1,2025,Banashankari,73
356C,Volvo 9400XL,Diesel,32.5,34.69,125.4,2025,Majestic,47
43E,Tata Marcopolo,CNG,47.6,16.5,70.6,2025,Hebbal,15
213K,Ashok Leyland Viking,Diesel,39.8,53.9,206.9,2025,Banerghatta,55
96E,Volvo 8400 B7RLE,Diesel,27,35.25,100.8,2025,Electronic City,67
365B,Ashok Leyland Viking,Diesel,25.9,69.59,234.8,2025,Silk Board,66
77E,Volvo 9400XL,Diesel,46.4,85,279,2025,KR Puram,27
210N,Volvo 9400XL,Diesel,45.8,21.77,74,2025,Jayanagar,30
K1,Switch EiV 12,Electric,27.3,0,85.3,2025,Koramangala,63
201R,Eicher Skyline Pro,CNG,41.7,61.29,260.1,2025,Yelahanka,21
348C,Volvo 8400 B7RLE,Diesel,39.3,77.35,253.4,2025,Marathahalli,27
60A,Volvo 9400XL,Diesel,32.9,49.08,154.7,2025,Indiranagar,28
210N,Eicher Skyline Pro,CNG,40,53.08,230.3,2025,Jayanagar,11
201R,Volvo 9400XL,Diesel,40.2,45.69,157.5,2025,Yelahanka,64
213K,Volvo 8400 B7RLE,Diesel,42.6,66.59,190.2,2025,Banerghatta,31
12G,Eicher Skyline Pro,CNG,27.6,48.28,172.7,2025,BTM Layout,17
500D,Switch EiV 12,Electric,41.3,0,167.3,2025,Whitefield,63
348C,Eicher Skyline Pro,CNG,40,65.39,269.1,2025,Marathahalli,38
279F,Ashok Leyland Viking,Diesel,40.9,65.76,171.4,2025,Peenya,80
252H,Tata Marcopolo,CNG,34,31.28,116,2025,Bommanahalli,39
215K,Ashok Leyland Viking,Diesel,28.5,24.01,70,2025,Kengeri,52
77E,Volvo 8400 B7RLE,Diesel,33.3,84.92,273.7,2025,KR Puram,13
600A,Eicher Skyline Pro,CNG,40.3,30.14,103.1,2025,Banashankari,53
252H,Tata Marcopolo,CNG,37.9,35.07,105.5,2025,Bommanahalli,40
12G,Volvo 8400 B7RLE,Diesel,30.5,24.15,61.7,2025,BTM Layout,54
213K,Ashok Leyland Viking,Diesel,33.5,22.62,83.8,2025,Banerghatta,12
500D,Eicher Skyline Pro,CNG,37.8,54.04,185.9,2025,Whitefield,26
600A,Switch EiV 12,Electric,34.9,0,265,2025,Banashankari,53
600A,Ashok Leyland Viking,Diesel,40.4,29.65,79.2,2025,Banashankari,27
290E,Ashok Leyland Viking,Diesel,37.7,35.66,135.9,2025,Mysuru Road,78
60A,Volvo 9400XL,Diesel,42.6,42.26,168.6,2025,Indiranagar,43
12G,Eicher Skyline Pro,CNG,31.9,24.75,88.9,2025,BTM Layout,40
210N,Ashok Leyland Viking,Diesel,35.3,39.57,152.8,2025,Jayanagar,22
252H,Volvo 8400 B7RLE,Diesel,40.2,73.24,217.1,2025,Bommanahalli,74
365B,Eicher Skyline Pro,CNG,48.9,57,241.2,2025,Silk Board,34
401A,Volvo 9400XL,Diesel,40.9,23.4,60.3,2025,RT Nagar,33
96E,Eicher Skyline Pro,CNG,26.5,29.88,116.7,2025,Electronic City,59
356C,Switch EiV 12,Electric,27.9,0,211,2025,Majestic,36
43E,Volvo 9400XL,Diesel,36.4,47.29,144.4,2025,Hebbal,34
77E,Volvo 8400 B7RLE,Diesel,35.5,23.88,86.6,2025,KR Puram,63
213K,Eicher Skyline Pro,CNG,27,21.4,75.6,2025,Banerghatta,23
K1,Volvo 8400 B7RLE,Diesel,41.7,75.95,267.2,2025,Koramangala,58
356C,Volvo 9400XL,Diesel,39.8,55.5,139.6,2025,Majestic,30
215K,Tata Marcopolo,CNG,47.8,51.01,199.9,2025,Kengeri,28
356C,Switch EiV 12,Electric,43.1,0,252.2,2025,Majestic,54
500D,Tata Marcopolo,CNG,47.6,27.91,86.5,2025,Whitefield,79
365B,Volvo 9400XL,Diesel,28.6,70.5,177.5,2025,Silk Board,71
600A,Volvo 9400XL,Diesel,32.4,47.32,152.8,2025,Banashankari,46
43E,Tata Marcopolo,CNG,26.1,58.72,187,2025,Hebbal,80
365B,Tata Marcopolo,CNG,33.6,44.68,182.9,2025,Silk Board,26
12G,Switch EiV 12,Electric,46.1,0,203.5,2025,BTM Layout,56
12G,Ashok Leyland Viking,Diesel,35.7,60.49,212.3,2025,BTM Layout,74
348C,Switch EiV 12,Electric,32.7,0,120.6,2025,Marathahalli,54
252H,Tata Marcopolo,CNG,36.2,55.65,233.6,2025,Bommanahalli,25
43E,Switch EiV 12,Electric,46.4,0,240.9,2025,Hebbal,30
365B,Tata Marcopolo,CNG,35.8,75.24,261.7,2025,Silk Board,13
210N,Ashok Leyland Viking,Diesel,34.3,55.3,188.1,2025,Jayanagar,56
365B,Volvo 9400XL,Diesel,42.2,70.28,215.2,2025,Silk Board,38
96E,Tata Marcopolo,CNG,35.8,30.09,96.7,2025,Electronic City,46
77E,Switch EiV 12,Electric,33.6,0,255.8,2025,KR Puram,72
96E,Tata Marcopolo,CNG,25.6,23.69,94,2025,Electronic City,29
600A,Switch EiV 12,Electric,33.5,0,200.1,2025,Banashankari,58
V500C,Eicher Skyline Pro,CNG,35.2,21.86,75.8,2025,ITPL,62
356C,Ashok Leyland Viking,Diesel,40.1,68.59,209,2025,Majestic,73
12G,Ashok Leyland Viking,Diesel,49.7,33.92,107.9,2025,BTM Layout,26
215K,Volvo 9400XL,Diesel,28.5,65.48,211.4,2025,Kengeri,55
500D,Tata Marcopolo,CNG,37.6,14.87,66.1,2025,Whitefield,52
201R,Switch EiV 12,Electric,26,0,144.5,2025,Yelahanka,61
77E,Eicher Skyline Pro,CNG,34.7,20.62,66.8,2025,KR Puram,61
215K,Eicher Skyline Pro,CNG,43.9,17.65,65.1,2025,Kengeri,18
V500C,Ashok Leyland Viking,Diesel,47.5,46.22,123.6,2025,ITPL,57
252H,Eicher Skyline Pro,CNG,32.8,62.39,270.3,2025,Bommanahalli,70
401A,Volvo 9400XL,Diesel,45.7,48.44,192.6,2025,RT Nagar,78
356C,Switch EiV 12,Electric,49,0,123.4,2025,Majestic,61
96E,Eicher Skyline Pro,CNG,34.6,41.5,145.7,2025,Electronic City,41
K1,Volvo 8400 B7RLE,Diesel,28.9,53.77,179.1,2025,Koramangala,79
V500C,Volvo 8400 B7RLE,Diesel,44,47.78,179.2,2025,ITPL,41
279F,Switch EiV 12,Electric,32.6,0,156.9,2025,Peenya,23
348C,Volvo 8400 B7RLE,Diesel,29.9,45.27,117.1,2025,Marathahalli,59
K1,Eicher Skyline Pro,CNG,31.8,30.41,135.3,2025,Koramangala,73
252H,Eicher Skyline Pro,CNG,33.7,47.2,182.7,2025,Bommanahalli,39
348C,Ashok Leyland Viking,Diesel,36.1,26.34,90.6,2025,Marathahalli,77
279F,Eicher Skyline Pro,CNG,35,37.32,167.6,2025,Peenya,64
60A,Tata Marcopolo,CNG,40.6,65.83,253.7,2025,Indiranagar,10
96E,Ashok Leyland Viking,Diesel,30,63.54,196.5,2025,Electronic City,59
K1,Volvo 9400XL,Diesel,36.9,20.73,68.7,2025,Koramangala,62
V500C,Ashok Leyland Viking,Diesel,49.1,28.49,110.1,2025,ITPL,16
60A,Switch EiV 12,Electric,38.3,0,218.9,2025,Indiranagar,25
290E,Tata Marcopolo,CNG,28.3,60.06,251.4,2025,Mysuru Road,17
290E,Volvo 9400XL,Diesel,44.9,30.03,87.5,2025,Mysuru Road,38
60A,Volvo 8400 B7RLE,Diesel,48.6,92.91,253,2025,Indiranagar,34
43E,Ashok Leyland Viking,Diesel,49.5,50.17,161.8,2025,Hebbal,24
500D,Tata Marcopolo,CNG,39.7,70.17,250,2025,Whitefield,61
96E,Tata Marcopolo,CNG,30.1,29.67,122.9,2025,Electronic City,13
210N,Switch EiV 12,Electric,37.8,0,145,2025,Jayanagar,76
60A,Tata Marcopolo,CNG,39.4,39.15,168.3,2025,Indiranagar,29
213K,Switch EiV 12,Electric,35.2,0,275.8,2025,Banerghatta,60
210N,Volvo 8400 B7RLE,Diesel,44.1,72.05,242.1,2025,Jayanagar,32
365B,Volvo 8400 B7RLE,Diesel,30,101.47,270.3,2025,Silk Board,72
12G,Switch EiV 12,Electric,36,0,247.9,2025,BTM Layout,55
V500C,Switch EiV 12,Electric,47.3,0,246.3,2025,ITPL,63
365B,Eicher Skyline Pro,CNG,47.1,20.07,73.7,2025,Silk Board,41
K1,Switch EiV 12,Electric,40.7,0,172.3,2025,Koramangala,48
201R,Eicher Skyline Pro,CNG,25.5,71,263.8,2025,Yelahanka,11
252H,Tata Marcopolo,CNG,43.1,52.32,211.3,2025,Bommanahalli,11
279F,Eicher Skyline Pro,CNG,32.5,25.32,89.6,2025,Peenya,17
V500C,Eicher Skyline Pro,CNG,32,71.47,237,2025,ITPL,42
213K,Eicher Skyline Pro,CNG,25.2,60.18,270.6,2025,Banerghatta,69
201R,Ashok Leyland Viking,Diesel,45.7,71.01,208.9,2025,Yelahanka,24
96E,Volvo 8400 B7RLE,Diesel,43.4,16.82,63.1,2025,Electronic City,21
279F,Volvo 9400XL,Diesel,28.6,61.4,222.9,2025,Peenya,49
213K,Ashok Leyland Viking,Diesel,41.5,62.81,229.2,2025,Banerghatta,62
201R,Switch EiV 12,Electric,40.3,0,246.1,2025,Yelahanka,79
290E,Tata Marcopolo,CNG,37.2,25.51,79.5,2025,Mysuru Road,56
V500C,Volvo 8400 B7RLE,Diesel,35.2,57.6,149.7,2025,ITPL,51
600A,Tata Marcopolo,CNG,27.8,32.45,136.7,2025,Banashankari,59
60A,Volvo 9400XL,Diesel,26.8,68.27,268.5,2025,Indiranagar,32
60A,Tata Marcopolo,CNG,32.5,56.17,175,2025,Indiranagar,30
500D,Volvo 9400XL,Diesel,44.9,47.77,170.1,2025,Whitefield,55
43E,Tata Marcopolo,CNG,26.8,19.7,71,2025,Hebbal,74
12G,Eicher Skyline Pro,CNG,30.8,36.53,125,2025,BTM Layout,42
201R,Volvo 9400XL,Diesel,48.2,76.2,236.8,2025,Yelahanka,14
215K,Ashok Leyland Viking,Diesel,33,80.66,259.3,2025,Kengeri,14
V500C,Eicher Skyline Pro,CNG,41,24.55,109.7,2025,ITPL,27
213K,Switch EiV 12,Electric,33.9,0,192.8,2025,Banerghatta,14
K1,Volvo 9400XL,Diesel,28.1,52.83,202.5,2025,Koramangala,30
348C,Tata Marcopolo,CNG,36.2,44.01,170.7,2025,Marathahalli,11
60A,Volvo 8400 B7RLE,Diesel,26.8,56.05,197.5,2025,Indiranagar,71
V500C,Ashok Leyland Viking,Diesel,42.8,30.32,113.2,2025,ITPL,17
201R,Volvo 8400 B7RLE,Diesel,38.8,72.22,236.9,2025,Yelahanka,61
12G,Tata Marcopolo,CNG,44.4,26.83,91.4,2025,BTM Layout,58
210N,Volvo 8400 B7RLE,Diesel,32.1,62.69,169.3,2025,Jayanagar,79
252H,Switch EiV 12,Electric,26.4,0,198.5,2025,Bommanahalli,59
279F,Ashok Leyland Viking,Diesel,32.9,89.87,224.7,2025,Peenya,64
77E,Volvo 8400 B7RLE,Diesel,26.2,59.16,172.4,2025,KR Puram,71
365B,Ashok Leyland Viking,Diesel,26.6,57.33,215.5,2025,Silk Board,73
401A,Volvo 8400 B7RLE,Diesel,31.2,16.84,60.8,2025,RT Nagar,44
252H,Volvo 8400 B7RLE,Diesel,27.5,42.63,129.6,2025,Bommanahalli,26
K1,Tata Marcopolo,CNG,46.1,34.44,119.5,2025,Koramangala,18
279F,Volvo 8400 B7RLE,Diesel,47.3,74.14,233.6,2025,Peenya,11
96E,Switch EiV 12,Electric,34.4,0,260.2,2025,Electronic City,75
279F,Eicher Skyline Pro,CNG,27.2,67.51,272.1,2025,Peenya,66
600A,Tata Marcopolo,CNG,34.7,42.69,168.6,2025,Banashankari,27
96E,Eicher Skyline Pro,CNG,25.1,66.08,214.8,2025,Electronic City,59
215K,Switch EiV 12,Electric,41.7,0,216.9,2025,Kengeri,18
600A,Ashok Leyland Viking,Diesel,44,69.41,272.5,2025,Banashankari,64
215K,Eicher Skyline Pro,CNG,32.5,67.95,214.6,2025,Kengeri,14
201R,Switch EiV 12,Electric,41.1,0,232,2025,Yelahanka,43
77E,Volvo 8400 B7RLE,Diesel,34,17.94,70.6,2025,KR Puram,78
96E,Volvo 9400XL,Diesel,35.8,53.38,170.1,2025,Electronic City,68
V500C,Tata Marcopolo,CNG,34.2,29.82,106,2025,ITPL,37
290E,Tata Marcopolo,CNG,44.2,19.73,71.5,2025,Mysuru Road,30
12G,Volvo 9400XL,Diesel,46.3,85.49,240.9,2025,BTM Layout,17
60A,Ashok Leyland Viking,Diesel,36.8,53.56,204.6,2025,Indiranagar,47
356C,Eicher Skyline Pro,CNG,41.9,27.48,107.5,2025,Majestic,41
12G,Volvo 9400XL,Diesel,28.4,35.95,125,2025,BTM Layout,29
600A,Volvo 9400XL,Diesel,32.9,64.17,222.5,2025,Banashankari,43
290E,Ashok Leyland Viking,Diesel,42.8,52.49,146.9,2025,Mysuru Road,20
290E,Volvo 9400XL,Diesel,32.2,83.82,255.8,2025,Mysuru Road,40
77E,Tata Marcopolo,CNG,27.8,19.29,72.8,2025,KR Puram,30
V500C,Eicher Skyline Pro,CNG,45.9,39.34,118.9,2025,ITPL,13
500D,Volvo 8400 B7RLE,Diesel,33.4,56.7,143.4,2025,Whitefield,21
77E,Switch EiV 12,Electric,35.3,0,87.4,2025,KR Puram,18
213K,Ashok Leyland Viking,Diesel,35.1,51.09,168.4,2025,Banerghatta,49
348C,Tata Marcopolo,CNG,25.2,51.65,190.9,2025,Marathahalli,29
V500C,Tata Marcopolo,CNG,38,67.72,272,2025,ITPL,60
96E,Switch EiV 12,Electric,44.3,0,128.6,2025,Electronic City,56
348C,Volvo 9400XL,Diesel,38,58.02,230,2025,Marathahalli,68
290E,Volvo 8400 B7RLE,Diesel,25.4,23.97,87.6,2025,Mysuru Road,59
60A,Volvo 8400 B7RLE,Diesel,28,81.98,237.6,2025,Indiranagar,55
356C,Volvo 9400XL,Diesel,32.3,17.46,63.9,2025,Majestic,33
96E,Switch EiV 12,Electric,33.7,0,174,2025,Electronic City,52
12G,Switch EiV 12,Electric,25,0,141.8,2025,BTM Layout,49
210N,Volvo 8400 B7RLE,Diesel,41.2,31.81,126,2025,Jayanagar,26
252H,Ashok Leyland Viking,Diesel,25.6,64.04,246.4,2025,Bommanahalli,35
K1,Ashok Leyland Viking,Diesel,44.5,72.89,232.3,2025,Koramangala,24
290E,Volvo 9400XL,Diesel,32.6,56.8,147.6,2025,Mysuru Road,61
252H,Volvo 9400XL,Diesel,31.2,34.16,110.2,2025,Bommanahalli,39
V500C,Switch EiV 12,Electric,36.8,0,224.4,2025,ITPL,42
12G,Tata Marcopolo,CNG,48.9,16.47,72.7,2025,BTM Layout,67
12G,Switch EiV 12,Electric,49.8,0,232.7,2025,BTM Layout,65
290E,Switch EiV 12,Electric,49.1,0,179.8,2025,Mysuru Road,65
96E,Eicher Skyline Pro,CNG,34.1,22.95,76.6,2025,Electronic City,56
V500C,Tata Marcopolo,CNG,28.5,26.21,103.1,2025,ITPL,28
K1,Volvo 9400XL,Diesel,39.5,85.24,231.9,2025,Koramangala,54
500D,Volvo 8400 B7RLE,Diesel,40.9,77.35,238.4,2025,Whitefield,57
201R,Volvo 9400XL,Diesel,31.5,69.02,208.3,2025,Yelahanka,60
348C,Switch EiV 12,Electric,32.3,0,261.8,2025,Marathahalli,56
V500C,Ashok Leyland Viking,Diesel,47.3,45.88,163.4,2025,ITPL,74
213K,Tata Marcopolo,CNG,28.7,24.47,73.7,2025,Banerghatta,70
600A,Volvo 8400 B7RLE,Diesel,36.2,73.59,198.8,2025,Banashankari,69
96E,Switch EiV 12,Electric,38.2,0,270.7,2025,Electronic City,33
12G,Ashok Leyland Viking,Diesel,37.5,32.16,113.2,2025,BTM Layout,45
356C,Ashok Leyland Viking,Diesel,31.9,20.7,76.8,2025,Majestic,34
213K,Eicher Skyline Pro,CNG,38.7,44.15,161.1,2025,Banerghatta,40
201R,Switch EiV 12,Electric,29.1,0,69.7,2025,Yelahanka,73
213K,Switch EiV 12,Electric,30.2,0,158,2025,Banerghatta,26
12G,Eicher Skyline Pro,CNG,46.1,15.88,71,2025,BTM Layout,24
348C,Volvo 8400 B7RLE,Diesel,46.3,81.91,234.5,2025,Marathahalli,24
210N,Eicher Skyline Pro,CNG,29.9,61.28,271.3,2025,Jayanagar,66
401A,Volvo 9400XL,Diesel,42.8,70.22,278.9,2025,RT Nagar,19
215K,Volvo 8400 B7RLE,Diesel,31.5,58.72,185.3,2025,Kengeri,69
252H,Volvo 8400 B7RLE,Diesel,26.8,55.51,190.6,2025,Bommanahalli,15
213K,Tata Marcopolo,CNG,29.8,65.86,275.9,2025,Banerghatta,38
401A,Ashok Leyland Viking,Diesel,48.6,65.91,259.7,2025,RT Nagar,14
V500C,Tata Marcopolo,CNG,49.4,42.24,174.7,2025,ITPL,69
348C,Eicher Skyline Pro,CNG,36.9,23.45,95.6,2025,Marathahalli,10
96E,Tata Marcopolo,CNG,41,28.6,114.4,2025,Electronic City,60
500D,Volvo 9400XL,Diesel,39.1,26.19,95.8,2025,Whitefield,75
252H,Volvo 8400 B7RLE,Diesel,25.3,67.55,169.8,2025,Bommanahalli,51
210N,Eicher Skyline Pro,CNG,48.2,41.43,138.5,2025,Jayanagar,33
252H,Switch EiV 12,Electric,30.6,0,199.6,2025,Bommanahalli,77
401A,Eicher Skyline Pro,CNG,46.2,31.95,130.8,2025,RT Nagar,50
356C,Volvo 8400 B7RLE,Diesel,35.7,31.84,81,2025,Majestic,27
V500C,Volvo 8400 B7RLE,Diesel,41.6,61.92,165.8,2025,ITPL,43
252H,Volvo 8400 B7RLE,Diesel,34.9,31.86,123.6,2025,Bommanahalli,17
96E,Switch EiV 12,Electric,26.1,0,278.5,2025,Electronic City,68
201R,Volvo 8400 B7RLE,Diesel,34.3,73.62,227.4,2025,Yelahanka,14
K1,Tata Marcopolo,CNG,48,51.03,225.9,2025,Koramangala,21
96E,Switch EiV 12,Electric,33.9,0,187,2025,Electronic City,76
77E,Switch EiV 12,Electric,31.3,0,233.3,2025,KR Puram,73
279F,Ashok Leyland Viking,Diesel,34,52.83,184.1,2025,Peenya,22
600A,Volvo 8400 B7RLE,Diesel,29.8,29.12,112.9,2025,Banashankari,79
279F,Tata Marcopolo,CNG,37.6,24.74,82.4,2025,Peenya,62
V500C,Ashok Leyland Viking,Diesel,25.9,24.83,68.6,2025,ITPL,53
12G,Eicher Skyline Pro,CNG,32.1,56.65,250.7,2025,BTM Layout,76
60A,Ashok Leyland Viking,Diesel,35.9,55.78,188,2025,Indiranagar,70
348C,Volvo 9400XL,Diesel,44,59.41,173.7,2025,Marathahalli,10
77E,Volvo 9400XL,Diesel,47.4,35.13,137.7,2025,KR Puram,73
365B,Eicher Skyline Pro,CNG,35.5,61.48,256.4,2025,Silk Board,32
210N,Tata Marcopolo,CNG,37.4,49.83,164.8,2025,Jayanagar,39
365B,Tata Marcopolo,CNG,29.7,54.33,190,2025,Silk Board,70
500D,Switch EiV 12,Electric,30.2,0,248.1,2025,Whitefield,34
213K,Volvo 9400XL,Diesel,26.7,19.35,75.7,2025,Banerghatta,71
213K,Ashok Leyland Viking,Diesel,35.2,46.15,171.5,2025,Banerghatta,36
600A,Ashok Leyland Viking,Diesel,33.3,68.89,243.9,2025,Banashankari,59
356C,Switch EiV 12,Electric,41.4,0,229.6,2025,Majestic,12
290E,Switch EiV 12,Electric,46.9,0,93.4,2025,Mysuru Road,61
348C,Tata Marcopolo,CNG,32.1,49.1,178.6,2025,Marathahalli,53
365B,Ashok Leyland Viking,Diesel,28.2,18.72,68.3,2025,Silk Board,65
290E,Tata Marcopolo,CNG,35.4,15.86,60,2025,Mysuru Road,36
60A,Volvo 8400 B7RLE,Diesel,49.3,25.36,72,2025,Indiranagar,48
12G,Switch EiV 12,Electric,32.6,0,126.9,2025,BTM Layout,21
348C,Eicher Skyline Pro,CNG,25,27.04,110.7,2025,Marathahalli,34
12G,Ashok Leyland Viking,Diesel,30.6,78.04,272.7,2025,BTM Layout,79
210N,Switch EiV 12,Electric,46.2,0,223.2,2025,Jayanagar,44
96E,Switch EiV 12,Electric,32.6,0,153,2025,Electronic City,30
60A,Tata Marcopolo,CNG,42.8,31.15,131.6,2025,Indiranagar,63
43E,Ashok Leyland Viking,Diesel,34.3,25.95,100,2025,Hebbal,57
96E,Switch EiV 12,Electric,49.6,0,237.5,2025,Electronic City,11
500D,Switch EiV 12,Electric,34.8,0,225.9,2025,Whitefield,31
201R,Volvo 9400XL,Diesel,41.5,72.55,189.9,2025,Yelahanka,69
43E,Switch EiV 12,Electric,42.7,0,179.8,2025,Hebbal,27
201R,Switch EiV 12,Electric,44.5,0,96.8,2025,Yelahanka,45
215K,Eicher Skyline Pro,CNG,48.8,61.5,188.4,2025,Kengeri,67
12G,Eicher Skyline Pro,CNG,40,34.37,118.4,2025,BTM Layout,66
365B,Tata Marcopolo,CNG,44,68.87,217.2,2025,Silk Board,21
401A,Tata Marcopolo,CNG,37.7,48.68,173,2025,RT Nagar,39
43E,Switch EiV 12,Electric,45.7,0,265.2,2025,Hebbal,70
201R,Tata Marcopolo,CNG,42.9,57.79,213.4,2025,Yelahanka,66
365B,Switch EiV 12,Electric,42.4,0,262.6,2025,Silk Board,38
401A,Ashok Leyland Viking,Diesel,46.5,75.71,220.4,2025,RT Nagar,55
500D,Eicher Skyline Pro,CNG,29.9,67.54,237.6,2025,Whitefield,52
365B,Tata Marcopolo,CNG,49.5,31.23,133.8,2025,Silk Board,10
96E,Tata Marcopolo,CNG,43.2,55.76,214.3,2025,Electronic City,59
96E,Ashok Leyland Viking,Diesel,37.4,87.4,268.4,2025,Electronic City,49
V500C,Switch EiV 12,Electric,44.7,0,95.9,2025,ITPL,57
12G,Volvo 8400 B7RLE,Diesel,34.6,87.32,221.6,2025,BTM Layout,51
K1,Volvo 9400XL,Diesel,25.3,68.79,244.6,2025,Koramangala,62
201R,Switch EiV 12,Electric,35.9,0,273.5,2025,Yelahanka,26
96E,Tata Marcopolo,CNG,42.6,26.43,111.7,2025,Electronic City,63
60A,Volvo 9400XL,Diesel,49.2,69.91,180.2,2025,Indiranagar,70
252H,Volvo 8400 B7RLE,Diesel,43,45.1,171.1,2025,Bommanahalli,68
77E,Ashok Leyland Viking,Diesel,45,29.86,99.4,2025,KR Puram,53
252H,Tata Marcopolo,CNG,28.3,34.25,147.2,2025,Bommanahalli,49
348C,Volvo 9400XL,Diesel,32.7,32.23,94.6,2025,Marathahalli,43
201R,Switch EiV 12,Electric,41.8,0,251.7,2025,Yelahanka,21
210N,Eicher Skyline Pro,CNG,31.3,59.76,235.3,2025,Jayanagar,74
77E,Tata Marcopolo,CNG,45.8,42.62,185.8,2025,KR Puram,58
213K,Switch EiV 12,Electric,41.9,0,62.7,2025,Banerghatta,63
290E,Eicher Skyline Pro,CNG,38.7,20.81,71.4,2025,Mysuru Road,18
600A,Tata Marcopolo,CNG,33.8,32.43,127.5,2025,Banashankari,49
60A,Volvo 8400 B7RLE,Diesel,43.3,42.97,133.5,2025,Indiranagar,43
201R,Tata Marcopolo,CNG,44.6,21.87,75,2025,Yelahanka,24
290E,Eicher Skyline Pro,CNG,42.1,44.36,155.2,2025,Mysuru Road,72
500D,Switch EiV 12,Electric,34.3,0,72.4,2025,Whitefield,53
V500C,Switch EiV 12,Electric,41,0,267.8,2025,ITPL,70
213K,Switch EiV 12,Electric,40.8,0,207.7,2025,Banerghatta,22
365B,Volvo 8400 B7RLE,Diesel,35.5,28.62,103.8,2025,Silk Board,63
77E,Volvo 8400 B7RLE,Diesel,31.9,28.24,82.3,2025,KR Puram,25
290E,Volvo 8400 B7RLE,Diesel,49.5,59.59,155,2025,Mysuru Road,13
77E,Tata Marcopolo,CNG,29.5,39.07,174.1,2025,KR Puram,50
401A,Switch EiV 12,Electric,35.1,0,84.9,2025,RT Nagar,28
K1,Ashok Leyland Viking,Diesel,42.6,70.93,222.3,2025,Koramangala,75
356C,Tata Marcopolo,CNG,34.9,40.1,136.2,2025,Majestic,18
213K,Volvo 9400XL,Diesel,37.1,36.24,105.2,2025,Banerghatta,51
252H,Switch EiV 12,Electric,41.4,0,123.2,2025,Bommanahalli,45
500D,Ashok Leyland Viking,Diesel,40.1,104.42,273.1,2025,Whitefield,22
210N,Tata Marcopolo,CNG,48.8,22.23,76.6,2025,Jayanagar,21
600A,Ashok Leyland Viking,Diesel,40,23.37,80.3,2025,Banashankari,13
600A,Volvo 8400 B7RLE,Diesel,31.7,80.35,202.7,2025,Banashankari,22
201R,Volvo 8400 B7RLE,Diesel,31.3,77.49,272.3,2025,Yelahanka,23
77E,Volvo 8400 B7RLE,Diesel,40.3,72.57,215.5,2025,KR Puram,66
43E,Tata Marcopolo,CNG,39.9,27.82,119.6,2025,Hebbal,27
215K,Switch EiV 12,Electric,27.6,0,268.3,2025,Kengeri,24
348C,Switch EiV 12,Electric,48.6,0,94.1,2025,Marathahalli,37
290E,Volvo 9400XL,Diesel,47.1,79.17,222,2025,Mysuru Road,62
77E,Switch EiV 12,Electric,42.5,0,189.3,2025,KR Puram,67
365B,Switch EiV 12,Electric,35.2,0,209.6,2025,Silk Board,54
213K,Volvo 8400 B7RLE,Diesel,39.6,22.02,63.4,2025,Banerghatta,76
215K,Ashok Leyland Viking,Diesel,48.9,51.35,159.1,2025,Kengeri,74
252H,Volvo 9400XL,Diesel,29.7,69.77,244.8,2025,Bommanahalli,49
77E,Eicher Skyline Pro,CNG,27.5,91.25,274.9,2025,KR Puram,43
215K,Ashok Leyland Viking,Diesel,27.3,42.9,155.4,2025,Kengeri,20
96E,Volvo 9400XL,Diesel,35.9,90.44,261.2,2025,Electronic City,66
252H,Eicher Skyline Pro,CNG,43.1,51.63,155.6,2025,Bommanahalli,60
290E,Eicher Skyline Pro,CNG,40.3,47.95,189.7,2025,Mysuru Road,78
210N,Ashok Leyland Viking,Diesel,42.9,42.93,113.2,2025,Jayanagar,49
77E,Volvo 9400XL,Diesel,46.9,28.77,103.8,2025,KR Puram,14
210N,Volvo 9400XL,Diesel,31.2,22.33,63,2025,Jayanagar,41
252H,Tata Marcopolo,CNG,31.2,38.66,119.6,2025,Bommanahalli,26
43E,Volvo 9400XL,Diesel,43.3,47.21,161,2025,Hebbal,77
60A,Eicher Skyline Pro,CNG,27,46.98,208,2025,Indiranagar,35
210N,Ashok Leyland Viking,Diesel,45.1,65.47,244.5,2025,Jayanagar,50
210N,Volvo 9400XL,Diesel,38.6,94.7,265.2,2025,Jayanagar,57
77E,Volvo 8400 B7RLE,Diesel,43.6,54.26,195.7,2025,KR Puram,19
290E,Switch EiV 12,Electric,26.7,0,174.7,2025,Mysuru Road,37
356C,Tata Marcopolo,CNG,48,36.53,141.6,2025,Majestic,38
201R,Tata Marcopolo,CNG,31.7,50.22,178.4,2025,Yelahanka,76
60A,Tata Marcopolo,CNG,41.7,61.47,257,2025,Indiranagar,25
279F,Ashok Leyland Viking,Diesel,40.8,55.7,160,2025,Peenya,42
500D,Volvo 8400 B7RLE,Diesel,35.7,68.02,215.2,2025,Whitefield,51
365B,Ashok Leyland Viking,Diesel,48.4,78.16,202.9,2025,Silk Board,32
600A,Eicher Skyline Pro,CNG,32.3,65.85,241.4,2025,Banashankari,24
60A,Switch EiV 12,Electric,32.5,0,64.8,2025,Indiranagar,25
213K,Switch EiV 12,Electric,26.4,0,170.6,2025,Banerghatta,27
600A,Volvo 9400XL,Diesel,48.2,63.2,168,2025,Banashankari,75
215K,Volvo 9400XL,Diesel,35.2,65.52,228.2,2025,Kengeri,22
210N,Tata Marcopolo,CNG,29,36.2,117.3,2025,Jayanagar,50
43E,Volvo 8400 B7RLE,Diesel,29.6,21.59,75.5,2025,Hebbal,41
215K,Volvo 9400XL,Diesel,45.4,72,254,2025,Kengeri,46
96E,Eicher Skyline Pro,CNG,32.2,24.33,84.3,2025,Electronic City,29
600A,Volvo 9400XL,Diesel,37.9,34.81,115,2025,Banashankari,15
K1,Ashok Leyland Viking,Diesel,33.8,37,138.5,2025,Koramangala,11
356C,Tata Marcopolo,CNG,32.7,53.45,233.6,2025,Majestic,44
K1,Volvo 9400XL,Diesel,33.2,88.93,269.6,2025,Koramangala,28
V500C,Ashok Leyland Viking,Diesel,48.5,44.88,171.2,2025,ITPL,49
60A,Switch EiV 12,Electric,34.8,0,82.6,2025,Indiranagar,49
600A,Eicher Skyline Pro,CNG,37.6,55.21,181.7,2025,Banashankari,49
V500C,Tata Marcopolo,CNG,41.9,58.47,248.9,2025,ITPL,62
348C,Switch EiV 12,Electric,43.7,0,248.9,2025,Marathahalli,52
290E,Volvo 8400 B7RLE,Diesel,40.3,57.14,156.6,2025,Mysuru Road,40
600A,Volvo 8400 B7RLE,Diesel,29.5,58.8,208.2,2025,Banashankari,19
252H,Eicher Skyline Pro,CNG,27.9,34.02,110.5,2025,Bommanahalli,42
348C,Tata Marcopolo,CNG,43,14.74,60.4,2025,Marathahalli,56
12G,Switch EiV 12,Electric,29,0,173.3,2025,BTM Layout,37
201R,Volvo 8400 B7RLE,Diesel,25.5,28.52,78.4,2025,Yelahanka,72
600A,Ashok Leyland Viking,Diesel,31,84.45,256,2025,Banashankari,46
600A,Volvo 9400XL,Diesel,30.6,25.37,83.2,2025,Banashankari,79
V500C,Volvo 8400 B7RLE,Diesel,31.1,74.89,193.7,2025,ITPL,50
12G,Tata Marcopolo,CNG,30.9,43.85,146,2025,BTM Layout,51
77E,Eicher Skyline Pro,CNG,40.4,70.71,271.2,2025,KR Puram,31
210N,Switch EiV 12,Electric,35.7,0,151.5,2025,Jayanagar,11
600A,Volvo 8400 B7RLE,Diesel,42.4,50.38,179,2025,Banashankari,30
V500C,Volvo 9400XL,Diesel,37.5,31.37,97.8,2025,ITPL,55
43E,Switch EiV 12,Electric,40.8,0,251.5,2025,Hebbal,44
356C,Switch EiV 12,Electric,27.9,0,177.2,2025,Majestic,19
365B,Eicher Skyline Pro,CNG,27.9,55.11,193.2,2025,Silk Board,40
356C,Volvo 9400XL,Diesel,42.3,32.53,91.4,2025,Majestic,68
12G,Switch EiV 12,Electric,47.4,0,146.2,2025,BTM Layout,45
279F,Volvo 9400XL,Diesel,37.7,33.53,104.9,2025,Peenya,76
K1,Eicher Skyline Pro,CNG,44.8,20.62,64,2025,Koramangala,46
201R,Tata Marcopolo,CNG,39,41.67,164.3,2025,Yelahanka,46
252H,Switch EiV 12,Electric,31.3,0,211.5,2025,Bommanahalli,77
213K,Tata Marcopolo,CNG,43.1,16.35,62.2,2025,Banerghatta,68
77E,Switch EiV 12,Electric,45.5,0,243.9,2025,KR Puram,71
96E,Switch EiV 12,Electric,37.1,0,245.5,2025,Electronic City,48
356C,Volvo 9400XL,Diesel,44.8,41.99,133.4,2025,Majestic,22
60A,Ashok Leyland Viking,Diesel,46.4,26.26,100.4,2025,Indiranagar,67
401A,Volvo 8400 B7RLE,Diesel,26.9,52.76,162.6,2025,RT Nagar,72
210N,Volvo 8400 B7RLE,Diesel,47.5,84.41,236.8,2025,Jayanagar,62
356C,Ashok Leyland Viking,Diesel,46.9,24.22,74.7,2025,Majestic,52
201R,Switch EiV 12,Electric,49.2,0,179.2,2025,Yelahanka,69
96E,Tata Marcopolo,CNG,41.2,23.98,74.6,2025,Electronic City,27
60A,Ashok Leyland Viking,Diesel,45.1,45.27,142.6,2025,Indiranagar,23
348C,Volvo 9400XL,Diesel,39,93.7,279.4,2025,Marathahalli,73
401A,Volvo 9400XL,Diesel,33.8,35.44,108.4,2025,RT Nagar,60
348C,Volvo 8400 B7RLE,Diesel,34.2,23.5,75.1,2025,Marathahalli,62
365B,Volvo 9400XL,Diesel,41.4,61.46,219,2025,Silk Board,80
96E,Ashok Leyland Viking,Diesel,30.4,17.69,61.8,2025,Electronic City,59
365B,Eicher Skyline Pro,CNG,25.1,39.58,166.5,2025,Silk Board,54
600A,Eicher Skyline Pro,CNG,38.7,74.2,230,2025,Banashankari,58
500D,Eicher Skyline Pro,CNG,39.6,54.78,228.6,2025,Whitefield,59
210N,Volvo 8400 B7RLE,Diesel,45.1,68.78,225.4,2025,Jayanagar,68
201R,Volvo 8400 B7RLE,Diesel,41.8,26.5,90.9,2025,Yelahanka,53
348C,Ashok Leyland Viking,Diesel,29.2,79.97,223.3,2025,Marathahalli,54
77E,Switch EiV 12,Electric,43.7,0,255.9,2025,KR Puram,79
213K,Eicher Skyline Pro,CNG,44,66.69,259.8,2025,Banerghatta,39
500D,Switch EiV 12,Electric,47.2,0,203.9,2025,Whitefield,80
201R,Eicher Skyline Pro,CNG,40.8,57.9,187.3,2025,Yelahanka,16
600A,Eicher Skyline Pro,CNG,42.9,48.23,164.3,2025,Banashankari,74
365B,Ashok Leyland Viking,Diesel,32.8,36.51,104.5,2025,Silk Board,11
77E,Ashok Leyland Viking,Diesel,35.6,27.79,107.3,2025,KR Puram,45
12G,Switch EiV 12,Electric,29.7,0,171.6,2025,BTM Layout,14
43E,Eicher Skyline Pro,CNG,42.4,21.52,76.9,2025,Hebbal,33
356C,Volvo 9400XL,Diesel,41.5,65.18,240.8,2025,Majestic,77
43E,Switch EiV 12,Electric,42.3,0,119.8,2025,Hebbal,10
215K,Volvo 8400 B7RLE,Diesel,48.5,34.19,118.1,2025,Kengeri,24
201R,Ashok Leyland Viking,Diesel,31.7,47.16,131.4,2025,Yelahanka,25
K1,Ashok Leyland Viking,Diesel,30.5,62.72,212.8,2025,Koramangala,34
600A,Ashok Leyland Viking,Diesel,41.5,31.75,118.2,2025,Banashankari,61
356C,Volvo 9400XL,Diesel,44,83.12,231.2,2025,Majestic,41
365B,Volvo 9400XL,Diesel,42.5,26.01,79.4,2025,Silk Board,63
K1,Eicher Skyline Pro,CNG,25.8,45.76,155.1,2025,Koramangala,14
252H,Volvo 8400 B7RLE,Diesel,47,23.52,67.4,2025,Bommanahalli,12
12G,Eicher Skyline Pro,CNG,26,45.65,182.6,2025,BTM Layout,73
Route_No,Bus_Model,Fuel_Type,Avg_Speed_kmph,Fuel_Consumed_Liters,Distance_Covered_km,Year,Destination,No_of_Buses_in_Route
356C,Tata Marcopolo,CNG,48.8,34.75,142.4,2025,Majestic,40
V500C,Volvo 8400 B7RLE,Diesel,28.9,70.12,191.7,2025,ITPL,58
77E,Volvo 8400 B7RLE,Diesel,46.7,21.4,72.8,2025,KR Puram,54
279F,Volvo 9400XL,Diesel,25.5,54.57,215.8,2025,Peenya,30
60A,Volvo 9400XL,Diesel,30.3,87.68,243.1,2025,Indiranagar,44
348C,Volvo 8400 B7RLE,Diesel,32.6,30.51,100.3,2025,Marathahalli,62
252H,Tata Marcopolo,CNG,32.3,39.56,155,2025,Bommanahalli,43
77E,Eicher Skyline Pro,CNG,32.3,25.55,90.7,2025,KR Puram,72
401A,Switch EiV 12,Electric,44.6,0,160.3,2025,RT Nagar,21
60A,Ashok Leyland Viking,Diesel,37.9,30.66,103.9,2025,Indiranagar,65
213K,Eicher Skyline Pro,CNG,40.2,21.56,70.2,2025,Banerghatta,28
213K,Tata Marcopolo,CNG,48.7,16.7,74.3,2025,Banerghatta,10
K1,Eicher Skyline Pro,CNG,32.6,75.58,237.8,2025,Koramangala,54
600A,Eicher Skyline Pro,CNG,36,66.13,210.5,2025,Banashankari,34
215K,Volvo 9400XL,Diesel,25.9,43.71,168.9,2025,Kengeri,21
348C,Volvo 8400 B7RLE,Diesel,41.6,39.39,116.9,2025,Marathahalli,59
60A,Eicher Skyline Pro,CNG,38.7,53.21,174.4,2025,Indiranagar,68
213K,Eicher Skyline Pro,CNG,44.4,61.98,273.3,2025,Banerghatta,20
K1,Volvo 9400XL,Diesel,39.9,66.16,256.9,2025,Koramangala,19
12G,Volvo 8400 B7RLE,Diesel,29.9,30.96,79.5,2025,BTM Layout,37
K1,Ashok Leyland Viking,Diesel,34.7,45.27,131.6,2025,Koramangala,67
K1,Switch EiV 12,Electric,33.9,0,242.3,2025,Koramangala,72
201R,Volvo 9400XL,Diesel,38.6,44.92,121.8,2025,Yelahanka,20
600A,Tata Marcopolo,CNG,26.9,52.79,236.5,2025,Banashankari,41
60A,Switch EiV 12,Electric,30,0,229.9,2025,Indiranagar,72
60A,Volvo 9400XL,Diesel,45.4,17.19,61.2,2025,Indiranagar,24
201R,Ashok Leyland Viking,Diesel,44.3,84.41,220.4,2025,Yelahanka,78
210N,Eicher Skyline Pro,CNG,27.9,32.34,138.9,2025,Jayanagar,66
V500C,Eicher Skyline Pro,CNG,33.3,63.68,197.1,2025,ITPL,22
365B,Switch EiV 12,Electric,33.1,0,128.4,2025,Silk Board,34
96E,Eicher Skyline Pro,CNG,40.9,50.91,220.5,2025,Electronic City,53
600A,Switch EiV 12,Electric,28,0,163.9,2025,Banashankari,49
210N,Tata Marcopolo,CNG,44,56.46,216.9,2025,Jayanagar,26
77E,Tata Marcopolo,CNG,37.3,60.67,229.6,2025,KR Puram,37
348C,Tata Marcopolo,CNG,25.6,48.74,154.1,2025,Marathahalli,24
96E,Volvo 9400XL,Diesel,40.9,22.51,66.9,2025,Electronic City,41
252H,Eicher Skyline Pro,CNG,47.7,50.95,171.9,2025,Bommanahalli,40
213K,Eicher Skyline Pro,CNG,43.9,44.96,150.3,2025,Banerghatta,45
210N,Volvo 8400 B7RLE,Diesel,32.2,28.05,76.9,2025,Jayanagar,68
356C,Volvo 9400XL,Diesel,45.2,76.66,264.5,2025,Majestic,50
365B,Volvo 8400 B7RLE,Diesel,45.1,90.54,251.7,2025,Silk Board,33
279F,Ashok Leyland Viking,Diesel,38.5,69.09,256.4,2025,Peenya,45
V500C,Eicher Skyline Pro,CNG,33,81.23,257.1,2025,ITPL,73
279F,Eicher Skyline Pro,CNG,35.7,26.05,110.1,2025,Peenya,24
96E,Tata Marcopolo,CNG,25.2,66.22,249.4,2025,Electronic City,73
12G,Ashok Leyland Viking,Diesel,30.6,56.65,151.8,2025,BTM Layout,66
500D,Eicher Skyline Pro,CNG,48.6,38.54,134.3,2025,Whitefield,50
500D,Ashok Leyland Viking,Diesel,42.6,57.17,174.1,2025,Whitefield,38
210N,Volvo 8400 B7RLE,Diesel,49.1,95.15,273.8,2025,Jayanagar,43
215K,Volvo 9400XL,Diesel,32.5,57.87,169.4,2025,Kengeri,14
60A,Eicher Skyline Pro,CNG,40.2,18.14,68.1,2025,Indiranagar,10
12G,Tata Marcopolo,CNG,32,16.34,71.3,2025,BTM Layout,43
210N,Eicher Skyline Pro,CNG,28.6,30.18,112.7,2025,Jayanagar,43
96E,Volvo 9400XL,Diesel,31.1,78.9,276.8,2025,Electronic City,18
600A,Eicher Skyline Pro,CNG,30.9,55.62,227.6,2025,Banashankari,42
401A,Eicher Skyline Pro,CNG,40.8,35.67,140.9,2025,RT Nagar,13
365B,Ashok Leyland Viking,Diesel,27.3,47.4,177.9,2025,Silk Board,37
12G,Eicher Skyline Pro,CNG,29.7,42.66,130.6,2025,BTM Layout,73
401A,Tata Marcopolo,CNG,41.9,62.81,190,2025,RT Nagar,62
600A,Ashok Leyland Viking,Diesel,30.7,49.8,172.7,2025,Banashankari,72
348C,Eicher Skyline Pro,CNG,42.3,27.49,98.4,2025,Marathahalli,68
96E,Ashok Leyland Viking,Diesel,28.4,88.36,266.1,2025,Electronic City,71
77E,Ashok Leyland Viking,Diesel,48.1,22.27,85,2025,KR Puram,58
77E,Ashok Leyland Viking,Diesel,41.5,31.32,116.7,2025,KR Puram,15
348C,Switch EiV 12,Electric,38.2,0,182.1,2025,Marathahalli,10
401A,Volvo 9400XL,Diesel,27.3,29.43,113.2,2025,RT Nagar,76
600A,Ashok Leyland Viking,Diesel,40.8,85.79,258.1,2025,Banashankari,58
348C,Eicher Skyline Pro,CNG,43.1,31.48,136.8,2025,Marathahalli,23
60A,Eicher Skyline Pro,CNG,44.5,64.39,255.2,2025,Indiranagar,15
V500C,Tata Marcopolo,CNG,29,18.05,78.5,2025,ITPL,78
290E,Eicher Skyline Pro,CNG,25.2,61.35,193.4,2025,Mysuru Road,70
215K,Switch EiV 12,Electric,25.1,0,206,2025,Kengeri,21
279F,Switch EiV 12,Electric,38.7,0,95.4,2025,Peenya,25
348C,Tata Marcopolo,CNG,41.3,63.6,212.2,2025,Marathahalli,40
213K,Eicher Skyline Pro,CNG,30.9,62.13,216.7,2025,Banerghatta,35
365B,Tata Marcopolo,CNG,41.2,52.46,224.2,2025,Silk Board,29
279F,Eicher Skyline Pro,CNG,39.2,65.18,204.7,2025,Peenya,62
252H,Eicher Skyline Pro,CNG,31.6,41.86,140.9,2025,Bommanahalli,79
12G,Volvo 8400 B7RLE,Diesel,34.8,71.42,274.1,2025,BTM Layout,71
600A,Volvo 9400XL,Diesel,44.9,61.13,198.9,2025,Banashankari,12
365B,Ashok Leyland Viking,Diesel,37.3,66.92,186.9,2025,Silk Board,50
600A,Switch EiV 12,Electric,32,0,218.9,2025,Banashankari,17
60A,Volvo 9400XL,Diesel,41.1,23.61,65.3,2025,Indiranagar,64
356C,Ashok Leyland Viking,Diesel,48.8,68.93,266.9,2025,Majestic,78
213K,Ashok Leyland Viking,Diesel,25.4,36.33,141.4,2025,Banerghatta,33
401A,Tata Marcopolo,CNG,49.2,34.69,154.2,2025,RT Nagar,59
356C,Switch EiV 12,Electric,32.4,0,247.7,2025,Majestic,32
77E,Volvo 8400 B7RLE,Diesel,46.3,48.63,144.7,2025,KR Puram,60
401A,Eicher Skyline Pro,CNG,38.9,22.09,97.3,2025,RT Nagar,73
210N,Switch EiV 12,Electric,39.3,0,213.1,2025,Jayanagar,49
213K,Switch EiV 12,Electric,40.4,0,81.4,2025,Banerghatta,28
77E,Tata Marcopolo,CNG,28.5,73.54,277.8,2025,KR Puram,43
600A,Volvo 9400XL,Diesel,43.5,71.36,253,2025,Banashankari,13
279F,Ashok Leyland Viking,Diesel,34,72.95,214.5,2025,Peenya,12
348C,Volvo 8400 B7RLE,Diesel,45.3,62.65,238.1,2025,Marathahalli,17
215K,Volvo 8400 B7RLE,Diesel,37.8,80.22,260.9,2025,Kengeri,22
279F,Tata Marcopolo,CNG,41.2,58.13,235.6,2025,Peenya,72
12G,Tata Marcopolo,CNG,47.3,67.04,235.1,2025,BTM Layout,17
V500C,Ashok Leyland Viking,Diesel,27.3,42.35,142.6,2025,ITPL,35
290E,Ashok Leyland Viking,Diesel,36.6,20.49,67.9,2025,Mysuru Road,32
500D,Eicher Skyline Pro,CNG,39.8,40.38,123,2025,Whitefield,19
60A,Ashok Leyland Viking,Diesel,45.6,22.43,68.2,2025,Indiranagar,74
V500C,Switch EiV 12,Electric,38.1,0,88,2025,ITPL,61
252H,Switch EiV 12,Electric,30.4,0,229.4,2025,Bommanahalli,58
43E,Tata Marcopolo,CNG,27.1,64.01,197,2025,Hebbal,69
96E,Switch EiV 12,Electric,38.5,0,176.9,2025,Electronic City,45
365B,Volvo 8400 B7RLE,Diesel,43.2,50.51,200.2,2025,Silk Board,76
60A,Tata Marcopolo,CNG,33.1,41.4,173.6,2025,Indiranagar,53
96E,Ashok Leyland Viking,Diesel,36,45.69,119.6,2025,Electronic City,54
12G,Eicher Skyline Pro,CNG,49.1,15.42,65.6,2025,BTM Layout,35
348C,Eicher Skyline Pro,CNG,35.2,65.37,213.1,2025,Marathahalli,49
279F,Volvo 8400 B7RLE,Diesel,31.3,28.4,94.4,2025,Peenya,70
290E,Tata Marcopolo,CNG,41.5,63.51,217.2,2025,Mysuru Road,57
365B,Volvo 8400 B7RLE,Diesel,43.4,81.07,270.1,2025,Silk Board,44
12G,Ashok Leyland Viking,Diesel,35.5,67.77,194.6,2025,BTM Layout,23
213K,Ashok Leyland Viking,Diesel,43.9,54.85,138.3,2025,Banerghatta,44
348C,Ashok Leyland Viking,Diesel,26.2,33.38,85.5,2025,Marathahalli,34
213K,Tata Marcopolo,CNG,42.6,66.88,248.2,2025,Banerghatta,19
V500C,Eicher Skyline Pro,CNG,37.3,21.97,81.5,2025,ITPL,65
12G,Ashok Leyland Viking,Diesel,35.8,31.67,98.1,2025,BTM Layout,41
290E,Ashok Leyland Viking,Diesel,40.9,76.13,195.5,2025,Mysuru Road,22
213K,Switch EiV 12,Electric,40.6,0,142.4,2025,Banerghatta,78
356C,Switch EiV 12,Electric,46.4,0,170.7,2025,Majestic,11
12G,Volvo 9400XL,Diesel,29.1,78.63,204.9,2025,BTM Layout,19
279F,Volvo 9400XL,Diesel,25.7,59.58,201.3,2025,Peenya,69
348C,Switch EiV 12,Electric,39.4,0,266.9,2025,Marathahalli,12
60A,Eicher Skyline Pro,CNG,41.1,39.43,145.4,2025,Indiranagar,57
290E,Tata Marcopolo,CNG,48.5,50.29,180,2025,Mysuru Road,18
210N,Eicher Skyline Pro,CNG,47.6,82.43,271.5,2025,Jayanagar,36
201R,Volvo 9400XL,Diesel,27.5,29.79,75.3,2025,Yelahanka,39
600A,Volvo 8400 B7RLE,Diesel,42.1,31,80.8,2025,Banashankari,48
600A,Volvo 9400XL,Diesel,46.1,51.36,130.2,2025,Banashankari,60
290E,Volvo 9400XL,Diesel,32,89.35,239.2,2025,Mysuru Road,49
213K,Volvo 9400XL,Diesel,40.7,55.89,213.3,2025,Banerghatta,19
77E,Eicher Skyline Pro,CNG,45.1,64.77,221.7,2025,KR Puram,15
V500C,Ashok Leyland Viking,Diesel,43.8,26.68,99,2025,ITPL,20
401A,Volvo 9400XL,Diesel,35.3,90.88,277.9,2025,RT Nagar,80
77E,Eicher Skyline Pro,CNG,33.5,52.5,230.8,2025,KR Puram,73
210N,Eicher Skyline Pro,CNG,35.7,60.32,248.9,2025,Jayanagar,71
V500C,Switch EiV 12,Electric,27.6,0,226,2025,ITPL,70
77E,Switch EiV 12,Electric,37.6,0,258.6,2025,KR Puram,59
60A,Eicher Skyline Pro,CNG,33,55.67,241.8,2025,Indiranagar,14
213K,Switch EiV 12,Electric,25.3,0,145.6,2025,Banerghatta,59
215K,Switch EiV 12,Electric,27.3,0,259.2,2025,Kengeri,54
401A,Switch EiV 12,Electric,48.8,0,130.2,2025,RT Nagar,28
279F,Switch EiV 12,Electric,39.3,0,269.1,2025,Peenya,20
252H,Switch EiV 12,Electric,36.2,0,199,2025,Bommanahalli,66
12G,Volvo 9400XL,Diesel,33.2,35.48,124.5,2025,BTM Layout,72
500D,Tata Marcopolo,CNG,44.8,53.89,225.5,2025,Whitefield,17
401A,Eicher Skyline Pro,CNG,37.4,25.95,80.1,2025,RT Nagar,24
201R,Eicher Skyline Pro,CNG,36,41.76,180.9,2025,Yelahanka,22
96E,Volvo 8400 B7RLE,Diesel,27.9,50.54,137.2,2025,Electronic City,39
365B,Tata Marcopolo,CNG,40.5,72.18,227.5,2025,Silk Board,75
290E,Volvo 8400 B7RLE,Diesel,42.5,30.09,78.5,2025,Mysuru Road,58
365B,Volvo 9400XL,Diesel,42.7,91.84,240.8,2025,Silk Board,47
401A,Volvo 9400XL,Diesel,49.7,25.71,78.7,2025,RT Nagar,60
201R,Tata Marcopolo,CNG,45.3,32.01,141.5,2025,Yelahanka,35
356C,Switch EiV 12,Electric,43.8,0,276.9,2025,Majestic,67
201R,Volvo 8400 B7RLE,Diesel,27.1,38.96,142.8,2025,Yelahanka,38
60A,Ashok Leyland Viking,Diesel,35.6,47.36,182.8,2025,Indiranagar,78
K1,Volvo 8400 B7RLE,Diesel,37.3,33.57,84.5,2025,Koramangala,49
60A,Volvo 8400 B7RLE,Diesel,26.4,60.9,163.1,2025,Indiranagar,63
356C,Tata Marcopolo,CNG,41.2,20.85,85.9,2025,Majestic,50
77E,Tata Marcopolo,CNG,49.1,52.86,188.3,2025,KR Puram,31
60A,Ashok Leyland Viking,Diesel,46.7,43.34,122.9,2025,Indiranagar,33
43E,Volvo 9400XL,Diesel,25.3,68.75,271.9,2025,Hebbal,77
210N,Switch EiV 12,Electric,47.3,0,69.5,2025,Jayanagar,39
356C,Switch EiV 12,Electric,49.8,0,176.1,2025,Majestic,11
210N,Eicher Skyline Pro,CNG,38.8,17.11,76.2,2025,Jayanagar,58
252H,Eicher Skyline Pro,CNG,40.7,43.3,175.1,2025,Bommanahalli,74
348C,Volvo 8400 B7RLE,Diesel,40.7,47.39,160,2025,Marathahalli,66
348C,Volvo 8400 B7RLE,Diesel,26.1,88.42,258.3,2025,Marathahalli,71
356C,Ashok Leyland Viking,Diesel,47.3,84.53,269.1,2025,Majestic,27
279F,Volvo 8400 B7RLE,Diesel,31.9,70.59,196.4,2025,Peenya,50
77E,Volvo 8400 B7RLE,Diesel,33.8,47.99,162,2025,KR Puram,16
60A,Switch EiV 12,Electric,49.4,0,77.1,2025,Indiranagar,56
77E,Ashok Leyland Viking,Diesel,42.5,83.83,277,2025,KR Puram,68
12G,Switch EiV 12,Electric,45.3,0,128.1,2025,BTM Layout,50
348C,Volvo 8400 B7RLE,Diesel,29.1,54.47,210.6,2025,Marathahalli,26
213K,Switch EiV 12,Electric,48.7,0,241,2025,Banerghatta,27
365B,Volvo 8400 B7RLE,Diesel,40.3,70.25,219.7,2025,Silk Board,20
215K,Tata Marcopolo,CNG,46.7,86.45,265.2,2025,Kengeri,38
201R,Volvo 8400 B7RLE,Diesel,34.4,17.71,65.8,2025,Yelahanka,20
279F,Volvo 9400XL,Diesel,28.8,81.74,277.2,2025,Peenya,64
96E,Volvo 9400XL,Diesel,49.2,38.21,143.8,2025,Electronic City,72
213K,Volvo 9400XL,Diesel,36.7,78.28,244.4,2025,Banerghatta,18
500D,Ashok Leyland Viking,Diesel,26.4,31.63,120.1,2025,Whitefield,33
348C,Tata Marcopolo,CNG,50,53.13,238.8,2025,Marathahalli,77
213K,Switch EiV 12,Electric,44.2,0,182.2,2025,Banerghatta,51
365B,Eicher Skyline Pro,CNG,46.2,79.44,267.8,2025,Silk Board,18
290E,Switch EiV 12,Electric,28.2,0,159.1,2025,Mysuru Road,64
348C,Volvo 9400XL,Diesel,40.2,94.94,269.9,2025,Marathahalli,68
213K,Volvo 9400XL,Diesel,40.5,68.42,207.8,2025,Banerghatta,25
213K,Ashok Leyland Viking,Diesel,41.8,25.91,85,2025,Banerghatta,13
77E,Tata Marcopolo,CNG,38,53.74,229.9,2025,KR Puram,53
43E,Ashok Leyland Viking,Diesel,39,47.55,181.4,2025,Hebbal,26
600A,Volvo 9400XL,Diesel,28.4,58.51,148.8,2025,Banashankari,80
600A,Volvo 8400 B7RLE,Diesel,40.5,63.58,226.1,2025,Banashankari,46
V500C,Switch EiV 12,Electric,28.4,0,106.9,2025,ITPL,17
210N,Switch EiV 12,Electric,33.8,0,63.2,2025,Jayanagar,67
365B,Ashok Leyland Viking,Diesel,34.8,60.14,189.8,2025,Silk Board,73
210N,Volvo 9400XL,Diesel,33.7,79.15,258.9,2025,Jayanagar,50
60A,Volvo 9400XL,Diesel,34.9,67.69,232.4,2025,Indiranagar,52
V500C,Volvo 8400 B7RLE,Diesel,48.7,91.78,249.7,2025,ITPL,40
252H,Switch EiV 12,Electric,37.3,0,263.8,2025,Bommanahalli,48
77E,Eicher Skyline Pro,CNG,36.5,26.13,116.8,2025,KR Puram,24
500D,Tata Marcopolo,CNG,33.2,42.63,168.4,2025,Whitefield,27
365B,Volvo 8400 B7RLE,Diesel,26.9,41.88,112.8,2025,Silk Board,45
600A,Volvo 9400XL,Diesel,28.8,32.57,88.2,2025,Banashankari,73
K1,Ashok Leyland Viking,Diesel,29.5,66.59,201,2025,Koramangala,66
43E,Tata Marcopolo,CNG,36.8,64.3,257.3,2025,Hebbal,40
401A,Volvo 9400XL,Diesel,29.8,38.22,97.9,2025,RT Nagar,32
77E,Eicher Skyline Pro,CNG,32,29.77,97.2,2025,KR Puram,31
365B,Tata Marcopolo,CNG,28,21.54,79.5,2025,Silk Board,28
252H,Volvo 8400 B7RLE,Diesel,34.1,32.38,105.4,2025,Bommanahalli,78
60A,Volvo 8400 B7RLE,Diesel,26,57.28,211.9,2025,Indiranagar,27
500D,Ashok Leyland Viking,Diesel,27,51.99,198.1,2025,Whitefield,78
600A,Eicher Skyline Pro,CNG,26.5,76.89,262.6,2025,Banashankari,56
210N,Eicher Skyline Pro,CNG,43.7,72.45,237.4,2025,Jayanagar,29
356C,Eicher Skyline Pro,CNG,34.3,28.47,106.1,2025,Majestic,26
77E,Ashok Leyland Viking,Diesel,34.2,61.37,196,2025,KR Puram,62
43E,Eicher Skyline Pro,CNG,25.9,66.42,224.4,2025,Hebbal,77
77E,Volvo 9400XL,Diesel,47.4,66.38,216.9,2025,KR Puram,20
600A,Ashok Leyland Viking,Diesel,27.7,55.85,177.1,2025,Banashankari,49
279F,Volvo 9400XL,Diesel,31.1,61.02,177.2,2025,Peenya,23
500D,Ashok Leyland Viking,Diesel,25.5,47.94,143,2025,Whitefield,73
290E,Switch EiV 12,Electric,33.2,0,106.5,2025,Mysuru Road,76
43E,Ashok Leyland Viking,Diesel,47.3,25.45,86.3,2025,Hebbal,61
K1,Volvo 8400 B7RLE,Diesel,44.7,64.48,209.4,2025,Koramangala,76
77E,Switch EiV 12,Electric,38.4,0,79.1,2025,KR Puram,64
12G,Volvo 9400XL,Diesel,43.6,60.08,189.1,2025,BTM Layout,37
348C,Tata Marcopolo,CNG,32.1,24.85,88.1,2025,Marathahalli,66
K1,Ashok Leyland Viking,Diesel,39.3,66.61,202.1,2025,Koramangala,61
60A,Eicher Skyline Pro,CNG,40.1,82.54,277,2025,Indiranagar,60
252H,Switch EiV 12,Electric,28.8,0,82.4,2025,Bommanahalli,37
12G,Tata Marcopolo,CNG,29,34.79,114.1,2025,BTM Layout,14
356C,Ashok Leyland Viking,Diesel,29.3,31.91,122.7,2025,Majestic,40
500D,Eicher Skyline Pro,CNG,38.1,21.49,77.7,2025,Whitefield,50
356C,Volvo 9400XL,Diesel,27.8,89.16,276.1,2025,Majestic,17
365B,Ashok Leyland Viking,Diesel,46.6,73.36,273.3,2025,Silk Board,79
279F,Tata Marcopolo,CNG,29.3,29.15,116.7,2025,Peenya,19
213K,Eicher Skyline Pro,CNG,38.9,68.57,264.5,2025,Banerghatta,27
201R,Switch EiV 12,Electric,44.2,0,121.6,2025,Yelahanka,46
201R,Tata Marcopolo,CNG,33.1,27.79,101.1,2025,Yelahanka,37
279F,Switch EiV 12,Electric,31.1,0,171.7,2025,Peenya,44
213K,Switch EiV 12,Electric,40.3,0,85.3,2025,Banerghatta,37
252H,Switch EiV 12,Electric,39.5,0,123.5,2025,Bommanahalli,38
365B,Switch EiV 12,Electric,37,0,94,2025,Silk Board,16
60A,Volvo 9400XL,Diesel,26.3,58.97,177.2,2025,Indiranagar,31
290E,Eicher Skyline Pro,CNG,26.6,19.98,89.6,2025,Mysuru Road,39
290E,Switch EiV 12,Electric,45.2,0,130.9,2025,Mysuru Road,72
348C,Tata Marcopolo,CNG,42,28.02,116,2025,Marathahalli,50
365B,Ashok Leyland Viking,Diesel,36.8,61.26,191,2025,Silk Board,21
279F,Switch EiV 12,Electric,48.2,0,136.8,2025,Peenya,52
12G,Volvo 8400 B7RLE,Diesel,49.1,90.34,242.7,2025,BTM Layout,71
K1,Tata Marcopolo,CNG,48.5,67.48,220.8,2025,Koramangala,79
290E,Volvo 8400 B7RLE,Diesel,43.5,22.19,74.6,2025,Mysuru Road,66
348C,Ashok Leyland Viking,Diesel,28.5,66.4,245.2,2025,Marathahalli,73
V500C,Volvo 8400 B7RLE,Diesel,29.1,38.01,104.4,2025,ITPL,57
252H,Volvo 9400XL,Diesel,41.6,72.82,239.2,2025,Bommanahalli,27
12G,Tata Marcopolo,CNG,46.9,38.71,138.9,2025,BTM Layout,63
401A,Switch EiV 12,Electric,36,0,239.7,2025,RT Nagar,34
77E,Volvo 8400 B7RLE,Diesel,36.6,48.41,142.9,2025,KR Puram,57
210N,Volvo 9400XL,Diesel,37.6,78.82,224.5,2025,Jayanagar,13
210N,Tata Marcopolo,CNG,34.6,67.6,257.9,2025,Jayanagar,48
43E,Switch EiV 12,Electric,40.6,0,259.4,2025,Hebbal,71
96E,Ashok Leyland Viking,Diesel,48.5,24.9,85.7,2025,Electronic City,69
365B,Eicher Skyline Pro,CNG,28.5,31.9,133.7,2025,Silk Board,58
V500C,Ashok Leyland Viking,Diesel,38.3,51.13,196.4,2025,ITPL,14
348C,Tata Marcopolo,CNG,28.8,67.34,233.5,2025,Marathahalli,21
K1,Ashok Leyland Viking,Diesel,43.6,44.98,114.7,2025,Koramangala,26
K1,Volvo 8400 B7RLE,Diesel,44.1,48.6,185.4,2025,Koramangala,14
96E,Eicher Skyline Pro,CNG,45.5,42.74,135.3,2025,Electronic City,69
210N,Volvo 8400 B7RLE,Diesel,28.2,79.52,246.2,2025,Jayanagar,31
356C,Eicher Skyline Pro,CNG,28.7,70.4,235.4,2025,Majestic,15
600A,Ashok Leyland Viking,Diesel,43,63.23,218.9,2025,Banashankari,71
60A,Tata Marcopolo,CNG,38.6,62.97,212.7,2025,Indiranagar,29
77E,Switch EiV 12,Electric,29.5,0,136.1,2025,KR Puram,77
356C,Switch EiV 12,Electric,39.6,0,259.9,2025,Majestic,36
252H,Ashok Leyland Viking,Diesel,36.6,37.8,148.2,2025,Bommanahalli,65
600A,Tata Marcopolo,CNG,39.7,24.93,93.7,2025,Banashankari,45
77E,Switch EiV 12,Electric,25.5,0,194.5,2025,KR Puram,71
96E,Volvo 9400XL,Diesel,48.3,75.25,251.9,2025,Electronic City,17
43E,Volvo 9400XL,Diesel,48.1,59.9,213.3,2025,Hebbal,57
77E,Volvo 9400XL,Diesel,39.4,27.45,93.6,2025,KR Puram,64
215K,Volvo 9400XL,Diesel,43.4,39.29,153.3,2025,Kengeri,63
252H,Ashok Leyland Viking,Diesel,36.3,98.73,263.6,2025,Bommanahalli,20
210N,Volvo 9400XL,Diesel,46,102.98,276.7,2025,Jayanagar,17
500D,Switch EiV 12,Electric,46.7,0,262.6,2025,Whitefield,24
201R,Volvo 9400XL,Diesel,39.8,56.19,174.1,2025,Yelahanka,37
215K,Ashok Leyland Viking,Diesel,33.4,19.44,72,2025,Kengeri,49
60A,Volvo 9400XL,Diesel,33.3,19.69,61,2025,Indiranagar,61
12G,Ashok Leyland Viking,Diesel,48,59.02,178.2,2025,BTM Layout,21
600A,Volvo 8400 B7RLE,Diesel,43.4,42.88,136.3,2025,Banashankari,45
401A,Volvo 8400 B7RLE,Diesel,36.3,40.35,109.4,2025,RT Nagar,24
215K,Tata Marcopolo,CNG,37.5,27.23,98.8,2025,Kengeri,27
401A,Tata Marcopolo,CNG,34.1,67.5,261.3,2025,RT Nagar,25
60A,Volvo 9400XL,Diesel,25.3,56.96,199.1,2025,Indiranagar,69
252H,Eicher Skyline Pro,CNG,49,30.78,99.2,2025,Bommanahalli,74
77E,Volvo 8400 B7RLE,Diesel,27.1,37.84,151.2,2025,KR Puram,48
500D,Ashok Leyland Viking,Diesel,39.9,65.56,170.5,2025,Whitefield,78
96E,Ashok Leyland Viking,Diesel,30.2,58.49,225,2025,Electronic City,28
290E,Eicher Skyline Pro,CNG,29.8,34.4,105.1,2025,Mysuru Road,78
252H,Tata Marcopolo,CNG,39.1,52.9,163.9,2025,Bommanahalli,37
43E,Volvo 9400XL,Diesel,36.3,70.16,230.6,2025,Hebbal,20
96E,Eicher Skyline Pro,CNG,35,40.89,157,2025,Electronic City,35
279F,Switch EiV 12,Electric,29.5,0,94.2,2025,Peenya,58
279F,Volvo 8400 B7RLE,Diesel,48.7,81.57,249.6,2025,Peenya,77
77E,Ashok Leyland Viking,Diesel,41.1,38.42,119.6,2025,KR Puram,47
213K,Volvo 9400XL,Diesel,28.9,18.35,65.6,2025,Banerghatta,50
365B,Volvo 8400 B7RLE,Diesel,25.7,72.36,205,2025,Silk Board,33
279F,Tata Marcopolo,CNG,41.8,36.57,110.8,2025,Peenya,38
213K,Eicher Skyline Pro,CNG,45,25.37,82.9,2025,Banerghatta,60
600A,Volvo 9400XL,Diesel,31,76.85,203.6,2025,Banashankari,14
12G,Tata Marcopolo,CNG,43.1,26.5,113.5,2025,BTM Layout,71
279F,Volvo 9400XL,Diesel,34.9,69.27,242.6,2025,Peenya,56
290E,Ashok Leyland Viking,Diesel,32.3,27.34,105.1,2025,Mysuru Road,60
356C,Switch EiV 12,Electric,27.1,0,62.9,2025,Majestic,37
213K,Tata Marcopolo,CNG,25.7,32.3,105.7,2025,Banerghatta,14
V500C,Tata Marcopolo,CNG,35.5,43.4,188.3,2025,ITPL,26
77E,Volvo 8400 B7RLE,Diesel,33.5,83,239.8,2025,KR Puram,17
77E,Ashok Leyland Viking,Diesel,39.8,49.45,143.5,2025,KR Puram,40
96E,Ashok Leyland Viking,Diesel,35.2,59.28,197.3,2025,Electronic City,37
12G,Volvo 8400 B7RLE,Diesel,32.4,39.74,155.9,2025,BTM Layout,66
96E,Switch EiV 12,Electric,28.5,0,228,2025,Electronic City,22
60A,Volvo 8400 B7RLE,Diesel,37.2,65.36,251.1,2025,Indiranagar,19
600A,Ashok Leyland Viking,Diesel,35.6,93.14,236,2025,Banashankari,67
215K,Volvo 9400XL,Diesel,38.5,34.52,119.1,2025,Kengeri,34
356C,Eicher Skyline Pro,CNG,28.5,27.44,116.7,2025,Majestic,24
290E,Volvo 9400XL,Diesel,38.1,100.31,276.6,2025,Mysuru Road,19
V500C,Eicher Skyline Pro,CNG,25.5,27.43,119.9,2025,ITPL,32
500D,Ashok Leyland Viking,Diesel,39.4,29.51,85.9,2025,Whitefield,32
60A,Eicher Skyline Pro,CNG,41.3,42.85,181.9,2025,Indiranagar,33
600A,Tata Marcopolo,CNG,25.3,32.88,105.4,2025,Banashankari,44
V500C,Volvo 8400 B7RLE,Diesel,46.8,75.97,258,2025,ITPL,23
401A,Ashok Leyland Viking,Diesel,41.6,69.52,192.1,2025,RT Nagar,13
401A,Eicher Skyline Pro,CNG,35.5,73.07,261.2,2025,RT Nagar,22
348C,Tata Marcopolo,CNG,26.2,53.61,174.2,2025,Marathahalli,42
401A,Eicher Skyline Pro,CNG,27.1,56.96,222.4,2025,RT Nagar,49
348C,Volvo 8400 B7RLE,Diesel,34.7,38.87,114,2025,Marathahalli,49
V500C,Volvo 9400XL,Diesel,43,46.92,138.2,2025,ITPL,78
290E,Tata Marcopolo,CNG,36.9,46.2,184.6,2025,Mysuru Road,31
348C,Switch EiV 12,Electric,43.3,0,266.1,2025,Marathahalli,23
252H,Switch EiV 12,Electric,25.8,0,107.3,2025,Bommanahalli,19
60A,Ashok Leyland Viking,Diesel,39.9,45.67,117.7,2025,Indiranagar,37
401A,Ashok Leyland Viking,Diesel,39.9,56.37,169.2,2025,RT Nagar,26
401A,Switch EiV 12,Electric,27.7,0,229.6,2025,RT Nagar,59
201R,Volvo 9400XL,Diesel,43.2,23.59,76.5,2025,Yelahanka,46
600A,Volvo 9400XL,Diesel,35.9,73.67,211.4,2025,Banashankari,42
365B,Volvo 9400XL,Diesel,45,67.81,240.2,2025,Silk Board,68
12G,Ashok Leyland Viking,Diesel,39.8,39.42,119.9,2025,BTM Layout,75
210N,Volvo 9400XL,Diesel,47.9,29.61,80.1,2025,Jayanagar,56
252H,Volvo 8400 B7RLE,Diesel,36.2,96.88,269.1,2025,Bommanahalli,33
210N,Switch EiV 12,Electric,46.8,0,179.2,2025,Jayanagar,25
356C,Volvo 8400 B7RLE,Diesel,45.2,63.39,221.1,2025,Majestic,38
500D,Tata Marcopolo,CNG,46.2,62.91,212.3,2025,Whitefield,35
365B,Switch EiV 12,Electric,30.5,0,167.7,2025,Silk Board,21
96E,Switch EiV 12,Electric,48.6,0,277.3,2025,Electronic City,34
213K,Ashok Leyland Viking,Diesel,42.6,17.67,68.7,2025,Banerghatta,65
279F,Switch EiV 12,Electric,39.2,0,99.7,2025,Peenya,20
210N,Switch EiV 12,Electric,25.8,0,261.4,2025,Jayanagar,52
K1,Eicher Skyline Pro,CNG,32.4,48.65,213.4,2025,Koramangala,69
215K,Eicher Skyline Pro,CNG,48.6,73.72,273.6,2025,Kengeri,65
12G,Volvo 8400 B7RLE,Diesel,46.1,83.8,249.6,2025,BTM Layout,75
12G,Eicher Skyline Pro,CNG,25.9,62.24,242.4,2025,BTM Layout,23
12G,Eicher Skyline Pro,CNG,28,35.5,110.6,2025,BTM Layout,43
60A,Eicher Skyline Pro,CNG,33.5,52.16,213.2,2025,Indiranagar,50
252H,Tata Marcopolo,CNG,32.9,19.53,74.4,2025,Bommanahalli,55
356C,Ashok Leyland Viking,Diesel,33,68.05,234,2025,Majestic,63
96E,Volvo 8400 B7RLE,Diesel,40.4,89.46,254.9,2025,Electronic City,63
356C,Volvo 9400XL,Diesel,46.8,25.83,65.4,2025,Majestic,30
V500C,Volvo 9400XL,Diesel,38.2,64.58,252.4,2025,ITPL,18
252H,Eicher Skyline Pro,CNG,49.9,66.85,235.7,2025,Bommanahalli,28
252H,Volvo 9400XL,Diesel,35,71.06,228.8,2025,Bommanahalli,79
213K,Tata Marcopolo,CNG,46.8,44.26,198.1,2025,Banerghatta,11
213K,Ashok Leyland Viking,Diesel,35.4,73.12,229,2025,Banerghatta,47
348C,Eicher Skyline Pro,CNG,31,70.22,222.3,2025,Marathahalli,57
252H,Switch EiV 12,Electric,32.2,0,138,2025,Bommanahalli,70
252H,Ashok Leyland Viking,Diesel,30.8,48.85,125.2,2025,Bommanahalli,51
600A,Tata Marcopolo,CNG,49.7,17.55,63.9,2025,Banashankari,47
279F,Volvo 8400 B7RLE,Diesel,42,51.14,144.6,2025,Peenya,51
201R,Eicher Skyline Pro,CNG,44.7,85.83,269,2025,Yelahanka,37
201R,Eicher Skyline Pro,CNG,47,34.39,151.9,2025,Yelahanka,46
V500C,Tata Marcopolo,CNG,40.3,50.08,162.8,2025,ITPL,65
290E,Ashok Leyland Viking,Diesel,30.8,71.05,278.1,2025,Mysuru Road,56
600A,Volvo 9400XL,Diesel,40.2,62.07,202.9,2025,Banashankari,17
12G,Ashok Leyland Viking,Diesel,29.4,39.11,110.7,2025,BTM Layout,23
290E,Ashok Leyland Viking,Diesel,44.5,33.39,101,2025,Mysuru Road,59
43E,Ashok Leyland Viking,Diesel,49.2,19,72.7,2025,Hebbal,11
401A,Tata Marcopolo,CNG,49.9,80.99,264.1,2025,RT Nagar,28
348C,Ashok Leyland Viking,Diesel,44,41.53,147.2,2025,Marathahalli,45
201R,Volvo 9400XL,Diesel,45.4,33.1,93.9,2025,Yelahanka,24
215K,Ashok Leyland Viking,Diesel,38.4,32.22,109.2,2025,Kengeri,49
201R,Volvo 9400XL,Diesel,27.3,49.16,187.6,2025,Yelahanka,78
290E,Ashok Leyland Viking,Diesel,28.2,30.89,118.4,2025,Mysuru Road,65
279F,Eicher Skyline Pro,CNG,46.6,64.12,270.2,2025,Peenya,21
60A,Volvo 8400 B7RLE,Diesel,38.8,77.63,204.2,2025,Indiranagar,48
215K,Switch EiV 12,Electric,34.3,0,149.9,2025,Kengeri,67
600A,Switch EiV 12,Electric,43.1,0,117.1,2025,Banashankari,29
279F,Volvo 8400 B7RLE,Diesel,27,59.75,169.1,2025,Peenya,51
V500C,Volvo 9400XL,Diesel,26.9,55.68,210.3,2025,ITPL,13
356C,Switch EiV 12,Electric,37,0,168.9,2025,Majestic,76
96E,Volvo 9400XL,Diesel,45.6,62.98,190.3,2025,Electronic City,50
213K,Ashok Leyland Viking,Diesel,39.1,72.12,209.2,2025,Banerghatta,33
43E,Volvo 9400XL,Diesel,44.9,72.63,253.3,2025,Hebbal,33
500D,Tata Marcopolo,CNG,46.7,60.82,247.1,2025,Whitefield,60
96E,Eicher Skyline Pro,CNG,42.4,60.72,244.1,2025,Electronic City,10
348C,Eicher Skyline Pro,CNG,43.8,60.56,196.1,2025,Marathahalli,50
401A,Tata Marcopolo,CNG,46.8,83.38,253.8,2025,RT Nagar,26
201R,Tata Marcopolo,CNG,28.2,69,241.7,2025,Yelahanka,17
401A,Switch EiV 12,Electric,29,0,223.6,2025,RT Nagar,22
201R,Switch EiV 12,Electric,45.8,0,240,2025,Yelahanka,18
290E,Volvo 9400XL,Diesel,25.2,58.56,171.6,2025,Mysuru Road,54
252H,Tata Marcopolo,CNG,49.5,49.57,195.7,2025,Bommanahalli,72
213K,Switch EiV 12,Electric,40.9,0,117.2,2025,Banerghatta,46
K1,Ashok Leyland Viking,Diesel,44.5,67.21,178.8,2025,Koramangala,39
600A,Ashok Leyland Viking,Diesel,38.5,57.65,227.4,2025,Banashankari,49
290E,Switch EiV 12,Electric,40.8,0,135.2,2025,Mysuru Road,56
60A,Eicher Skyline Pro,CNG,27.6,60.15,265,2025,Indiranagar,37
60A,Ashok Leyland Viking,Diesel,26.7,71.59,211.3,2025,Indiranagar,57
213K,Tata Marcopolo,CNG,26.7,55.72,215.8,2025,Banerghatta,47
201R,Switch EiV 12,Electric,40.5,0,136.1,2025,Yelahanka,19
77E,Volvo 8400 B7RLE,Diesel,46.8,17.7,70.1,2025,KR Puram,12
290E,Ashok Leyland Viking,Diesel,43.7,101.37,273.2,2025,Mysuru Road,15
201R,Eicher Skyline Pro,CNG,25.6,74.77,226.8,2025,Yelahanka,24
279F,Ashok Leyland Viking,Diesel,37.2,35.89,131.2,2025,Peenya,54
348C,Switch EiV 12,Electric,36.1,0,210.3,2025,Marathahalli,71
96E,Volvo 8400 B7RLE,Diesel,49.9,38.29,120.2,2025,Electronic City,67
356C,Volvo 9400XL,Diesel,29.1,43.14,159.3,2025,Majestic,16
12G,Switch EiV 12,Electric,30.5,0,212.6,2025,BTM Layout,51
213K,Volvo 9400XL,Diesel,42,22.43,78.1,2025,Banerghatta,54
365B,Switch EiV 12,Electric,48.8,0,120.1,2025,Silk Board,30
600A,Tata Marcopolo,CNG,35.8,21.11,93.2,2025,Banashankari,65
96E,Switch EiV 12,Electric,41,0,152.3,2025,Electronic City,32
290E,Volvo 9400XL,Diesel,31.9,37.1,147.5,2025,Mysuru Road,12
V500C,Switch EiV 12,Electric,47.4,0,150.1,2025,ITPL,29
43E,Switch EiV 12,Electric,30.3,0,110.6,2025,Hebbal,56
V500C,Ashok Leyland Viking,Diesel,41.3,21.88,66.8,2025,ITPL,21
96E,Ashok Leyland Viking,Diesel,36.8,63.31,250.2,2025,Electronic City,67
348C,Switch EiV 12,Electric,46.7,0,100.8,2025,Marathahalli,78
43E,Tata Marcopolo,CNG,44.3,54.11,230.9,2025,Hebbal,27
600A,Volvo 9400XL,Diesel,40.7,84.32,227.4,2025,Banashankari,42
365B,Ashok Leyland Viking,Diesel,48,19.62,67.2,2025,Silk Board,45
348C,Ashok Leyland Viking,Diesel,37,87.89,235.2,2025,Marathahalli,61
401A,Ashok Leyland Viking,Diesel,42.1,27.82,87.5,2025,RT Nagar,66
365B,Volvo 8400 B7RLE,Diesel,37.3,40.1,104.1,2025,Silk Board,12
500D,Ashok Leyland Viking,Diesel,31.7,50.86,188,2025,Whitefield,31
290E,Switch EiV 12,Electric,36.4,0,128.3,2025,Mysuru Road,77
500D,Eicher Skyline Pro,CNG,26.8,17.44,62.6,2025,Whitefield,15
348C,Eicher Skyline Pro,CNG,40,48.17,165.6,2025,Marathahalli,26
V500C,Tata Marcopolo,CNG,46.5,51.06,212.9,2025,ITPL,57
600A,Eicher Skyline Pro,CNG,37,21.76,68.7,2025,Banashankari,22
215K,Eicher Skyline Pro,CNG,49.7,35.22,113.2,2025,Kengeri,40
V500C,Switch EiV 12,Electric,40.5,0,169.8,2025,ITPL,21
356C,Volvo 9400XL,Diesel,39,85.3,214.5,2025,Majestic,66
348C,Tata Marcopolo,CNG,37.9,42.08,131.8,2025,Marathahalli,55
401A,Volvo 8400 B7RLE,Diesel,25.8,52.37,137.1,2025,RT Nagar,15
210N,Eicher Skyline Pro,CNG,28.3,38.25,147.3,2025,Jayanagar,53
356C,Volvo 8400 B7RLE,Diesel,45,75.6,211.7,2025,Majestic,58
600A,Eicher Skyline Pro,CNG,27.6,24.48,96.8,2025,Banashankari,59
290E,Ashok Leyland Viking,Diesel,25.8,55.17,215.4,2025,Mysuru Road,48
43E,Volvo 8400 B7RLE,Diesel,38.5,20.04,71.4,2025,Hebbal,25
213K,Volvo 9400XL,Diesel,42.9,67.95,251.6,2025,Banerghatta,23
77E,Ashok Leyland Viking,Diesel,45.4,51.41,134.7,2025,KR Puram,80
12G,Volvo 9400XL,Diesel,38.7,68.95,256.9,2025,BTM Layout,17
290E,Volvo 9400XL,Diesel,41.1,48.49,159.5,2025,Mysuru Road,77
96E,Volvo 9400XL,Diesel,27,85.27,220.9,2025,Electronic City,51
96E,Tata Marcopolo,CNG,29,26.56,114.4,2025,Electronic City,78
201R,Tata Marcopolo,CNG,49.4,30.87,108.2,2025,Yelahanka,79
348C,Volvo 9400XL,Diesel,44.7,28.7,100.1,2025,Marathahalli,20
356C,Eicher Skyline Pro,CNG,38.9,41.58,169.6,2025,Majestic,63
12G,Ashok Leyland Viking,Diesel,49.9,27.84,110.3,2025,BTM Layout,79
K1,Switch EiV 12,Electric,30,0,203.1,2025,Koramangala,22
V500C,Ashok Leyland Viking,Diesel,26.8,82.37,209.7,2025,ITPL,14
500D,Volvo 9400XL,Diesel,36.6,30.69,116.7,2025,Whitefield,39
348C,Volvo 8400 B7RLE,Diesel,43.6,70.1,220,2025,Marathahalli,53
V500C,Eicher Skyline Pro,CNG,34.3,30.37,136.1,2025,ITPL,37
600A,Tata Marcopolo,CNG,46.7,17.79,68.8,2025,Banashankari,33
96E,Volvo 8400 B7RLE,Diesel,43.1,48.45,156.5,2025,Electronic City,70
290E,Ashok Leyland Viking,Diesel,47.5,80.51,252.2,2025,Mysuru Road,53
348C,Tata Marcopolo,CNG,39.8,27.68,120.9,2025,Marathahalli,66
600A,Switch EiV 12,Electric,40.6,0,106.3,2025,Banashankari,14
43E,Volvo 9400XL,Diesel,43.3,73.74,198.9,2025,Hebbal,33
401A,Tata Marcopolo,CNG,47.7,66.52,217.5,2025,RT Nagar,65
12G,Volvo 8400 B7RLE,Diesel,49.3,40.52,112.3,2025,BTM Layout,58
290E,Switch EiV 12,Electric,37.3,0,248,2025,Mysuru Road,39
96E,Volvo 8400 B7RLE,Diesel,46.8,36.11,114.4,2025,Electronic City,45
V500C,Tata Marcopolo,CNG,34,44.56,173.3,2025,ITPL,40
356C,Volvo 9400XL,Diesel,34.8,24.28,96,2025,Majestic,56
96E,Eicher Skyline Pro,CNG,41.4,33.49,116.8,2025,Electronic City,29
210N,Volvo 8400 B7RLE,Diesel,28.3,58.21,230.2,2025,Jayanagar,80
60A,Eicher Skyline Pro,CNG,30.9,51.38,159.8,2025,Indiranagar,76
365B,Tata Marcopolo,CNG,38,27.76,97.3,2025,Silk Board,79
96E,Tata Marcopolo,CNG,35.8,71.86,242.4,2025,Electronic City,78
252H,Volvo 8400 B7RLE,Diesel,42.7,71.19,195.8,2025,Bommanahalli,12
V500C,Ashok Leyland Viking,Diesel,25.9,26.88,96.9,2025,ITPL,19
401A,Volvo 9400XL,Diesel,36.9,54.7,206,2025,RT Nagar,65
252H,Tata Marcopolo,CNG,39.6,55.13,237.2,2025,Bommanahalli,54
252H,Switch EiV 12,Electric,27.8,0,105.3,2025,Bommanahalli,65
279F,Switch EiV 12,Electric,26.4,0,119.3,2025,Peenya,16
252H,Switch EiV 12,Electric,48.4,0,176.9,2025,Bommanahalli,30
500D,Ashok Leyland Viking,Diesel,28.1,21.62,68.7,2025,Whitefield,67
96E,Volvo 8400 B7RLE,Diesel,32.9,81.42,265.5,2025,Electronic City,23
348C,Volvo 9400XL,Diesel,28.7,17.36,69.1,2025,Marathahalli,24
201R,Tata Marcopolo,CNG,25.1,61.5,272.3,2025,Yelahanka,10
365B,Volvo 8400 B7RLE,Diesel,46.7,63.04,200.6,2025,Silk Board,54
401A,Volvo 8400 B7RLE,Diesel,37.2,49.54,173.4,2025,RT Nagar,63
500D,Ashok Leyland Viking,Diesel,25.7,30.62,90.7,2025,Whitefield,61
V500C,Eicher Skyline Pro,CNG,30,53.61,215,2025,ITPL,44
V500C,Ashok Leyland Viking,Diesel,27.3,77.92,273.4,2025,ITPL,34
356C,Volvo 8400 B7RLE,Diesel,46.7,56.98,157.6,2025,Majestic,20
43E,Eicher Skyline Pro,CNG,46,48.09,212.4,2025,Hebbal,31
215K,Ashok Leyland Viking,Diesel,37.4,61.37,210.3,2025,Kengeri,75
279F,Ashok Leyland Viking,Diesel,39.3,98.68,251.2,2025,Peenya,77
60A,Ashok Leyland Viking,Diesel,42.2,75.34,264.8,2025,Indiranagar,35
210N,Tata Marcopolo,CNG,41.5,29.91,107.4,2025,Jayanagar,37
77E,Eicher Skyline Pro,CNG,27.7,50.99,203.3,2025,KR Puram,12
V500C,Switch EiV 12,Electric,26.2,0,279.9,2025,ITPL,59
365B,Tata Marcopolo,CNG,35.2,63.86,275,2025,Silk Board,14
60A,Volvo 8400 B7RLE,Diesel,39.2,64.34,232.1,2025,Indiranagar,29
77E,Volvo 8400 B7RLE,Diesel,35.1,84.7,253.3,2025,KR Puram,20
V500C,Eicher Skyline Pro,CNG,45.2,49.93,206.9,2025,ITPL,65
290E,Tata Marcopolo,CNG,35.9,55.72,235.5,2025,Mysuru Road,48
K1,Eicher Skyline Pro,CNG,38.6,28.72,86.4,2025,Koramangala,54
96E,Volvo 8400 B7RLE,Diesel,34.2,42.47,131.4,2025,Electronic City,51
290E,Eicher Skyline Pro,CNG,34.7,57.99,213,2025,Mysuru Road,78
V500C,Volvo 9400XL,Diesel,34.3,39.53,112.3,2025,ITPL,38
201R,Volvo 9400XL,Diesel,40.1,21.73,76.1,2025,Yelahanka,54
252H,Tata Marcopolo,CNG,36.6,54.99,196.3,2025,Bommanahalli,67
356C,Eicher Skyline Pro,CNG,38,67.2,249.9,2025,Majestic,34
500D,Tata Marcopolo,CNG,33.5,18.37,65.6,2025,Whitefield,47
210N,Eicher Skyline Pro,CNG,39.5,38.86,147.7,2025,Jayanagar,52
252H,Tata Marcopolo,CNG,44.1,45.91,193.7,2025,Bommanahalli,41
600A,Eicher Skyline Pro,CNG,48.9,72.01,218,2025,Banashankari,17
600A,Eicher Skyline Pro,CNG,25.2,25.96,103.1,2025,Banashankari,31
43E,Switch EiV 12,Electric,31.1,0,257.6,2025,Hebbal,48
210N,Ashok Leyland Viking,Diesel,26.5,67.64,263.9,2025,Jayanagar,25
348C,Volvo 9400XL,Diesel,27.5,42.55,137.4,2025,Marathahalli,69
348C,Eicher Skyline Pro,CNG,32.1,33.66,116.5,2025,Marathahalli,80
201R,Volvo 8400 B7RLE,Diesel,38.5,79.78,236.7,2025,Yelahanka,17
365B,Switch EiV 12,Electric,42.9,0,194.3,2025,Silk Board,50
290E,Volvo 9400XL,Diesel,35.3,44.73,120,2025,Mysuru Road,60
77E,Volvo 8400 B7RLE,Diesel,42,36.04,99.9,2025,KR Puram,42
215K,Tata Marcopolo,CNG,42.7,55.53,175.5,2025,Kengeri,11
348C,Volvo 8400 B7RLE,Diesel,31.4,46.85,184.8,2025,Marathahalli,22
V500C,Eicher Skyline Pro,CNG,45.1,43.5,166.4,2025,ITPL,42
279F,Ashok Leyland Viking,Diesel,40.8,17.72,69.6,2025,Peenya,44
96E,Tata Marcopolo,CNG,45.5,44.47,192.4,2025,Electronic City,46
401A,Tata Marcopolo,CNG,30.3,28.14,110.2,2025,RT Nagar,66
290E,Volvo 8400 B7RLE,Diesel,46,39.06,150.4,2025,Mysuru Road,36
60A,Ashok Leyland Viking,Diesel,30.9,37.54,137.8,2025,Indiranagar,35
365B,Volvo 8400 B7RLE,Diesel,45.6,38.43,120.5,2025,Silk Board,32
77E,Volvo 8400 B7RLE,Diesel,27.4,60.22,206.9,2025,KR Puram,21
60A,Volvo 9400XL,Diesel,39.7,57.92,159.4,2025,Indiranagar,67
60A,Ashok Leyland Viking,Diesel,46.6,78.62,222.1,2025,Indiranagar,52
365B,Eicher Skyline Pro,CNG,25.6,20.46,81.1,2025,Silk Board,31
252H,Volvo 9400XL,Diesel,38.7,67.98,193.6,2025,Bommanahalli,30
279F,Ashok Leyland Viking,Diesel,39.9,44.99,146,2025,Peenya,70
356C,Volvo 8400 B7RLE,Diesel,28.4,78.27,277.3,2025,Majestic,42
77E,Eicher Skyline Pro,CNG,35.7,36.55,149,2025,KR Puram,27
600A,Ashok Leyland Viking,Diesel,49.8,78.85,212.3,2025,Banashankari,65
12G,Eicher Skyline Pro,CNG,43.1,21.43,82.9,2025,BTM Layout,42
290E,Volvo 8400 B7RLE,Diesel,27,45.77,120.3,2025,Mysuru Road,71
V500C,Volvo 9400XL,Diesel,29.8,85.99,256.7,2025,ITPL,28
12G,Volvo 8400 B7RLE,Diesel,33.9,42.2,109.9,2025,BTM Layout,60
401A,Ashok Leyland Viking,Diesel,26.7,47.07,174.2,2025,RT Nagar,46
279F,Volvo 9400XL,Diesel,38.5,29.16,111.4,2025,Peenya,21
215K,Switch EiV 12,Electric,38.3,0,203.2,2025,Kengeri,62
401A,Eicher Skyline Pro,CNG,33.3,32.82,131.4,2025,RT Nagar,37
213K,Volvo 9400XL,Diesel,41.5,83.53,278.7,2025,Banerghatta,28
12G,Ashok Leyland Viking,Diesel,36.6,85.21,220.7,2025,BTM Layout,69
600A,Ashok Leyland Viking,Diesel,48.9,66.49,183.7,2025,Banashankari,31
77E,Ashok Leyland Viking,Diesel,30,64.11,211.8,2025,KR Puram,27
401A,Tata Marcopolo,CNG,36.3,19.67,81.3,2025,RT Nagar,77
96E,Volvo 8400 B7RLE,Diesel,41.6,36.96,136.5,2025,Electronic City,17
401A,Eicher Skyline Pro,CNG,30.9,73.35,264,2025,RT Nagar,56
43E,Eicher Skyline Pro,CNG,49.8,21.3,93.5,2025,Hebbal,54
279F,Ashok Leyland Viking,Diesel,46.1,54.49,178.8,2025,Peenya,68
213K,Volvo 8400 B7RLE,Diesel,27.2,54.28,197.2,2025,Banerghatta,53
210N,Volvo 9400XL,Diesel,45.7,23.99,88.1,2025,Jayanagar,30
279F,Ashok Leyland Viking,Diesel,25.9,73.07,215.9,2025,Peenya,79
290E,Eicher Skyline Pro,CNG,34,37.65,117.9,2025,Mysuru Road,52
60A,Tata Marcopolo,CNG,38.8,76.95,266.1,2025,Indiranagar,58
12G,Switch EiV 12,Electric,36.2,0,147.3,2025,BTM Layout,73
96E,Volvo 8400 B7RLE,Diesel,37.9,49.52,192.1,2025,Electronic City,63
V500C,Volvo 8400 B7RLE,Diesel,49.8,44.82,169.3,2025,ITPL,26
12G,Volvo 8400 B7RLE,Diesel,48.3,39.6,105.9,2025,BTM Layout,27
K1,Switch EiV 12,Electric,34.5,0,239.8,2025,Koramangala,53
K1,Volvo 8400 B7RLE,Diesel,46.7,68.27,253.2,2025,Koramangala,72
279F,Eicher Skyline Pro,CNG,32.6,74.9,233.8,2025,Peenya,51
600A,Switch EiV 12,Electric,29.3,0,148.7,2025,Banashankari,66
252H,Switch EiV 12,Electric,33.7,0,212.9,2025,Bommanahalli,41
12G,Ashok Leyland Viking,Diesel,41,73.55,274.6,2025,BTM Layout,73
348C,Switch EiV 12,Electric,46.6,0,89.2,2025,Marathahalli,35
210N,Tata Marcopolo,CNG,37.2,67.27,263,2025,Jayanagar,47
290E,Volvo 9400XL,Diesel,29.4,70.16,228.3,2025,Mysuru Road,43
K1,Ashok Leyland Viking,Diesel,28.7,48.41,147.7,2025,Koramangala,48
252H,Ashok Leyland Viking,Diesel,25.6,27.75,75,2025,Bommanahalli,10
96E,Ashok Leyland Viking,Diesel,38.7,68.86,271.9,2025,Electronic City,74
356C,Ashok Leyland Viking,Diesel,32.8,47.59,155.1,2025,Majestic,63
96E,Volvo 9400XL,Diesel,27.6,45.27,156.7,2025,Electronic City,42
356C,Volvo 9400XL,Diesel,40.5,30.93,107.5,2025,Majestic,45
96E,Volvo 9400XL,Diesel,26.5,25.44,93.4,2025,Electronic City,60
348C,Switch EiV 12,Electric,26.5,0,161.2,2025,Marathahalli,43
V500C,Ashok Leyland Viking,Diesel,26.4,78.73,278.9,2025,ITPL,49
201R,Ashok Leyland Viking,Diesel,31,101.87,276.4,2025,Yelahanka,22
215K,Volvo 8400 B7RLE,Diesel,32.6,32.7,86.7,2025,Kengeri,52
K1,Volvo 9400XL,Diesel,26.6,65.04,212.3,2025,Koramangala,54
96E,Switch EiV 12,Electric,45.3,0,279.3,2025,Electronic City,11
279F,Ashok Leyland Viking,Diesel,32.7,56.84,195.3,2025,Peenya,65
43E,Switch EiV 12,Electric,35.7,0,175.9,2025,Hebbal,22
600A,Eicher Skyline Pro,CNG,47.2,24.17,88.8,2025,Banashankari,10
365B,Volvo 9400XL,Diesel,34.2,32.94,102.8,2025,Silk Board,65
201R,Volvo 9400XL,Diesel,43.3,66.26,242.1,2025,Yelahanka,20
279F,Ashok Leyland Viking,Diesel,35.4,19.37,62.4,2025,Peenya,17
500D,Ashok Leyland Viking,Diesel,31.5,17.64,64.2,2025,Whitefield,32
77E,Eicher Skyline Pro,CNG,38.4,27.15,90.2,2025,KR Puram,15
252H,Ashok Leyland Viking,Diesel,31,15.82,62.7,2025,Bommanahalli,19
V500C,Eicher Skyline Pro,CNG,49,63.32,236.3,2025,ITPL,53
348C,Volvo 9400XL,Diesel,38.7,26.43,84.1,2025,Marathahalli,43
77E,Switch EiV 12,Electric,27.5,0,245.8,2025,KR Puram,60
600A,Eicher Skyline Pro,CNG,28.8,48.01,167.4,2025,Banashankari,25
201R,Ashok Leyland Viking,Diesel,36.9,72.52,222.2,2025,Yelahanka,68
500D,Eicher Skyline Pro,CNG,36.5,35.14,146.8,2025,Whitefield,12
279F,Ashok Leyland Viking,Diesel,48.9,69.64,256.3,2025,Peenya,21
43E,Ashok Leyland Viking,Diesel,42.2,41,129.4,2025,Hebbal,49
401A,Volvo 8400 B7RLE,Diesel,46,45.35,116,2025,RT Nagar,67
252H,Switch EiV 12,Electric,36.5,0,258.4,2025,Bommanahalli,57
12G,Volvo 8400 B7RLE,Diesel,41.5,52.1,200.2,2025,BTM Layout,73
215K,Eicher Skyline Pro,CNG,40.3,64.55,200.1,2025,Kengeri,12
77E,Ashok Leyland Viking,Diesel,28.8,48.25,174,2025,KR Puram,53
279F,Volvo 9400XL,Diesel,42,67.39,172.7,2025,Peenya,34
213K,Tata Marcopolo,CNG,42.9,25.32,78.7,2025,Banerghatta,56
201R,Ashok Leyland Viking,Diesel,25.3,19.24,75.7,2025,Yelahanka,18
356C,Volvo 9400XL,Diesel,33.8,75.49,222.3,2025,Majestic,10
215K,Tata Marcopolo,CNG,44.4,34.29,136.9,2025,Kengeri,32
365B,Volvo 9400XL,Diesel,29.4,38.03,100.7,2025,Silk Board,65
213K,Volvo 8400 B7RLE,Diesel,44.1,70.85,205.3,2025,Banerghatta,66
365B,Eicher Skyline Pro,CNG,27.1,14.51,64.6,2025,Silk Board,20
401A,Tata Marcopolo,CNG,44.2,31.75,125,2025,RT Nagar,10
215K,Volvo 9400XL,Diesel,30.1,53.69,144,2025,Kengeri,42
365B,Eicher Skyline Pro,CNG,44.4,49.25,195.3,2025,Silk Board,23
96E,Volvo 9400XL,Diesel,26,44.7,176.7,2025,Electronic City,11
V500C,Volvo 9400XL,Diesel,32.3,59.37,235.7,2025,ITPL,45
600A,Switch EiV 12,Electric,39.6,0,192.4,2025,Banashankari,17
V500C,Volvo 9400XL,Diesel,45.3,64.45,224.6,2025,ITPL,23
348C,Volvo 8400 B7RLE,Diesel,33.5,22.66,88.2,2025,Marathahalli,44
43E,Switch EiV 12,Electric,34.3,0,109.4,2025,Hebbal,44
290E,Tata Marcopolo,CNG,36,39.57,155.1,2025,Mysuru Road,18
356C,Eicher Skyline Pro,CNG,31,84.06,267.5,2025,Majestic,40
348C,Ashok Leyland Viking,Diesel,47.2,29.81,103.4,2025,Marathahalli,42
201R,Volvo 9400XL,Diesel,45.4,32.41,122.9,2025,Yelahanka,36
365B,Volvo 9400XL,Diesel,48,85.53,246.2,2025,Silk Board,64
356C,Switch EiV 12,Electric,36.5,0,226.1,2025,Majestic,21
600A,Volvo 9400XL,Diesel,43.2,66.91,245.2,2025,Banashankari,25
213K,Tata Marcopolo,CNG,29.4,53.54,204.4,2025,Banerghatta,46
213K,Tata Marcopolo,CNG,48.4,90.25,276.6,2025,Banerghatta,37
210N,Ashok Leyland Viking,Diesel,28.3,26.83,96.3,2025,Jayanagar,43
213K,Eicher Skyline Pro,CNG,30.3,63.82,239.9,2025,Banerghatta,68
290E,Switch EiV 12,Electric,43.3,0,245,2025,Mysuru Road,14
600A,Volvo 8400 B7RLE,Diesel,39.8,54.96,179.3,2025,Banashankari,41
365B,Volvo 9400XL,Diesel,39.1,35.52,125.5,2025,Silk Board,14
401A,Ashok Leyland Viking,Diesel,40.9,69.23,252.1,2025,RT Nagar,43
210N,Eicher Skyline Pro,CNG,36.5,31.59,95.2,2025,Jayanagar,69
77E,Tata Marcopolo,CNG,43.2,25.47,114.3,2025,KR Puram,54
348C,Switch EiV 12,Electric,35,0,81.8,2025,Marathahalli,59
252H,Tata Marcopolo,CNG,30.1,61.58,236,2025,Bommanahalli,10
K1,Eicher Skyline Pro,CNG,40.4,67.43,221.3,2025,Koramangala,44
401A,Tata Marcopolo,CNG,44.6,36.07,138.2,2025,RT Nagar,76
V500C,Ashok Leyland Viking,Diesel,44,23.97,61.2,2025,ITPL,75
348C,Volvo 9400XL,Diesel,30.1,56.92,224.1,2025,Marathahalli,45
43E,Eicher Skyline Pro,CNG,33.2,43.71,140.9,2025,Hebbal,25
348C,Switch EiV 12,Electric,46.9,0,127.2,2025,Marathahalli,41
201R,Tata Marcopolo,CNG,34.2,76.02,279.2,2025,Yelahanka,19
348C,Volvo 8400 B7RLE,Diesel,47.2,64.58,218.9,2025,Marathahalli,79
V500C,Ashok Leyland Viking,Diesel,35.3,41.23,146.1,2025,ITPL,43
290E,Switch EiV 12,Electric,40.5,0,60.7,2025,Mysuru Road,69
401A,Volvo 9400XL,Diesel,44.9,52.36,138.2,2025,RT Nagar,15
201R,Volvo 9400XL,Diesel,37,54.68,189.4,2025,Yelahanka,52
213K,Eicher Skyline Pro,CNG,39.5,19.34,74.3,2025,Banerghatta,62
348C,Eicher Skyline Pro,CNG,40.1,45.66,183.3,2025,Marathahalli,74
348C,Tata Marcopolo,CNG,31.7,55.95,237.1,2025,Marathahalli,50
500D,Volvo 8400 B7RLE,Diesel,26.9,65.54,169.6,2025,Whitefield,25
252H,Ashok Leyland Viking,Diesel,44.6,37.48,133.5,2025,Bommanahalli,43
500D,Switch EiV 12,Electric,37.9,0,233.5,2025,Whitefield,22
279F,Volvo 9400XL,Diesel,28.7,52.4,156.8,2025,Peenya,80
60A,Eicher Skyline Pro,CNG,27.2,46.68,155.5,2025,Indiranagar,17
252H,Ashok Leyland Viking,Diesel,43.4,47.93,191.6,2025,Bommanahalli,19
401A,Eicher Skyline Pro,CNG,41.1,73.05,265.3,2025,RT Nagar,73
V500C,Ashok Leyland Viking,Diesel,44.6,74.7,200,2025,ITPL,50
201R,Volvo 9400XL,Diesel,46,48.83,150.2,2025,Yelahanka,63
279F,Volvo 9400XL,Diesel,39.7,66.91,185.8,2025,Peenya,62
201R,Ashok Leyland Viking,Diesel,33.4,55.02,139.7,2025,Yelahanka,47
600A,Ashok Leyland Viking,Diesel,45.8,22.44,65.3,2025,Banashankari,72
43E,Tata Marcopolo,CNG,32.5,39.45,174,2025,Hebbal,52
290E,Switch EiV 12,Electric,35.7,0,117,2025,Mysuru Road,12
252H,Switch EiV 12,Electric,46,0,252,2025,Bommanahalli,23
K1,Switch EiV 12,Electric,45.1,0,100.9,2025,Koramangala,17
213K,Volvo 9400XL,Diesel,37.1,59.55,160.8,2025,Banerghatta,11
60A,Volvo 9400XL,Diesel,43.2,23.95,77.7,2025,Indiranagar,53
43E,Volvo 9400XL,Diesel,43.2,42.79,156.1,2025,Hebbal,16
279F,Ashok Leyland Viking,Diesel,40.3,35.15,95,2025,Peenya,44
252H,Switch EiV 12,Electric,41.4,0,225.3,2025,Bommanahalli,72
365B,Volvo 9400XL,Diesel,26.7,104.62,270.5,2025,Silk Board,15
348C,Ashok Leyland Viking,Diesel,31.5,42.54,122.1,2025,Marathahalli,35
279F,Eicher Skyline Pro,CNG,31.2,76.12,259.4,2025,Peenya,48
356C,Volvo 9400XL,Diesel,36.2,61.96,227.1,2025,Majestic,51
348C,Ashok Leyland Viking,Diesel,37.2,29.17,74.4,2025,Marathahalli,11
43E,Eicher Skyline Pro,CNG,47.7,23,73.8,2025,Hebbal,76
500D,Volvo 8400 B7RLE,Diesel,35.3,58.62,177.1,2025,Whitefield,70
43E,Switch EiV 12,Electric,25.5,0,258,2025,Hebbal,73
96E,Tata Marcopolo,CNG,49.1,53.64,206,2025,Electronic City,52
348C,Volvo 8400 B7RLE,Diesel,26.3,85.07,266.1,2025,Marathahalli,65
252H,Switch EiV 12,Electric,43.3,0,117.2,2025,Bommanahalli,50
77E,Switch EiV 12,Electric,31.4,0,275.9,2025,KR Puram,44
600A,Ashok Leyland Viking,Diesel,30,60.9,203.9,2025,Banashankari,80
96E,Switch EiV 12,Electric,49.3,0,162.1,2025,Electronic City,22
252H,Volvo 9400XL,Diesel,33.7,72.59,193.9,2025,Bommanahalli,26
K1,Switch EiV 12,Electric,30.6,0,93.3,2025,Koramangala,58
600A,Volvo 9400XL,Diesel,46.3,34.47,115.2,2025,Banashankari,43
43E,Volvo 8400 B7RLE,Diesel,27.9,46.2,175.1,2025,Hebbal,76
356C,Switch EiV 12,Electric,26.7,0,219,2025,Majestic,72
252H,Eicher Skyline Pro,CNG,38.6,69.08,215.7,2025,Bommanahalli,43
279F,Volvo 8400 B7RLE,Diesel,37.1,58.5,160.8,2025,Peenya,71
279F,Volvo 9400XL,Diesel,46.2,76.52,268.1,2025,Peenya,28
401A,Tata Marcopolo,CNG,35.3,40.66,161.7,2025,RT Nagar,18
365B,Switch EiV 12,Electric,26.6,0,180,2025,Silk Board,44
348C,Volvo 9400XL,Diesel,45.2,54.19,172.8,2025,Marathahalli,52
213K,Ashok Leyland Viking,Diesel,44.7,25.48,71.4,2025,Banerghatta,14
96E,Tata Marcopolo,CNG,29.1,33.44,116.9,2025,Electronic City,56
210N,Switch EiV 12,Electric,38,0,226.5,2025,Jayanagar,80
43E,Tata Marcopolo,CNG,46.9,24.33,105.1,2025,Hebbal,10
600A,Eicher Skyline Pro,CNG,31,68.4,251.5,2025,Banashankari,43
K1,Volvo 9400XL,Diesel,44.3,108.9,276.7,2025,Koramangala,46
60A,Tata Marcopolo,CNG,36.6,17.03,74.3,2025,Indiranagar,13
96E,Eicher Skyline Pro,CNG,37.4,56.52,178.5,2025,Electronic City,64
60A,Eicher Skyline Pro,CNG,45.6,57.27,204.5,2025,Indiranagar,61
500D,Switch EiV 12,Electric,49.1,0,230.6,2025,Whitefield,12
600A,Ashok Leyland Viking,Diesel,38.1,35.76,104.8,2025,Banashankari,41
V500C,Ashok Leyland Viking,Diesel,39.4,67.91,234.4,2025,ITPL,77
348C,Volvo 8400 B7RLE,Diesel,34.9,60.81,235.5,2025,Marathahalli,11
201R,Volvo 9400XL,Diesel,28.9,50.03,177.3,2025,Yelahanka,44
401A,Volvo 9400XL,Diesel,32.9,61.94,234.5,2025,RT Nagar,28
215K,Eicher Skyline Pro,CNG,31.9,57.96,259.4,2025,Kengeri,38
210N,Volvo 8400 B7RLE,Diesel,30.1,32.78,91,2025,Jayanagar,74
43E,Tata Marcopolo,CNG,41.4,79.52,256.7,2025,Hebbal,17
43E,Volvo 8400 B7RLE,Diesel,40.4,59.77,156.9,2025,Hebbal,58
210N,Tata Marcopolo,CNG,45.1,67.62,254.1,2025,Jayanagar,46
500D,Volvo 8400 B7RLE,Diesel,35.4,68.61,272.8,2025,Whitefield,36
12G,Volvo 8400 B7RLE,Diesel,40.9,75.27,206.9,2025,BTM Layout,32
348C,Eicher Skyline Pro,CNG,35.7,78.31,254,2025,Marathahalli,62
12G,Eicher Skyline Pro,CNG,39,16.57,62.8,2025,BTM Layout,29
290E,Tata Marcopolo,CNG,47.3,69.99,218.3,2025,Mysuru Road,13
12G,Eicher Skyline Pro,CNG,29.7,51.52,220.9,2025,BTM Layout,32
213K,Tata Marcopolo,CNG,38.5,59.08,240.2,2025,Banerghatta,67
252H,Eicher Skyline Pro,CNG,36.8,30.53,129.2,2025,Bommanahalli,40
K1,Volvo 8400 B7RLE,Diesel,33.9,49.67,161,2025,Koramangala,57
348C,Switch EiV 12,Electric,33.4,0,242.2,2025,Marathahalli,75
600A,Switch EiV 12,Electric,42.8,0,98.2,2025,Banashankari,39
500D,Volvo 9400XL,Diesel,27.5,84.52,241.7,2025,Whitefield,38
43E,Ashok Leyland Viking,Diesel,33.7,28.72,91.2,2025,Hebbal,73
V500C,Volvo 9400XL,Diesel,41.3,65.48,224.7,2025,ITPL,21
60A,Tata Marcopolo,CNG,46,37.09,137.5,2025,Indiranagar,69
215K,Tata Marcopolo,CNG,40.9,86.35,275.4,2025,Kengeri,53
365B,Volvo 9400XL,Diesel,33.1,59.16,208.8,2025,Silk Board,27
201R,Volvo 8400 B7RLE,Diesel,29.4,19.9,75.3,2025,Yelahanka,33
210N,Tata Marcopolo,CNG,45.9,32.17,110,2025,Jayanagar,69
348C,Tata Marcopolo,CNG,42.4,53.44,201.4,2025,Marathahalli,27
500D,Eicher Skyline Pro,CNG,30.3,41.71,127.2,2025,Whitefield,40
210N,Switch EiV 12,Electric,41.3,0,126.9,2025,Jayanagar,45
290E,Switch EiV 12,Electric,46.8,0,266.4,2025,Mysuru Road,16
215K,Eicher Skyline Pro,CNG,44.7,57.16,228.5,2025,Kengeri,25
279F,Tata Marcopolo,CNG,47.7,29.28,117.3,2025,Peenya,58
60A,Volvo 9400XL,Diesel,27.8,57.81,183.3,2025,Indiranagar,56
290E,Ashok Leyland Viking,Diesel,46.6,48.58,161.3,2025,Mysuru Road,66
252H,Ashok Leyland Viking,Diesel,49.4,53.9,143.7,2025,Bommanahalli,76
60A,Eicher Skyline Pro,CNG,26.1,37.23,153,2025,Indiranagar,59
213K,Switch EiV 12,Electric,32,0,262,2025,Banerghatta,41
401A,Volvo 8400 B7RLE,Diesel,32.3,64.35,248.8,2025,RT Nagar,40
215K,Volvo 8400 B7RLE,Diesel,45.1,89.39,225.9,2025,Kengeri,78
401A,Volvo 9400XL,Diesel,43.2,91.91,271.8,2025,RT Nagar,19
401A,Volvo 8400 B7RLE,Diesel,32,63.66,242.5,2025,RT Nagar,69
201R,Ashok Leyland Viking,Diesel,42.6,25.61,84.8,2025,Yelahanka,31
500D,Eicher Skyline Pro,CNG,31,26.9,81.2,2025,Whitefield,20
600A,Tata Marcopolo,CNG,32.5,41.85,163.1,2025,Banashankari,73
356C,Volvo 9400XL,Diesel,32.5,34.69,125.4,2025,Majestic,47
43E,Tata Marcopolo,CNG,47.6,16.5,70.6,2025,Hebbal,15
213K,Ashok Leyland Viking,Diesel,39.8,53.9,206.9,2025,Banerghatta,55
96E,Volvo 8400 B7RLE,Diesel,27,35.25,100.8,2025,Electronic City,67
365B,Ashok Leyland Viking,Diesel,25.9,69.59,234.8,2025,Silk Board,66
77E,Volvo 9400XL,Diesel,46.4,85,279,2025,KR Puram,27
210N,Volvo 9400XL,Diesel,45.8,21.77,74,2025,Jayanagar,30
K1,Switch EiV 12,Electric,27.3,0,85.3,2025,Koramangala,63
201R,Eicher Skyline Pro,CNG,41.7,61.29,260.1,2025,Yelahanka,21
348C,Volvo 8400 B7RLE,Diesel,39.3,77.35,253.4,2025,Marathahalli,27
60A,Volvo 9400XL,Diesel,32.9,49.08,154.7,2025,Indiranagar,28
210N,Eicher Skyline Pro,CNG,40,53.08,230.3,2025,Jayanagar,11
201R,Volvo 9400XL,Diesel,40.2,45.69,157.5,2025,Yelahanka,64
213K,Volvo 8400 B7RLE,Diesel,42.6,66.59,190.2,2025,Banerghatta,31
12G,Eicher Skyline Pro,CNG,27.6,48.28,172.7,2025,BTM Layout,17
500D,Switch EiV 12,Electric,41.3,0,167.3,2025,Whitefield,63
348C,Eicher Skyline Pro,CNG,40,65.39,269.1,2025,Marathahalli,38
279F,Ashok Leyland Viking,Diesel,40.9,65.76,171.4,2025,Peenya,80
252H,Tata Marcopolo,CNG,34,31.28,116,2025,Bommanahalli,39
215K,Ashok Leyland Viking,Diesel,28.5,24.01,70,2025,Kengeri,52
77E,Volvo 8400 B7RLE,Diesel,33.3,84.92,273.7,2025,KR Puram,13
600A,Eicher Skyline Pro,CNG,40.3,30.14,103.1,2025,Banashankari,53
252H,Tata Marcopolo,CNG,37.9,35.07,105.5,2025,Bommanahalli,40
12G,Volvo 8400 B7RLE,Diesel,30.5,24.15,61.7,2025,BTM Layout,54
213K,Ashok Leyland Viking,Diesel,33.5,22.62,83.8,2025,Banerghatta,12
500D,Eicher Skyline Pro,CNG,37.8,54.04,185.9,2025,Whitefield,26
600A,Switch EiV 12,Electric,34.9,0,265,2025,Banashankari,53
600A,Ashok Leyland Viking,Diesel,40.4,29.65,79.2,2025,Banashankari,27
290E,Ashok Leyland Viking,Diesel,37.7,35.66,135.9,2025,Mysuru Road,78
60A,Volvo 9400XL,Diesel,42.6,42.26,168.6,2025,Indiranagar,43
12G,Eicher Skyline Pro,CNG,31.9,24.75,88.9,2025,BTM Layout,40
210N,Ashok Leyland Viking,Diesel,35.3,39.57,152.8,2025,Jayanagar,22
252H,Volvo 8400 B7RLE,Diesel,40.2,73.24,217.1,2025,Bommanahalli,74
365B,Eicher Skyline Pro,CNG,48.9,57,241.2,2025,Silk Board,34
401A,Volvo 9400XL,Diesel,40.9,23.4,60.3,2025,RT Nagar,33
96E,Eicher Skyline Pro,CNG,26.5,29.88,116.7,2025,Electronic City,59
356C,Switch EiV 12,Electric,27.9,0,211,2025,Majestic,36
43E,Volvo 9400XL,Diesel,36.4,47.29,144.4,2025,Hebbal,34
77E,Volvo 8400 B7RLE,Diesel,35.5,23.88,86.6,2025,KR Puram,63
213K,Eicher Skyline Pro,CNG,27,21.4,75.6,2025,Banerghatta,23
K1,Volvo 8400 B7RLE,Diesel,41.7,75.95,267.2,2025,Koramangala,58
356C,Volvo 9400XL,Diesel,39.8,55.5,139.6,2025,Majestic,30
215K,Tata Marcopolo,CNG,47.8,51.01,199.9,2025,Kengeri,28
356C,Switch EiV 12,Electric,43.1,0,252.2,2025,Majestic,54
500D,Tata Marcopolo,CNG,47.6,27.91,86.5,2025,Whitefield,79
365B,Volvo 9400XL,Diesel,28.6,70.5,177.5,2025,Silk Board,71
600A,Volvo 9400XL,Diesel,32.4,47.32,152.8,2025,Banashankari,46
43E,Tata Marcopolo,CNG,26.1,58.72,187,2025,Hebbal,80
365B,Tata Marcopolo,CNG,33.6,44.68,182.9,2025,Silk Board,26
12G,Switch EiV 12,Electric,46.1,0,203.5,2025,BTM Layout,56
12G,Ashok Leyland Viking,Diesel,35.7,60.49,212.3,2025,BTM Layout,74
348C,Switch EiV 12,Electric,32.7,0,120.6,2025,Marathahalli,54
252H,Tata Marcopolo,CNG,36.2,55.65,233.6,2025,Bommanahalli,25
43E,Switch EiV 12,Electric,46.4,0,240.9,2025,Hebbal,30
365B,Tata Marcopolo,CNG,35.8,75.24,261.7,2025,Silk Board,13
210N,Ashok Leyland Viking,Diesel,34.3,55.3,188.1,2025,Jayanagar,56
365B,Volvo 9400XL,Diesel,42.2,70.28,215.2,2025,Silk Board,38
96E,Tata Marcopolo,CNG,35.8,30.09,96.7,2025,Electronic City,46
77E,Switch EiV 12,Electric,33.6,0,255.8,2025,KR Puram,72
96E,Tata Marcopolo,CNG,25.6,23.69,94,2025,Electronic City,29
600A,Switch EiV 12,Electric,33.5,0,200.1,2025,Banashankari,58
V500C,Eicher Skyline Pro,CNG,35.2,21.86,75.8,2025,ITPL,62
356C,Ashok Leyland Viking,Diesel,40.1,68.59,209,2025,Majestic,73
12G,Ashok Leyland Viking,Diesel,49.7,33.92,107.9,2025,BTM Layout,26
215K,Volvo 9400XL,Diesel,28.5,65.48,211.4,2025,Kengeri,55
500D,Tata Marcopolo,CNG,37.6,14.87,66.1,2025,Whitefield,52
201R,Switch EiV 12,Electric,26,0,144.5,2025,Yelahanka,61
77E,Eicher Skyline Pro,CNG,34.7,20.62,66.8,2025,KR Puram,61
215K,Eicher Skyline Pro,CNG,43.9,17.65,65.1,2025,Kengeri,18
V500C,Ashok Leyland Viking,Diesel,47.5,46.22,123.6,2025,ITPL,57
252H,Eicher Skyline Pro,CNG,32.8,62.39,270.3,2025,Bommanahalli,70
401A,Volvo 9400XL,Diesel,45.7,48.44,192.6,2025,RT Nagar,78
356C,Switch EiV 12,Electric,49,0,123.4,2025,Majestic,61
96E,Eicher Skyline Pro,CNG,34.6,41.5,145.7,2025,Electronic City,41
K1,Volvo 8400 B7RLE,Diesel,28.9,53.77,179.1,2025,Koramangala,79
V500C,Volvo 8400 B7RLE,Diesel,44,47.78,179.2,2025,ITPL,41
279F,Switch EiV 12,Electric,32.6,0,156.9,2025,Peenya,23
348C,Volvo 8400 B7RLE,Diesel,29.9,45.27,117.1,2025,Marathahalli,59
K1,Eicher Skyline Pro,CNG,31.8,30.41,135.3,2025,Koramangala,73
252H,Eicher Skyline Pro,CNG,33.7,47.2,182.7,2025,Bommanahalli,39
348C,Ashok Leyland Viking,Diesel,36.1,26.34,90.6,2025,Marathahalli,77
279F,Eicher Skyline Pro,CNG,35,37.32,167.6,2025,Peenya,64
60A,Tata Marcopolo,CNG,40.6,65.83,253.7,2025,Indiranagar,10
96E,Ashok Leyland Viking,Diesel,30,63.54,196.5,2025,Electronic City,59
K1,Volvo 9400XL,Diesel,36.9,20.73,68.7,2025,Koramangala,62
V500C,Ashok Leyland Viking,Diesel,49.1,28.49,110.1,2025,ITPL,16
60A,Switch EiV 12,Electric,38.3,0,218.9,2025,Indiranagar,25
290E,Tata Marcopolo,CNG,28.3,60.06,251.4,2025,Mysuru Road,17
290E,Volvo 9400XL,Diesel,44.9,30.03,87.5,2025,Mysuru Road,38
60A,Volvo 8400 B7RLE,Diesel,48.6,92.91,253,2025,Indiranagar,34
43E,Ashok Leyland Viking,Diesel,49.5,50.17,161.8,2025,Hebbal,24
500D,Tata Marcopolo,CNG,39.7,70.17,250,2025,Whitefield,61
96E,Tata Marcopolo,CNG,30.1,29.67,122.9,2025,Electronic City,13
210N,Switch EiV 12,Electric,37.8,0,145,2025,Jayanagar,76
60A,Tata Marcopolo,CNG,39.4,39.15,168.3,2025,Indiranagar,29
213K,Switch EiV 12,Electric,35.2,0,275.8,2025,Banerghatta,60
210N,Volvo 8400 B7RLE,Diesel,44.1,72.05,242.1,2025,Jayanagar,32
365B,Volvo 8400 B7RLE,Diesel,30,101.47,270.3,2025,Silk Board,72
12G,Switch EiV 12,Electric,36,0,247.9,2025,BTM Layout,55
V500C,Switch EiV 12,Electric,47.3,0,246.3,2025,ITPL,63
365B,Eicher Skyline Pro,CNG,47.1,20.07,73.7,2025,Silk Board,41
K1,Switch EiV 12,Electric,40.7,0,172.3,2025,Koramangala,48
201R,Eicher Skyline Pro,CNG,25.5,71,263.8,2025,Yelahanka,11
252H,Tata Marcopolo,CNG,43.1,52.32,211.3,2025,Bommanahalli,11
279F,Eicher Skyline Pro,CNG,32.5,25.32,89.6,2025,Peenya,17
V500C,Eicher Skyline Pro,CNG,32,71.47,237,2025,ITPL,42
213K,Eicher Skyline Pro,CNG,25.2,60.18,270.6,2025,Banerghatta,69
201R,Ashok Leyland Viking,Diesel,45.7,71.01,208.9,2025,Yelahanka,24
96E,Volvo 8400 B7RLE,Diesel,43.4,16.82,63.1,2025,Electronic City,21
279F,Volvo 9400XL,Diesel,28.6,61.4,222.9,2025,Peenya,49
213K,Ashok Leyland Viking,Diesel,41.5,62.81,229.2,2025,Banerghatta,62
201R,Switch EiV 12,Electric,40.3,0,246.1,2025,Yelahanka,79
290E,Tata Marcopolo,CNG,37.2,25.51,79.5,2025,Mysuru Road,56
V500C,Volvo 8400 B7RLE,Diesel,35.2,57.6,149.7,2025,ITPL,51
600A,Tata Marcopolo,CNG,27.8,32.45,136.7,2025,Banashankari,59
60A,Volvo 9400XL,Diesel,26.8,68.27,268.5,2025,Indiranagar,32
60A,Tata Marcopolo,CNG,32.5,56.17,175,2025,Indiranagar,30
500D,Volvo 9400XL,Diesel,44.9,47.77,170.1,2025,Whitefield,55
43E,Tata Marcopolo,CNG,26.8,19.7,71,2025,Hebbal,74
12G,Eicher Skyline Pro,CNG,30.8,36.53,125,2025,BTM Layout,42
201R,Volvo 9400XL,Diesel,48.2,76.2,236.8,2025,Yelahanka,14
215K,Ashok Leyland Viking,Diesel,33,80.66,259.3,2025,Kengeri,14
V500C,Eicher Skyline Pro,CNG,41,24.55,109.7,2025,ITPL,27
213K,Switch EiV 12,Electric,33.9,0,192.8,2025,Banerghatta,14
K1,Volvo 9400XL,Diesel,28.1,52.83,202.5,2025,Koramangala,30
348C,Tata Marcopolo,CNG,36.2,44.01,170.7,2025,Marathahalli,11
60A,Volvo 8400 B7RLE,Diesel,26.8,56.05,197.5,2025,Indiranagar,71
V500C,Ashok Leyland Viking,Diesel,42.8,30.32,113.2,2025,ITPL,17
201R,Volvo 8400 B7RLE,Diesel,38.8,72.22,236.9,2025,Yelahanka,61
12G,Tata Marcopolo,CNG,44.4,26.83,91.4,2025,BTM Layout,58
210N,Volvo 8400 B7RLE,Diesel,32.1,62.69,169.3,2025,Jayanagar,79
252H,Switch EiV 12,Electric,26.4,0,198.5,2025,Bommanahalli,59
279F,Ashok Leyland Viking,Diesel,32.9,89.87,224.7,2025,Peenya,64
77E,Volvo 8400 B7RLE,Diesel,26.2,59.16,172.4,2025,KR Puram,71
365B,Ashok Leyland Viking,Diesel,26.6,57.33,215.5,2025,Silk Board,73
401A,Volvo 8400 B7RLE,Diesel,31.2,16.84,60.8,2025,RT Nagar,44
252H,Volvo 8400 B7RLE,Diesel,27.5,42.63,129.6,2025,Bommanahalli,26
K1,Tata Marcopolo,CNG,46.1,34.44,119.5,2025,Koramangala,18
279F,Volvo 8400 B7RLE,Diesel,47.3,74.14,233.6,2025,Peenya,11
96E,Switch EiV 12,Electric,34.4,0,260.2,2025,Electronic City,75
279F,Eicher Skyline Pro,CNG,27.2,67.51,272.1,2025,Peenya,66
600A,Tata Marcopolo,CNG,34.7,42.69,168.6,2025,Banashankari,27
96E,Eicher Skyline Pro,CNG,25.1,66.08,214.8,2025,Electronic City,59
215K,Switch EiV 12,Electric,41.7,0,216.9,2025,Kengeri,18
600A,Ashok Leyland Viking,Diesel,44,69.41,272.5,2025,Banashankari,64
215K,Eicher Skyline Pro,CNG,32.5,67.95,214.6,2025,Kengeri,14
201R,Switch EiV 12,Electric,41.1,0,232,2025,Yelahanka,43
77E,Volvo 8400 B7RLE,Diesel,34,17.94,70.6,2025,KR Puram,78
96E,Volvo 9400XL,Diesel,35.8,53.38,170.1,2025,Electronic City,68
V500C,Tata Marcopolo,CNG,34.2,29.82,106,2025,ITPL,37
290E,Tata Marcopolo,CNG,44.2,19.73,71.5,2025,Mysuru Road,30
12G,Volvo 9400XL,Diesel,46.3,85.49,240.9,2025,BTM Layout,17
60A,Ashok Leyland Viking,Diesel,36.8,53.56,204.6,2025,Indiranagar,47
356C,Eicher Skyline Pro,CNG,41.9,27.48,107.5,2025,Majestic,41
12G,Volvo 9400XL,Diesel,28.4,35.95,125,2025,BTM Layout,29
600A,Volvo 9400XL,Diesel,32.9,64.17,222.5,2025,Banashankari,43
290E,Ashok Leyland Viking,Diesel,42.8,52.49,146.9,2025,Mysuru Road,20
290E,Volvo 9400XL,Diesel,32.2,83.82,255.8,2025,Mysuru Road,40
77E,Tata Marcopolo,CNG,27.8,19.29,72.8,2025,KR Puram,30
V500C,Eicher Skyline Pro,CNG,45.9,39.34,118.9,2025,ITPL,13
500D,Volvo 8400 B7RLE,Diesel,33.4,56.7,143.4,2025,Whitefield,21
77E,Switch EiV 12,Electric,35.3,0,87.4,2025,KR Puram,18
213K,Ashok Leyland Viking,Diesel,35.1,51.09,168.4,2025,Banerghatta,49
348C,Tata Marcopolo,CNG,25.2,51.65,190.9,2025,Marathahalli,29
V500C,Tata Marcopolo,CNG,38,67.72,272,2025,ITPL,60
96E,Switch EiV 12,Electric,44.3,0,128.6,2025,Electronic City,56
348C,Volvo 9400XL,Diesel,38,58.02,230,2025,Marathahalli,68
290E,Volvo 8400 B7RLE,Diesel,25.4,23.97,87.6,2025,Mysuru Road,59
60A,Volvo 8400 B7RLE,Diesel,28,81.98,237.6,2025,Indiranagar,55
356C,Volvo 9400XL,Diesel,32.3,17.46,63.9,2025,Majestic,33
96E,Switch EiV 12,Electric,33.7,0,174,2025,Electronic City,52
12G,Switch EiV 12,Electric,25,0,141.8,2025,BTM Layout,49
210N,Volvo 8400 B7RLE,Diesel,41.2,31.81,126,2025,Jayanagar,26
252H,Ashok Leyland Viking,Diesel,25.6,64.04,246.4,2025,Bommanahalli,35
K1,Ashok Leyland Viking,Diesel,44.5,72.89,232.3,2025,Koramangala,24
290E,Volvo 9400XL,Diesel,32.6,56.8,147.6,2025,Mysuru Road,61
252H,Volvo 9400XL,Diesel,31.2,34.16,110.2,2025,Bommanahalli,39
V500C,Switch EiV 12,Electric,36.8,0,224.4,2025,ITPL,42
12G,Tata Marcopolo,CNG,48.9,16.47,72.7,2025,BTM Layout,67
12G,Switch EiV 12,Electric,49.8,0,232.7,2025,BTM Layout,65
290E,Switch EiV 12,Electric,49.1,0,179.8,2025,Mysuru Road,65
96E,Eicher Skyline Pro,CNG,34.1,22.95,76.6,2025,Electronic City,56
V500C,Tata Marcopolo,CNG,28.5,26.21,103.1,2025,ITPL,28
K1,Volvo 9400XL,Diesel,39.5,85.24,231.9,2025,Koramangala,54
500D,Volvo 8400 B7RLE,Diesel,40.9,77.35,238.4,2025,Whitefield,57
201R,Volvo 9400XL,Diesel,31.5,69.02,208.3,2025,Yelahanka,60
348C,Switch EiV 12,Electric,32.3,0,261.8,2025,Marathahalli,56
V500C,Ashok Leyland Viking,Diesel,47.3,45.88,163.4,2025,ITPL,74
213K,Tata Marcopolo,CNG,28.7,24.47,73.7,2025,Banerghatta,70
600A,Volvo 8400 B7RLE,Diesel,36.2,73.59,198.8,2025,Banashankari,69
96E,Switch EiV 12,Electric,38.2,0,270.7,2025,Electronic City,33
12G,Ashok Leyland Viking,Diesel,37.5,32.16,113.2,2025,BTM Layout,45
356C,Ashok Leyland Viking,Diesel,31.9,20.7,76.8,2025,Majestic,34
213K,Eicher Skyline Pro,CNG,38.7,44.15,161.1,2025,Banerghatta,40
201R,Switch EiV 12,Electric,29.1,0,69.7,2025,Yelahanka,73
213K,Switch EiV 12,Electric,30.2,0,158,2025,Banerghatta,26
12G,Eicher Skyline Pro,CNG,46.1,15.88,71,2025,BTM Layout,24
348C,Volvo 8400 B7RLE,Diesel,46.3,81.91,234.5,2025,Marathahalli,24
210N,Eicher Skyline Pro,CNG,29.9,61.28,271.3,2025,Jayanagar,66
401A,Volvo 9400XL,Diesel,42.8,70.22,278.9,2025,RT Nagar,19
215K,Volvo 8400 B7RLE,Diesel,31.5,58.72,185.3,2025,Kengeri,69
252H,Volvo 8400 B7RLE,Diesel,26.8,55.51,190.6,2025,Bommanahalli,15
213K,Tata Marcopolo,CNG,29.8,65.86,275.9,2025,Banerghatta,38
401A,Ashok Leyland Viking,Diesel,48.6,65.91,259.7,2025,RT Nagar,14
V500C,Tata Marcopolo,CNG,49.4,42.24,174.7,2025,ITPL,69
348C,Eicher Skyline Pro,CNG,36.9,23.45,95.6,2025,Marathahalli,10
96E,Tata Marcopolo,CNG,41,28.6,114.4,2025,Electronic City,60
500D,Volvo 9400XL,Diesel,39.1,26.19,95.8,2025,Whitefield,75
252H,Volvo 8400 B7RLE,Diesel,25.3,67.55,169.8,2025,Bommanahalli,51
210N,Eicher Skyline Pro,CNG,48.2,41.43,138.5,2025,Jayanagar,33
252H,Switch EiV 12,Electric,30.6,0,199.6,2025,Bommanahalli,77
401A,Eicher Skyline Pro,CNG,46.2,31.95,130.8,2025,RT Nagar,50
356C,Volvo 8400 B7RLE,Diesel,35.7,31.84,81,2025,Majestic,27
V500C,Volvo 8400 B7RLE,Diesel,41.6,61.92,165.8,2025,ITPL,43
252H,Volvo 8400 B7RLE,Diesel,34.9,31.86,123.6,2025,Bommanahalli,17
96E,Switch EiV 12,Electric,26.1,0,278.5,2025,Electronic City,68
201R,Volvo 8400 B7RLE,Diesel,34.3,73.62,227.4,2025,Yelahanka,14
K1,Tata Marcopolo,CNG,48,51.03,225.9,2025,Koramangala,21
96E,Switch EiV 12,Electric,33.9,0,187,2025,Electronic City,76
77E,Switch EiV 12,Electric,31.3,0,233.3,2025,KR Puram,73
279F,Ashok Leyland Viking,Diesel,34,52.83,184.1,2025,Peenya,22
600A,Volvo 8400 B7RLE,Diesel,29.8,29.12,112.9,2025,Banashankari,79
279F,Tata Marcopolo,CNG,37.6,24.74,82.4,2025,Peenya,62
V500C,Ashok Leyland Viking,Diesel,25.9,24.83,68.6,2025,ITPL,53
12G,Eicher Skyline Pro,CNG,32.1,56.65,250.7,2025,BTM Layout,76
60A,Ashok Leyland Viking,Diesel,35.9,55.78,188,2025,Indiranagar,70
348C,Volvo 9400XL,Diesel,44,59.41,173.7,2025,Marathahalli,10
77E,Volvo 9400XL,Diesel,47.4,35.13,137.7,2025,KR Puram,73
365B,Eicher Skyline Pro,CNG,35.5,61.48,256.4,2025,Silk Board,32
210N,Tata Marcopolo,CNG,37.4,49.83,164.8,2025,Jayanagar,39
365B,Tata Marcopolo,CNG,29.7,54.33,190,2025,Silk Board,70
500D,Switch EiV 12,Electric,30.2,0,248.1,2025,Whitefield,34
213K,Volvo 9400XL,Diesel,26.7,19.35,75.7,2025,Banerghatta,71
213K,Ashok Leyland Viking,Diesel,35.2,46.15,171.5,2025,Banerghatta,36
600A,Ashok Leyland Viking,Diesel,33.3,68.89,243.9,2025,Banashankari,59
356C,Switch EiV 12,Electric,41.4,0,229.6,2025,Majestic,12
290E,Switch EiV 12,Electric,46.9,0,93.4,2025,Mysuru Road,61
348C,Tata Marcopolo,CNG,32.1,49.1,178.6,2025,Marathahalli,53
365B,Ashok Leyland Viking,Diesel,28.2,18.72,68.3,2025,Silk Board,65
290E,Tata Marcopolo,CNG,35.4,15.86,60,2025,Mysuru Road,36
60A,Volvo 8400 B7RLE,Diesel,49.3,25.36,72,2025,Indiranagar,48
12G,Switch EiV 12,Electric,32.6,0,126.9,2025,BTM Layout,21
348C,Eicher Skyline Pro,CNG,25,27.04,110.7,2025,Marathahalli,34
12G,Ashok Leyland Viking,Diesel,30.6,78.04,272.7,2025,BTM Layout,79
210N,Switch EiV 12,Electric,46.2,0,223.2,2025,Jayanagar,44
96E,Switch EiV 12,Electric,32.6,0,153,2025,Electronic City,30
60A,Tata Marcopolo,CNG,42.8,31.15,131.6,2025,Indiranagar,63
43E,Ashok Leyland Viking,Diesel,34.3,25.95,100,2025,Hebbal,57
96E,Switch EiV 12,Electric,49.6,0,237.5,2025,Electronic City,11
500D,Switch EiV 12,Electric,34.8,0,225.9,2025,Whitefield,31
201R,Volvo 9400XL,Diesel,41.5,72.55,189.9,2025,Yelahanka,69
43E,Switch EiV 12,Electric,42.7,0,179.8,2025,Hebbal,27
201R,Switch EiV 12,Electric,44.5,0,96.8,2025,Yelahanka,45
215K,Eicher Skyline Pro,CNG,48.8,61.5,188.4,2025,Kengeri,67
12G,Eicher Skyline Pro,CNG,40,34.37,118.4,2025,BTM Layout,66
365B,Tata Marcopolo,CNG,44,68.87,217.2,2025,Silk Board,21
401A,Tata Marcopolo,CNG,37.7,48.68,173,2025,RT Nagar,39
43E,Switch EiV 12,Electric,45.7,0,265.2,2025,Hebbal,70
201R,Tata Marcopolo,CNG,42.9,57.79,213.4,2025,Yelahanka,66
365B,Switch EiV 12,Electric,42.4,0,262.6,2025,Silk Board,38
401A,Ashok Leyland Viking,Diesel,46.5,75.71,220.4,2025,RT Nagar,55
500D,Eicher Skyline Pro,CNG,29.9,67.54,237.6,2025,Whitefield,52
365B,Tata Marcopolo,CNG,49.5,31.23,133.8,2025,Silk Board,10
96E,Tata Marcopolo,CNG,43.2,55.76,214.3,2025,Electronic City,59
96E,Ashok Leyland Viking,Diesel,37.4,87.4,268.4,2025,Electronic City,49
V500C,Switch EiV 12,Electric,44.7,0,95.9,2025,ITPL,57
12G,Volvo 8400 B7RLE,Diesel,34.6,87.32,221.6,2025,BTM Layout,51
K1,Volvo 9400XL,Diesel,25.3,68.79,244.6,2025,Koramangala,62
201R,Switch EiV 12,Electric,35.9,0,273.5,2025,Yelahanka,26
96E,Tata Marcopolo,CNG,42.6,26.43,111.7,2025,Electronic City,63
60A,Volvo 9400XL,Diesel,49.2,69.91,180.2,2025,Indiranagar,70
252H,Volvo 8400 B7RLE,Diesel,43,45.1,171.1,2025,Bommanahalli,68
77E,Ashok Leyland Viking,Diesel,45,29.86,99.4,2025,KR Puram,53
252H,Tata Marcopolo,CNG,28.3,34.25,147.2,2025,Bommanahalli,49
348C,Volvo 9400XL,Diesel,32.7,32.23,94.6,2025,Marathahalli,43
201R,Switch EiV 12,Electric,41.8,0,251.7,2025,Yelahanka,21
210N,Eicher Skyline Pro,CNG,31.3,59.76,235.3,2025,Jayanagar,74
77E,Tata Marcopolo,CNG,45.8,42.62,185.8,2025,KR Puram,58
213K,Switch EiV 12,Electric,41.9,0,62.7,2025,Banerghatta,63
290E,Eicher Skyline Pro,CNG,38.7,20.81,71.4,2025,Mysuru Road,18
600A,Tata Marcopolo,CNG,33.8,32.43,127.5,2025,Banashankari,49
60A,Volvo 8400 B7RLE,Diesel,43.3,42.97,133.5,2025,Indiranagar,43
201R,Tata Marcopolo,CNG,44.6,21.87,75,2025,Yelahanka,24
290E,Eicher Skyline Pro,CNG,42.1,44.36,155.2,2025,Mysuru Road,72
500D,Switch EiV 12,Electric,34.3,0,72.4,2025,Whitefield,53
V500C,Switch EiV 12,Electric,41,0,267.8,2025,ITPL,70
213K,Switch EiV 12,Electric,40.8,0,207.7,2025,Banerghatta,22
365B,Volvo 8400 B7RLE,Diesel,35.5,28.62,103.8,2025,Silk Board,63
77E,Volvo 8400 B7RLE,Diesel,31.9,28.24,82.3,2025,KR Puram,25
290E,Volvo 8400 B7RLE,Diesel,49.5,59.59,155,2025,Mysuru Road,13
77E,Tata Marcopolo,CNG,29.5,39.07,174.1,2025,KR Puram,50
401A,Switch EiV 12,Electric,35.1,0,84.9,2025,RT Nagar,28
K1,Ashok Leyland Viking,Diesel,42.6,70.93,222.3,2025,Koramangala,75
356C,Tata Marcopolo,CNG,34.9,40.1,136.2,2025,Majestic,18
213K,Volvo 9400XL,Diesel,37.1,36.24,105.2,2025,Banerghatta,51
252H,Switch EiV 12,Electric,41.4,0,123.2,2025,Bommanahalli,45
500D,Ashok Leyland Viking,Diesel,40.1,104.42,273.1,2025,Whitefield,22
210N,Tata Marcopolo,CNG,48.8,22.23,76.6,2025,Jayanagar,21
600A,Ashok Leyland Viking,Diesel,40,23.37,80.3,2025,Banashankari,13
600A,Volvo 8400 B7RLE,Diesel,31.7,80.35,202.7,2025,Banashankari,22
201R,Volvo 8400 B7RLE,Diesel,31.3,77.49,272.3,2025,Yelahanka,23
77E,Volvo 8400 B7RLE,Diesel,40.3,72.57,215.5,2025,KR Puram,66
43E,Tata Marcopolo,CNG,39.9,27.82,119.6,2025,Hebbal,27
215K,Switch EiV 12,Electric,27.6,0,268.3,2025,Kengeri,24
348C,Switch EiV 12,Electric,48.6,0,94.1,2025,Marathahalli,37
290E,Volvo 9400XL,Diesel,47.1,79.17,222,2025,Mysuru Road,62
77E,Switch EiV 12,Electric,42.5,0,189.3,2025,KR Puram,67
365B,Switch EiV 12,Electric,35.2,0,209.6,2025,Silk Board,54
213K,Volvo 8400 B7RLE,Diesel,39.6,22.02,63.4,2025,Banerghatta,76
215K,Ashok Leyland Viking,Diesel,48.9,51.35,159.1,2025,Kengeri,74
252H,Volvo 9400XL,Diesel,29.7,69.77,244.8,2025,Bommanahalli,49
77E,Eicher Skyline Pro,CNG,27.5,91.25,274.9,2025,KR Puram,43
215K,Ashok Leyland Viking,Diesel,27.3,42.9,155.4,2025,Kengeri,20
96E,Volvo 9400XL,Diesel,35.9,90.44,261.2,2025,Electronic City,66
252H,Eicher Skyline Pro,CNG,43.1,51.63,155.6,2025,Bommanahalli,60
290E,Eicher Skyline Pro,CNG,40.3,47.95,189.7,2025,Mysuru Road,78
210N,Ashok Leyland Viking,Diesel,42.9,42.93,113.2,2025,Jayanagar,49
77E,Volvo 9400XL,Diesel,46.9,28.77,103.8,2025,KR Puram,14
210N,Volvo 9400XL,Diesel,31.2,22.33,63,2025,Jayanagar,41
252H,Tata Marcopolo,CNG,31.2,38.66,119.6,2025,Bommanahalli,26
43E,Volvo 9400XL,Diesel,43.3,47.21,161,2025,Hebbal,77
60A,Eicher Skyline Pro,CNG,27,46.98,208,2025,Indiranagar,35
210N,Ashok Leyland Viking,Diesel,45.1,65.47,244.5,2025,Jayanagar,50
210N,Volvo 9400XL,Diesel,38.6,94.7,265.2,2025,Jayanagar,57
77E,Volvo 8400 B7RLE,Diesel,43.6,54.26,195.7,2025,KR Puram,19
290E,Switch EiV 12,Electric,26.7,0,174.7,2025,Mysuru Road,37
356C,Tata Marcopolo,CNG,48,36.53,141.6,2025,Majestic,38
201R,Tata Marcopolo,CNG,31.7,50.22,178.4,2025,Yelahanka,76
60A,Tata Marcopolo,CNG,41.7,61.47,257,2025,Indiranagar,25
279F,Ashok Leyland Viking,Diesel,40.8,55.7,160,2025,Peenya,42
500D,Volvo 8400 B7RLE,Diesel,35.7,68.02,215.2,2025,Whitefield,51
365B,Ashok Leyland Viking,Diesel,48.4,78.16,202.9,2025,Silk Board,32
600A,Eicher Skyline Pro,CNG,32.3,65.85,241.4,2025,Banashankari,24
60A,Switch EiV 12,Electric,32.5,0,64.8,2025,Indiranagar,25
213K,Switch EiV 12,Electric,26.4,0,170.6,2025,Banerghatta,27
600A,Volvo 9400XL,Diesel,48.2,63.2,168,2025,Banashankari,75
215K,Volvo 9400XL,Diesel,35.2,65.52,228.2,2025,Kengeri,22
210N,Tata Marcopolo,CNG,29,36.2,117.3,2025,Jayanagar,50
43E,Volvo 8400 B7RLE,Diesel,29.6,21.59,75.5,2025,Hebbal,41
215K,Volvo 9400XL,Diesel,45.4,72,254,2025,Kengeri,46
96E,Eicher Skyline Pro,CNG,32.2,24.33,84.3,2025,Electronic City,29
600A,Volvo 9400XL,Diesel,37.9,34.81,115,2025,Banashankari,15
K1,Ashok Leyland Viking,Diesel,33.8,37,138.5,2025,Koramangala,11
356C,Tata Marcopolo,CNG,32.7,53.45,233.6,2025,Majestic,44
K1,Volvo 9400XL,Diesel,33.2,88.93,269.6,2025,Koramangala,28
V500C,Ashok Leyland Viking,Diesel,48.5,44.88,171.2,2025,ITPL,49
60A,Switch EiV 12,Electric,34.8,0,82.6,2025,Indiranagar,49
600A,Eicher Skyline Pro,CNG,37.6,55.21,181.7,2025,Banashankari,49
V500C,Tata Marcopolo,CNG,41.9,58.47,248.9,2025,ITPL,62
348C,Switch EiV 12,Electric,43.7,0,248.9,2025,Marathahalli,52
290E,Volvo 8400 B7RLE,Diesel,40.3,57.14,156.6,2025,Mysuru Road,40
600A,Volvo 8400 B7RLE,Diesel,29.5,58.8,208.2,2025,Banashankari,19
252H,Eicher Skyline Pro,CNG,27.9,34.02,110.5,2025,Bommanahalli,42
348C,Tata Marcopolo,CNG,43,14.74,60.4,2025,Marathahalli,56
12G,Switch EiV 12,Electric,29,0,173.3,2025,BTM Layout,37
201R,Volvo 8400 B7RLE,Diesel,25.5,28.52,78.4,2025,Yelahanka,72
600A,Ashok Leyland Viking,Diesel,31,84.45,256,2025,Banashankari,46
600A,Volvo 9400XL,Diesel,30.6,25.37,83.2,2025,Banashankari,79
V500C,Volvo 8400 B7RLE,Diesel,31.1,74.89,193.7,2025,ITPL,50
12G,Tata Marcopolo,CNG,30.9,43.85,146,2025,BTM Layout,51
77E,Eicher Skyline Pro,CNG,40.4,70.71,271.2,2025,KR Puram,31
210N,Switch EiV 12,Electric,35.7,0,151.5,2025,Jayanagar,11
600A,Volvo 8400 B7RLE,Diesel,42.4,50.38,179,2025,Banashankari,30
V500C,Volvo 9400XL,Diesel,37.5,31.37,97.8,2025,ITPL,55
43E,Switch EiV 12,Electric,40.8,0,251.5,2025,Hebbal,44
356C,Switch EiV 12,Electric,27.9,0,177.2,2025,Majestic,19
365B,Eicher Skyline Pro,CNG,27.9,55.11,193.2,2025,Silk Board,40
356C,Volvo 9400XL,Diesel,42.3,32.53,91.4,2025,Majestic,68
12G,Switch EiV 12,Electric,47.4,0,146.2,2025,BTM Layout,45
279F,Volvo 9400XL,Diesel,37.7,33.53,104.9,2025,Peenya,76
K1,Eicher Skyline Pro,CNG,44.8,20.62,64,2025,Koramangala,46
201R,Tata Marcopolo,CNG,39,41.67,164.3,2025,Yelahanka,46
252H,Switch EiV 12,Electric,31.3,0,211.5,2025,Bommanahalli,77
213K,Tata Marcopolo,CNG,43.1,16.35,62.2,2025,Banerghatta,68
77E,Switch EiV 12,Electric,45.5,0,243.9,2025,KR Puram,71
96E,Switch EiV 12,Electric,37.1,0,245.5,2025,Electronic City,48
356C,Volvo 9400XL,Diesel,44.8,41.99,133.4,2025,Majestic,22
60A,Ashok Leyland Viking,Diesel,46.4,26.26,100.4,2025,Indiranagar,67
401A,Volvo 8400 B7RLE,Diesel,26.9,52.76,162.6,2025,RT Nagar,72
210N,Volvo 8400 B7RLE,Diesel,47.5,84.41,236.8,2025,Jayanagar,62
356C,Ashok Leyland Viking,Diesel,46.9,24.22,74.7,2025,Majestic,52
201R,Switch EiV 12,Electric,49.2,0,179.2,2025,Yelahanka,69
96E,Tata Marcopolo,CNG,41.2,23.98,74.6,2025,Electronic City,27
60A,Ashok Leyland Viking,Diesel,45.1,45.27,142.6,2025,Indiranagar,23
348C,Volvo 9400XL,Diesel,39,93.7,279.4,2025,Marathahalli,73
401A,Volvo 9400XL,Diesel,33.8,35.44,108.4,2025,RT Nagar,60
348C,Volvo 8400 B7RLE,Diesel,34.2,23.5,75.1,2025,Marathahalli,62
365B,Volvo 9400XL,Diesel,41.4,61.46,219,2025,Silk Board,80
96E,Ashok Leyland Viking,Diesel,30.4,17.69,61.8,2025,Electronic City,59
365B,Eicher Skyline Pro,CNG,25.1,39.58,166.5,2025,Silk Board,54
600A,Eicher Skyline Pro,CNG,38.7,74.2,230,2025,Banashankari,58
500D,Eicher Skyline Pro,CNG,39.6,54.78,228.6,2025,Whitefield,59
210N,Volvo 8400 B7RLE,Diesel,45.1,68.78,225.4,2025,Jayanagar,68
201R,Volvo 8400 B7RLE,Diesel,41.8,26.5,90.9,2025,Yelahanka,53
348C,Ashok Leyland Viking,Diesel,29.2,79.97,223.3,2025,Marathahalli,54
77E,Switch EiV 12,Electric,43.7,0,255.9,2025,KR Puram,79
213K,Eicher Skyline Pro,CNG,44,66.69,259.8,2025,Banerghatta,39
500D,Switch EiV 12,Electric,47.2,0,203.9,2025,Whitefield,80
201R,Eicher Skyline Pro,CNG,40.8,57.9,187.3,2025,Yelahanka,16
600A,Eicher Skyline Pro,CNG,42.9,48.23,164.3,2025,Banashankari,74
365B,Ashok Leyland Viking,Diesel,32.8,36.51,104.5,2025,Silk Board,11
77E,Ashok Leyland Viking,Diesel,35.6,27.79,107.3,2025,KR Puram,45
12G,Switch EiV 12,Electric,29.7,0,171.6,2025,BTM Layout,14
43E,Eicher Skyline Pro,CNG,42.4,21.52,76.9,2025,Hebbal,33
356C,Volvo 9400XL,Diesel,41.5,65.18,240.8,2025,Majestic,77
43E,Switch EiV 12,Electric,42.3,0,119.8,2025,Hebbal,10
215K,Volvo 8400 B7RLE,Diesel,48.5,34.19,118.1,2025,Kengeri,24
201R,Ashok Leyland Viking,Diesel,31.7,47.16,131.4,2025,Yelahanka,25
K1,Ashok Leyland Viking,Diesel,30.5,62.72,212.8,2025,Koramangala,34
600A,Ashok Leyland Viking,Diesel,41.5,31.75,118.2,2025,Banashankari,61
356C,Volvo 9400XL,Diesel,44,83.12,231.2,2025,Majestic,41
365B,Volvo 9400XL,Diesel,42.5,26.01,79.4,2025,Silk Board,63
K1,Eicher Skyline Pro,CNG,25.8,45.76,155.1,2025,Koramangala,14
252H,Volvo 8400 B7RLE,Diesel,47,23.52,67.4,2025,Bommanahalli,12
12G,Eicher Skyline Pro,CNG,26,45.65,182.6,2025,BTM Layout,73
Route_No,Bus_Model,Fuel_Type,Avg_Speed_kmph,Fuel_Consumed_Liters,Distance_Covered_km,Year,Destination,No_of_Buses_in_Route
356C,Tata Marcopolo,CNG,48.8,34.75,142.4,2025,Majestic,40
V500C,Volvo 8400 B7RLE,Diesel,28.9,70.12,191.7,2025,ITPL,58
77E,Volvo 8400 B7RLE,Diesel,46.7,21.4,72.8,2025,KR Puram,54
279F,Volvo 9400XL,Diesel,25.5,54.57,215.8,2025,Peenya,30
60A,Volvo 9400XL,Diesel,30.3,87.68,243.1,2025,Indiranagar,44
348C,Volvo 8400 B7RLE,Diesel,32.6,30.51,100.3,2025,Marathahalli,62
252H,Tata Marcopolo,CNG,32.3,39.56,155,2025,Bommanahalli,43
77E,Eicher Skyline Pro,CNG,32.3,25.55,90.7,2025,KR Puram,72
401A,Switch EiV 12,Electric,44.6,0,160.3,2025,RT Nagar,21
60A,Ashok Leyland Viking,Diesel,37.9,30.66,103.9,2025,Indiranagar,65
213K,Eicher Skyline Pro,CNG,40.2,21.56,70.2,2025,Banerghatta,28
213K,Tata Marcopolo,CNG,48.7,16.7,74.3,2025,Banerghatta,10
K1,Eicher Skyline Pro,CNG,32.6,75.58,237.8,2025,Koramangala,54
600A,Eicher Skyline Pro,CNG,36,66.13,210.5,2025,Banashankari,34
215K,Volvo 9400XL,Diesel,25.9,43.71,168.9,2025,Kengeri,21
348C,Volvo 8400 B7RLE,Diesel,41.6,39.39,116.9,2025,Marathahalli,59
60A,Eicher Skyline Pro,CNG,38.7,53.21,174.4,2025,Indiranagar,68
213K,Eicher Skyline Pro,CNG,44.4,61.98,273.3,2025,Banerghatta,20
K1,Volvo 9400XL,Diesel,39.9,66.16,256.9,2025,Koramangala,19
12G,Volvo 8400 B7RLE,Diesel,29.9,30.96,79.5,2025,BTM Layout,37
K1,Ashok Leyland Viking,Diesel,34.7,45.27,131.6,2025,Koramangala,67
K1,Switch EiV 12,Electric,33.9,0,242.3,2025,Koramangala,72
201R,Volvo 9400XL,Diesel,38.6,44.92,121.8,2025,Yelahanka,20
600A,Tata Marcopolo,CNG,26.9,52.79,236.5,2025,Banashankari,41
60A,Switch EiV 12,Electric,30,0,229.9,2025,Indiranagar,72
60A,Volvo 9400XL,Diesel,45.4,17.19,61.2,2025,Indiranagar,24
201R,Ashok Leyland Viking,Diesel,44.3,84.41,220.4,2025,Yelahanka,78
210N,Eicher Skyline Pro,CNG,27.9,32.34,138.9,2025,Jayanagar,66
V500C,Eicher Skyline Pro,CNG,33.3,63.68,197.1,2025,ITPL,22
365B,Switch EiV 12,Electric,33.1,0,128.4,2025,Silk Board,34
96E,Eicher Skyline Pro,CNG,40.9,50.91,220.5,2025,Electronic City,53
600A,Switch EiV 12,Electric,28,0,163.9,2025,Banashankari,49
210N,Tata Marcopolo,CNG,44,56.46,216.9,2025,Jayanagar,26
77E,Tata Marcopolo,CNG,37.3,60.67,229.6,2025,KR Puram,37
348C,Tata Marcopolo,CNG,25.6,48.74,154.1,2025,Marathahalli,24
96E,Volvo 9400XL,Diesel,40.9,22.51,66.9,2025,Electronic City,41
252H,Eicher Skyline Pro,CNG,47.7,50.95,171.9,2025,Bommanahalli,40
213K,Eicher Skyline Pro,CNG,43.9,44.96,150.3,2025,Banerghatta,45
210N,Volvo 8400 B7RLE,Diesel,32.2,28.05,76.9,2025,Jayanagar,68
356C,Volvo 9400XL,Diesel,45.2,76.66,264.5,2025,Majestic,50
365B,Volvo 8400 B7RLE,Diesel,45.1,90.54,251.7,2025,Silk Board,33
279F,Ashok Leyland Viking,Diesel,38.5,69.09,256.4,2025,Peenya,45
V500C,Eicher Skyline Pro,CNG,33,81.23,257.1,2025,ITPL,73
279F,Eicher Skyline Pro,CNG,35.7,26.05,110.1,2025,Peenya,24
96E,Tata Marcopolo,CNG,25.2,66.22,249.4,2025,Electronic City,73
12G,Ashok Leyland Viking,Diesel,30.6,56.65,151.8,2025,BTM Layout,66
500D,Eicher Skyline Pro,CNG,48.6,38.54,134.3,2025,Whitefield,50
500D,Ashok Leyland Viking,Diesel,42.6,57.17,174.1,2025,Whitefield,38
210N,Volvo 8400 B7RLE,Diesel,49.1,95.15,273.8,2025,Jayanagar,43
215K,Volvo 9400XL,Diesel,32.5,57.87,169.4,2025,Kengeri,14
60A,Eicher Skyline Pro,CNG,40.2,18.14,68.1,2025,Indiranagar,10
12G,Tata Marcopolo,CNG,32,16.34,71.3,2025,BTM Layout,43
210N,Eicher Skyline Pro,CNG,28.6,30.18,112.7,2025,Jayanagar,43
96E,Volvo 9400XL,Diesel,31.1,78.9,276.8,2025,Electronic City,18
600A,Eicher Skyline Pro,CNG,30.9,55.62,227.6,2025,Banashankari,42
401A,Eicher Skyline Pro,CNG,40.8,35.67,140.9,2025,RT Nagar,13
365B,Ashok Leyland Viking,Diesel,27.3,47.4,177.9,2025,Silk Board,37
12G,Eicher Skyline Pro,CNG,29.7,42.66,130.6,2025,BTM Layout,73
401A,Tata Marcopolo,CNG,41.9,62.81,190,2025,RT Nagar,62
600A,Ashok Leyland Viking,Diesel,30.7,49.8,172.7,2025,Banashankari,72
348C,Eicher Skyline Pro,CNG,42.3,27.49,98.4,2025,Marathahalli,68
96E,Ashok Leyland Viking,Diesel,28.4,88.36,266.1,2025,Electronic City,71
77E,Ashok Leyland Viking,Diesel,48.1,22.27,85,2025,KR Puram,58
77E,Ashok Leyland Viking,Diesel,41.5,31.32,116.7,2025,KR Puram,15
348C,Switch EiV 12,Electric,38.2,0,182.1,2025,Marathahalli,10
401A,Volvo 9400XL,Diesel,27.3,29.43,113.2,2025,RT Nagar,76
600A,Ashok Leyland Viking,Diesel,40.8,85.79,258.1,2025,Banashankari,58
348C,Eicher Skyline Pro,CNG,43.1,31.48,136.8,2025,Marathahalli,23
60A,Eicher Skyline Pro,CNG,44.5,64.39,255.2,2025,Indiranagar,15
V500C,Tata Marcopolo,CNG,29,18.05,78.5,2025,ITPL,78
290E,Eicher Skyline Pro,CNG,25.2,61.35,193.4,2025,Mysuru Road,70
215K,Switch EiV 12,Electric,25.1,0,206,2025,Kengeri,21
279F,Switch EiV 12,Electric,38.7,0,95.4,2025,Peenya,25
348C,Tata Marcopolo,CNG,41.3,63.6,212.2,2025,Marathahalli,40
213K,Eicher Skyline Pro,CNG,30.9,62.13,216.7,2025,Banerghatta,35
365B,Tata Marcopolo,CNG,41.2,52.46,224.2,2025,Silk Board,29
279F,Eicher Skyline Pro,CNG,39.2,65.18,204.7,2025,Peenya,62
252H,Eicher Skyline Pro,CNG,31.6,41.86,140.9,2025,Bommanahalli,79
12G,Volvo 8400 B7RLE,Diesel,34.8,71.42,274.1,2025,BTM Layout,71
600A,Volvo 9400XL,Diesel,44.9,61.13,198.9,2025,Banashankari,12
365B,Ashok Leyland Viking,Diesel,37.3,66.92,186.9,2025,Silk Board,50
600A,Switch EiV 12,Electric,32,0,218.9,2025,Banashankari,17
60A,Volvo 9400XL,Diesel,41.1,23.61,65.3,2025,Indiranagar,64
356C,Ashok Leyland Viking,Diesel,48.8,68.93,266.9,2025,Majestic,78
213K,Ashok Leyland Viking,Diesel,25.4,36.33,141.4,2025,Banerghatta,33
401A,Tata Marcopolo,CNG,49.2,34.69,154.2,2025,RT Nagar,59
356C,Switch EiV 12,Electric,32.4,0,247.7,2025,Majestic,32
77E,Volvo 8400 B7RLE,Diesel,46.3,48.63,144.7,2025,KR Puram,60
401A,Eicher Skyline Pro,CNG,38.9,22.09,97.3,2025,RT Nagar,73
210N,Switch EiV 12,Electric,39.3,0,213.1,2025,Jayanagar,49
213K,Switch EiV 12,Electric,40.4,0,81.4,2025,Banerghatta,28
77E,Tata Marcopolo,CNG,28.5,73.54,277.8,2025,KR Puram,43
600A,Volvo 9400XL,Diesel,43.5,71.36,253,2025,Banashankari,13
279F,Ashok Leyland Viking,Diesel,34,72.95,214.5,2025,Peenya,12
348C,Volvo 8400 B7RLE,Diesel,45.3,62.65,238.1,2025,Marathahalli,17
215K,Volvo 8400 B7RLE,Diesel,37.8,80.22,260.9,2025,Kengeri,22
279F,Tata Marcopolo,CNG,41.2,58.13,235.6,2025,Peenya,72
12G,Tata Marcopolo,CNG,47.3,67.04,235.1,2025,BTM Layout,17
V500C,Ashok Leyland Viking,Diesel,27.3,42.35,142.6,2025,ITPL,35
290E,Ashok Leyland Viking,Diesel,36.6,20.49,67.9,2025,Mysuru Road,32
500D,Eicher Skyline Pro,CNG,39.8,40.38,123,2025,Whitefield,19
60A,Ashok Leyland Viking,Diesel,45.6,22.43,68.2,2025,Indiranagar,74
V500C,Switch EiV 12,Electric,38.1,0,88,2025,ITPL,61
252H,Switch EiV 12,Electric,30.4,0,229.4,2025,Bommanahalli,58
43E,Tata Marcopolo,CNG,27.1,64.01,197,2025,Hebbal,69
96E,Switch EiV 12,Electric,38.5,0,176.9,2025,Electronic City,45
365B,Volvo 8400 B7RLE,Diesel,43.2,50.51,200.2,2025,Silk Board,76
60A,Tata Marcopolo,CNG,33.1,41.4,173.6,2025,Indiranagar,53
96E,Ashok Leyland Viking,Diesel,36,45.69,119.6,2025,Electronic City,54
12G,Eicher Skyline Pro,CNG,49.1,15.42,65.6,2025,BTM Layout,35
348C,Eicher Skyline Pro,CNG,35.2,65.37,213.1,2025,Marathahalli,49
279F,Volvo 8400 B7RLE,Diesel,31.3,28.4,94.4,2025,Peenya,70
290E,Tata Marcopolo,CNG,41.5,63.51,217.2,2025,Mysuru Road,57
365B,Volvo 8400 B7RLE,Diesel,43.4,81.07,270.1,2025,Silk Board,44
12G,Ashok Leyland Viking,Diesel,35.5,67.77,194.6,2025,BTM Layout,23
213K,Ashok Leyland Viking,Diesel,43.9,54.85,138.3,2025,Banerghatta,44
348C,Ashok Leyland Viking,Diesel,26.2,33.38,85.5,2025,Marathahalli,34
213K,Tata Marcopolo,CNG,42.6,66.88,248.2,2025,Banerghatta,19
V500C,Eicher Skyline Pro,CNG,37.3,21.97,81.5,2025,ITPL,65
12G,Ashok Leyland Viking,Diesel,35.8,31.67,98.1,2025,BTM Layout,41
290E,Ashok Leyland Viking,Diesel,40.9,76.13,195.5,2025,Mysuru Road,22
213K,Switch EiV 12,Electric,40.6,0,142.4,2025,Banerghatta,78
356C,Switch EiV 12,Electric,46.4,0,170.7,2025,Majestic,11
12G,Volvo 9400XL,Diesel,29.1,78.63,204.9,2025,BTM Layout,19
279F,Volvo 9400XL,Diesel,25.7,59.58,201.3,2025,Peenya,69
348C,Switch EiV 12,Electric,39.4,0,266.9,2025,Marathahalli,12
60A,Eicher Skyline Pro,CNG,41.1,39.43,145.4,2025,Indiranagar,57
290E,Tata Marcopolo,CNG,48.5,50.29,180,2025,Mysuru Road,18
210N,Eicher Skyline Pro,CNG,47.6,82.43,271.5,2025,Jayanagar,36
201R,Volvo 9400XL,Diesel,27.5,29.79,75.3,2025,Yelahanka,39
600A,Volvo 8400 B7RLE,Diesel,42.1,31,80.8,2025,Banashankari,48
600A,Volvo 9400XL,Diesel,46.1,51.36,130.2,2025,Banashankari,60
290E,Volvo 9400XL,Diesel,32,89.35,239.2,2025,Mysuru Road,49
213K,Volvo 9400XL,Diesel,40.7,55.89,213.3,2025,Banerghatta,19
77E,Eicher Skyline Pro,CNG,45.1,64.77,221.7,2025,KR Puram,15
V500C,Ashok Leyland Viking,Diesel,43.8,26.68,99,2025,ITPL,20
401A,Volvo 9400XL,Diesel,35.3,90.88,277.9,2025,RT Nagar,80
77E,Eicher Skyline Pro,CNG,33.5,52.5,230.8,2025,KR Puram,73
210N,Eicher Skyline Pro,CNG,35.7,60.32,248.9,2025,Jayanagar,71
V500C,Switch EiV 12,Electric,27.6,0,226,2025,ITPL,70
77E,Switch EiV 12,Electric,37.6,0,258.6,2025,KR Puram,59
60A,Eicher Skyline Pro,CNG,33,55.67,241.8,2025,Indiranagar,14
213K,Switch EiV 12,Electric,25.3,0,145.6,2025,Banerghatta,59
215K,Switch EiV 12,Electric,27.3,0,259.2,2025,Kengeri,54
401A,Switch EiV 12,Electric,48.8,0,130.2,2025,RT Nagar,28
279F,Switch EiV 12,Electric,39.3,0,269.1,2025,Peenya,20
252H,Switch EiV 12,Electric,36.2,0,199,2025,Bommanahalli,66
12G,Volvo 9400XL,Diesel,33.2,35.48,124.5,2025,BTM Layout,72
500D,Tata Marcopolo,CNG,44.8,53.89,225.5,2025,Whitefield,17
401A,Eicher Skyline Pro,CNG,37.4,25.95,80.1,2025,RT Nagar,24
201R,Eicher Skyline Pro,CNG,36,41.76,180.9,2025,Yelahanka,22
96E,Volvo 8400 B7RLE,Diesel,27.9,50.54,137.2,2025,Electronic City,39
365B,Tata Marcopolo,CNG,40.5,72.18,227.5,2025,Silk Board,75
290E,Volvo 8400 B7RLE,Diesel,42.5,30.09,78.5,2025,Mysuru Road,58
365B,Volvo 9400XL,Diesel,42.7,91.84,240.8,2025,Silk Board,47
401A,Volvo 9400XL,Diesel,49.7,25.71,78.7,2025,RT Nagar,60
201R,Tata Marcopolo,CNG,45.3,32.01,141.5,2025,Yelahanka,35
356C,Switch EiV 12,Electric,43.8,0,276.9,2025,Majestic,67
201R,Volvo 8400 B7RLE,Diesel,27.1,38.96,142.8,2025,Yelahanka,38
60A,Ashok Leyland Viking,Diesel,35.6,47.36,182.8,2025,Indiranagar,78
K1,Volvo 8400 B7RLE,Diesel,37.3,33.57,84.5,2025,Koramangala,49
60A,Volvo 8400 B7RLE,Diesel,26.4,60.9,163.1,2025,Indiranagar,63
356C,Tata Marcopolo,CNG,41.2,20.85,85.9,2025,Majestic,50
77E,Tata Marcopolo,CNG,49.1,52.86,188.3,2025,KR Puram,31
60A,Ashok Leyland Viking,Diesel,46.7,43.34,122.9,2025,Indiranagar,33
43E,Volvo 9400XL,Diesel,25.3,68.75,271.9,2025,Hebbal,77
210N,Switch EiV 12,Electric,47.3,0,69.5,2025,Jayanagar,39
356C,Switch EiV 12,Electric,49.8,0,176.1,2025,Majestic,11
210N,Eicher Skyline Pro,CNG,38.8,17.11,76.2,2025,Jayanagar,58
252H,Eicher Skyline Pro,CNG,40.7,43.3,175.1,2025,Bommanahalli,74
348C,Volvo 8400 B7RLE,Diesel,40.7,47.39,160,2025,Marathahalli,66
348C,Volvo 8400 B7RLE,Diesel,26.1,88.42,258.3,2025,Marathahalli,71
356C,Ashok Leyland Viking,Diesel,47.3,84.53,269.1,2025,Majestic,27
279F,Volvo 8400 B7RLE,Diesel,31.9,70.59,196.4,2025,Peenya,50
77E,Volvo 8400 B7RLE,Diesel,33.8,47.99,162,2025,KR Puram,16
60A,Switch EiV 12,Electric,49.4,0,77.1,2025,Indiranagar,56
77E,Ashok Leyland Viking,Diesel,42.5,83.83,277,2025,KR Puram,68
12G,Switch EiV 12,Electric,45.3,0,128.1,2025,BTM Layout,50
348C,Volvo 8400 B7RLE,Diesel,29.1,54.47,210.6,2025,Marathahalli,26
213K,Switch EiV 12,Electric,48.7,0,241,2025,Banerghatta,27
365B,Volvo 8400 B7RLE,Diesel,40.3,70.25,219.7,2025,Silk Board,20
215K,Tata Marcopolo,CNG,46.7,86.45,265.2,2025,Kengeri,38
201R,Volvo 8400 B7RLE,Diesel,34.4,17.71,65.8,2025,Yelahanka,20
279F,Volvo 9400XL,Diesel,28.8,81.74,277.2,2025,Peenya,64
96E,Volvo 9400XL,Diesel,49.2,38.21,143.8,2025,Electronic City,72
213K,Volvo 9400XL,Diesel,36.7,78.28,244.4,2025,Banerghatta,18
500D,Ashok Leyland Viking,Diesel,26.4,31.63,120.1,2025,Whitefield,33
348C,Tata Marcopolo,CNG,50,53.13,238.8,2025,Marathahalli,77
213K,Switch EiV 12,Electric,44.2,0,182.2,2025,Banerghatta,51
365B,Eicher Skyline Pro,CNG,46.2,79.44,267.8,2025,Silk Board,18
290E,Switch EiV 12,Electric,28.2,0,159.1,2025,Mysuru Road,64
348C,Volvo 9400XL,Diesel,40.2,94.94,269.9,2025,Marathahalli,68
213K,Volvo 9400XL,Diesel,40.5,68.42,207.8,2025,Banerghatta,25
213K,Ashok Leyland Viking,Diesel,41.8,25.91,85,2025,Banerghatta,13
77E,Tata Marcopolo,CNG,38,53.74,229.9,2025,KR Puram,53
43E,Ashok Leyland Viking,Diesel,39,47.55,181.4,2025,Hebbal,26
600A,Volvo 9400XL,Diesel,28.4,58.51,148.8,2025,Banashankari,80
600A,Volvo 8400 B7RLE,Diesel,40.5,63.58,226.1,2025,Banashankari,46
V500C,Switch EiV 12,Electric,28.4,0,106.9,2025,ITPL,17
210N,Switch EiV 12,Electric,33.8,0,63.2,2025,Jayanagar,67
365B,Ashok Leyland Viking,Diesel,34.8,60.14,189.8,2025,Silk Board,73
210N,Volvo 9400XL,Diesel,33.7,79.15,258.9,2025,Jayanagar,50
60A,Volvo 9400XL,Diesel,34.9,67.69,232.4,2025,Indiranagar,52
V500C,Volvo 8400 B7RLE,Diesel,48.7,91.78,249.7,2025,ITPL,40
252H,Switch EiV 12,Electric,37.3,0,263.8,2025,Bommanahalli,48
77E,Eicher Skyline Pro,CNG,36.5,26.13,116.8,2025,KR Puram,24
500D,Tata Marcopolo,CNG,33.2,42.63,168.4,2025,Whitefield,27
365B,Volvo 8400 B7RLE,Diesel,26.9,41.88,112.8,2025,Silk Board,45
600A,Volvo 9400XL,Diesel,28.8,32.57,88.2,2025,Banashankari,73
K1,Ashok Leyland Viking,Diesel,29.5,66.59,201,2025,Koramangala,66
43E,Tata Marcopolo,CNG,36.8,64.3,257.3,2025,Hebbal,40
401A,Volvo 9400XL,Diesel,29.8,38.22,97.9,2025,RT Nagar,32
77E,Eicher Skyline Pro,CNG,32,29.77,97.2,2025,KR Puram,31
365B,Tata Marcopolo,CNG,28,21.54,79.5,2025,Silk Board,28
252H,Volvo 8400 B7RLE,Diesel,34.1,32.38,105.4,2025,Bommanahalli,78
60A,Volvo 8400 B7RLE,Diesel,26,57.28,211.9,2025,Indiranagar,27
500D,Ashok Leyland Viking,Diesel,27,51.99,198.1,2025,Whitefield,78
600A,Eicher Skyline Pro,CNG,26.5,76.89,262.6,2025,Banashankari,56
210N,Eicher Skyline Pro,CNG,43.7,72.45,237.4,2025,Jayanagar,29
356C,Eicher Skyline Pro,CNG,34.3,28.47,106.1,2025,Majestic,26
77E,Ashok Leyland Viking,Diesel,34.2,61.37,196,2025,KR Puram,62
43E,Eicher Skyline Pro,CNG,25.9,66.42,224.4,2025,Hebbal,77
77E,Volvo 9400XL,Diesel,47.4,66.38,216.9,2025,KR Puram,20
600A,Ashok Leyland Viking,Diesel,27.7,55.85,177.1,2025,Banashankari,49
279F,Volvo 9400XL,Diesel,31.1,61.02,177.2,2025,Peenya,23
500D,Ashok Leyland Viking,Diesel,25.5,47.94,143,2025,Whitefield,73
290E,Switch EiV 12,Electric,33.2,0,106.5,2025,Mysuru Road,76
43E,Ashok Leyland Viking,Diesel,47.3,25.45,86.3,2025,Hebbal,61
K1,Volvo 8400 B7RLE,Diesel,44.7,64.48,209.4,2025,Koramangala,76
77E,Switch EiV 12,Electric,38.4,0,79.1,2025,KR Puram,64
12G,Volvo 9400XL,Diesel,43.6,60.08,189.1,2025,BTM Layout,37
348C,Tata Marcopolo,CNG,32.1,24.85,88.1,2025,Marathahalli,66
K1,Ashok Leyland Viking,Diesel,39.3,66.61,202.1,2025,Koramangala,61
60A,Eicher Skyline Pro,CNG,40.1,82.54,277,2025,Indiranagar,60
252H,Switch EiV 12,Electric,28.8,0,82.4,2025,Bommanahalli,37
12G,Tata Marcopolo,CNG,29,34.79,114.1,2025,BTM Layout,14
356C,Ashok Leyland Viking,Diesel,29.3,31.91,122.7,2025,Majestic,40
500D,Eicher Skyline Pro,CNG,38.1,21.49,77.7,2025,Whitefield,50
356C,Volvo 9400XL,Diesel,27.8,89.16,276.1,2025,Majestic,17
365B,Ashok Leyland Viking,Diesel,46.6,73.36,273.3,2025,Silk Board,79
279F,Tata Marcopolo,CNG,29.3,29.15,116.7,2025,Peenya,19
213K,Eicher Skyline Pro,CNG,38.9,68.57,264.5,2025,Banerghatta,27
201R,Switch EiV 12,Electric,44.2,0,121.6,2025,Yelahanka,46
201R,Tata Marcopolo,CNG,33.1,27.79,101.1,2025,Yelahanka,37
279F,Switch EiV 12,Electric,31.1,0,171.7,2025,Peenya,44
213K,Switch EiV 12,Electric,40.3,0,85.3,2025,Banerghatta,37
252H,Switch EiV 12,Electric,39.5,0,123.5,2025,Bommanahalli,38
365B,Switch EiV 12,Electric,37,0,94,2025,Silk Board,16
60A,Volvo 9400XL,Diesel,26.3,58.97,177.2,2025,Indiranagar,31
290E,Eicher Skyline Pro,CNG,26.6,19.98,89.6,2025,Mysuru Road,39
290E,Switch EiV 12,Electric,45.2,0,130.9,2025,Mysuru Road,72
348C,Tata Marcopolo,CNG,42,28.02,116,2025,Marathahalli,50
365B,Ashok Leyland Viking,Diesel,36.8,61.26,191,2025,Silk Board,21
279F,Switch EiV 12,Electric,48.2,0,136.8,2025,Peenya,52
12G,Volvo 8400 B7RLE,Diesel,49.1,90.34,242.7,2025,BTM Layout,71
K1,Tata Marcopolo,CNG,48.5,67.48,220.8,2025,Koramangala,79
290E,Volvo 8400 B7RLE,Diesel,43.5,22.19,74.6,2025,Mysuru Road,66
348C,Ashok Leyland Viking,Diesel,28.5,66.4,245.2,2025,Marathahalli,73
V500C,Volvo 8400 B7RLE,Diesel,29.1,38.01,104.4,2025,ITPL,57
252H,Volvo 9400XL,Diesel,41.6,72.82,239.2,2025,Bommanahalli,27
12G,Tata Marcopolo,CNG,46.9,38.71,138.9,2025,BTM Layout,63
401A,Switch EiV 12,Electric,36,0,239.7,2025,RT Nagar,34
77E,Volvo 8400 B7RLE,Diesel,36.6,48.41,142.9,2025,KR Puram,57
210N,Volvo 9400XL,Diesel,37.6,78.82,224.5,2025,Jayanagar,13
210N,Tata Marcopolo,CNG,34.6,67.6,257.9,2025,Jayanagar,48
43E,Switch EiV 12,Electric,40.6,0,259.4,2025,Hebbal,71
96E,Ashok Leyland Viking,Diesel,48.5,24.9,85.7,2025,Electronic City,69
365B,Eicher Skyline Pro,CNG,28.5,31.9,133.7,2025,Silk Board,58
V500C,Ashok Leyland Viking,Diesel,38.3,51.13,196.4,2025,ITPL,14
348C,Tata Marcopolo,CNG,28.8,67.34,233.5,2025,Marathahalli,21
K1,Ashok Leyland Viking,Diesel,43.6,44.98,114.7,2025,Koramangala,26
K1,Volvo 8400 B7RLE,Diesel,44.1,48.6,185.4,2025,Koramangala,14
96E,Eicher Skyline Pro,CNG,45.5,42.74,135.3,2025,Electronic City,69
210N,Volvo 8400 B7RLE,Diesel,28.2,79.52,246.2,2025,Jayanagar,31
356C,Eicher Skyline Pro,CNG,28.7,70.4,235.4,2025,Majestic,15
600A,Ashok Leyland Viking,Diesel,43,63.23,218.9,2025,Banashankari,71
60A,Tata Marcopolo,CNG,38.6,62.97,212.7,2025,Indiranagar,29
77E,Switch EiV 12,Electric,29.5,0,136.1,2025,KR Puram,77
356C,Switch EiV 12,Electric,39.6,0,259.9,2025,Majestic,36
252H,Ashok Leyland Viking,Diesel,36.6,37.8,148.2,2025,Bommanahalli,65
600A,Tata Marcopolo,CNG,39.7,24.93,93.7,2025,Banashankari,45
77E,Switch EiV 12,Electric,25.5,0,194.5,2025,KR Puram,71
96E,Volvo 9400XL,Diesel,48.3,75.25,251.9,2025,Electronic City,17
43E,Volvo 9400XL,Diesel,48.1,59.9,213.3,2025,Hebbal,57
77E,Volvo 9400XL,Diesel,39.4,27.45,93.6,2025,KR Puram,64
215K,Volvo 9400XL,Diesel,43.4,39.29,153.3,2025,Kengeri,63
252H,Ashok Leyland Viking,Diesel,36.3,98.73,263.6,2025,Bommanahalli,20
210N,Volvo 9400XL,Diesel,46,102.98,276.7,2025,Jayanagar,17
500D,Switch EiV 12,Electric,46.7,0,262.6,2025,Whitefield,24
201R,Volvo 9400XL,Diesel,39.8,56.19,174.1,2025,Yelahanka,37
215K,Ashok Leyland Viking,Diesel,33.4,19.44,72,2025,Kengeri,49
60A,Volvo 9400XL,Diesel,33.3,19.69,61,2025,Indiranagar,61
12G,Ashok Leyland Viking,Diesel,48,59.02,178.2,2025,BTM Layout,21
600A,Volvo 8400 B7RLE,Diesel,43.4,42.88,136.3,2025,Banashankari,45
401A,Volvo 8400 B7RLE,Diesel,36.3,40.35,109.4,2025,RT Nagar,24
215K,Tata Marcopolo,CNG,37.5,27.23,98.8,2025,Kengeri,27
401A,Tata Marcopolo,CNG,34.1,67.5,261.3,2025,RT Nagar,25
60A,Volvo 9400XL,Diesel,25.3,56.96,199.1,2025,Indiranagar,69
252H,Eicher Skyline Pro,CNG,49,30.78,99.2,2025,Bommanahalli,74
77E,Volvo 8400 B7RLE,Diesel,27.1,37.84,151.2,2025,KR Puram,48
500D,Ashok Leyland Viking,Diesel,39.9,65.56,170.5,2025,Whitefield,78
96E,Ashok Leyland Viking,Diesel,30.2,58.49,225,2025,Electronic City,28
290E,Eicher Skyline Pro,CNG,29.8,34.4,105.1,2025,Mysuru Road,78
252H,Tata Marcopolo,CNG,39.1,52.9,163.9,2025,Bommanahalli,37
43E,Volvo 9400XL,Diesel,36.3,70.16,230.6,2025,Hebbal,20
96E,Eicher Skyline Pro,CNG,35,40.89,157,2025,Electronic City,35
279F,Switch EiV 12,Electric,29.5,0,94.2,2025,Peenya,58
279F,Volvo 8400 B7RLE,Diesel,48.7,81.57,249.6,2025,Peenya,77
77E,Ashok Leyland Viking,Diesel,41.1,38.42,119.6,2025,KR Puram,47
213K,Volvo 9400XL,Diesel,28.9,18.35,65.6,2025,Banerghatta,50
365B,Volvo 8400 B7RLE,Diesel,25.7,72.36,205,2025,Silk Board,33
279F,Tata Marcopolo,CNG,41.8,36.57,110.8,2025,Peenya,38
213K,Eicher Skyline Pro,CNG,45,25.37,82.9,2025,Banerghatta,60
600A,Volvo 9400XL,Diesel,31,76.85,203.6,2025,Banashankari,14
12G,Tata Marcopolo,CNG,43.1,26.5,113.5,2025,BTM Layout,71
279F,Volvo 9400XL,Diesel,34.9,69.27,242.6,2025,Peenya,56
290E,Ashok Leyland Viking,Diesel,32.3,27.34,105.1,2025,Mysuru Road,60
356C,Switch EiV 12,Electric,27.1,0,62.9,2025,Majestic,37
213K,Tata Marcopolo,CNG,25.7,32.3,105.7,2025,Banerghatta,14
V500C,Tata Marcopolo,CNG,35.5,43.4,188.3,2025,ITPL,26
77E,Volvo 8400 B7RLE,Diesel,33.5,83,239.8,2025,KR Puram,17
77E,Ashok Leyland Viking,Diesel,39.8,49.45,143.5,2025,KR Puram,40
96E,Ashok Leyland Viking,Diesel,35.2,59.28,197.3,2025,Electronic City,37
12G,Volvo 8400 B7RLE,Diesel,32.4,39.74,155.9,2025,BTM Layout,66
96E,Switch EiV 12,Electric,28.5,0,228,2025,Electronic City,22
60A,Volvo 8400 B7RLE,Diesel,37.2,65.36,251.1,2025,Indiranagar,19
600A,Ashok Leyland Viking,Diesel,35.6,93.14,236,2025,Banashankari,67
215K,Volvo 9400XL,Diesel,38.5,34.52,119.1,2025,Kengeri,34
356C,Eicher Skyline Pro,CNG,28.5,27.44,116.7,2025,Majestic,24
290E,Volvo 9400XL,Diesel,38.1,100.31,276.6,2025,Mysuru Road,19
V500C,Eicher Skyline Pro,CNG,25.5,27.43,119.9,2025,ITPL,32
500D,Ashok Leyland Viking,Diesel,39.4,29.51,85.9,2025,Whitefield,32
60A,Eicher Skyline Pro,CNG,41.3,42.85,181.9,2025,Indiranagar,33
600A,Tata Marcopolo,CNG,25.3,32.88,105.4,2025,Banashankari,44
V500C,Volvo 8400 B7RLE,Diesel,46.8,75.97,258,2025,ITPL,23
401A,Ashok Leyland Viking,Diesel,41.6,69.52,192.1,2025,RT Nagar,13
401A,Eicher Skyline Pro,CNG,35.5,73.07,261.2,2025,RT Nagar,22
348C,Tata Marcopolo,CNG,26.2,53.61,174.2,2025,Marathahalli,42
401A,Eicher Skyline Pro,CNG,27.1,56.96,222.4,2025,RT Nagar,49
348C,Volvo 8400 B7RLE,Diesel,34.7,38.87,114,2025,Marathahalli,49
V500C,Volvo 9400XL,Diesel,43,46.92,138.2,2025,ITPL,78
290E,Tata Marcopolo,CNG,36.9,46.2,184.6,2025,Mysuru Road,31
348C,Switch EiV 12,Electric,43.3,0,266.1,2025,Marathahalli,23
252H,Switch EiV 12,Electric,25.8,0,107.3,2025,Bommanahalli,19
60A,Ashok Leyland Viking,Diesel,39.9,45.67,117.7,2025,Indiranagar,37
401A,Ashok Leyland Viking,Diesel,39.9,56.37,169.2,2025,RT Nagar,26
401A,Switch EiV 12,Electric,27.7,0,229.6,2025,RT Nagar,59
201R,Volvo 9400XL,Diesel,43.2,23.59,76.5,2025,Yelahanka,46
600A,Volvo 9400XL,Diesel,35.9,73.67,211.4,2025,Banashankari,42
365B,Volvo 9400XL,Diesel,45,67.81,240.2,2025,Silk Board,68
12G,Ashok Leyland Viking,Diesel,39.8,39.42,119.9,2025,BTM Layout,75
210N,Volvo 9400XL,Diesel,47.9,29.61,80.1,2025,Jayanagar,56
252H,Volvo 8400 B7RLE,Diesel,36.2,96.88,269.1,2025,Bommanahalli,33
210N,Switch EiV 12,Electric,46.8,0,179.2,2025,Jayanagar,25
356C,Volvo 8400 B7RLE,Diesel,45.2,63.39,221.1,2025,Majestic,38
500D,Tata Marcopolo,CNG,46.2,62.91,212.3,2025,Whitefield,35
365B,Switch EiV 12,Electric,30.5,0,167.7,2025,Silk Board,21
96E,Switch EiV 12,Electric,48.6,0,277.3,2025,Electronic City,34
213K,Ashok Leyland Viking,Diesel,42.6,17.67,68.7,2025,Banerghatta,65
279F,Switch EiV 12,Electric,39.2,0,99.7,2025,Peenya,20
210N,Switch EiV 12,Electric,25.8,0,261.4,2025,Jayanagar,52
K1,Eicher Skyline Pro,CNG,32.4,48.65,213.4,2025,Koramangala,69
215K,Eicher Skyline Pro,CNG,48.6,73.72,273.6,2025,Kengeri,65
12G,Volvo 8400 B7RLE,Diesel,46.1,83.8,249.6,2025,BTM Layout,75
12G,Eicher Skyline Pro,CNG,25.9,62.24,242.4,2025,BTM Layout,23
12G,Eicher Skyline Pro,CNG,28,35.5,110.6,2025,BTM Layout,43
60A,Eicher Skyline Pro,CNG,33.5,52.16,213.2,2025,Indiranagar,50
252H,Tata Marcopolo,CNG,32.9,19.53,74.4,2025,Bommanahalli,55
356C,Ashok Leyland Viking,Diesel,33,68.05,234,2025,Majestic,63
96E,Volvo 8400 B7RLE,Diesel,40.4,89.46,254.9,2025,Electronic City,63
356C,Volvo 9400XL,Diesel,46.8,25.83,65.4,2025,Majestic,30
V500C,Volvo 9400XL,Diesel,38.2,64.58,252.4,2025,ITPL,18
252H,Eicher Skyline Pro,CNG,49.9,66.85,235.7,2025,Bommanahalli,28
252H,Volvo 9400XL,Diesel,35,71.06,228.8,2025,Bommanahalli,79
213K,Tata Marcopolo,CNG,46.8,44.26,198.1,2025,Banerghatta,11
213K,Ashok Leyland Viking,Diesel,35.4,73.12,229,2025,Banerghatta,47
348C,Eicher Skyline Pro,CNG,31,70.22,222.3,2025,Marathahalli,57
252H,Switch EiV 12,Electric,32.2,0,138,2025,Bommanahalli,70
252H,Ashok Leyland Viking,Diesel,30.8,48.85,125.2,2025,Bommanahalli,51
600A,Tata Marcopolo,CNG,49.7,17.55,63.9,2025,Banashankari,47
279F,Volvo 8400 B7RLE,Diesel,42,51.14,144.6,2025,Peenya,51
201R,Eicher Skyline Pro,CNG,44.7,85.83,269,2025,Yelahanka,37
201R,Eicher Skyline Pro,CNG,47,34.39,151.9,2025,Yelahanka,46
V500C,Tata Marcopolo,CNG,40.3,50.08,162.8,2025,ITPL,65
290E,Ashok Leyland Viking,Diesel,30.8,71.05,278.1,2025,Mysuru Road,56
600A,Volvo 9400XL,Diesel,40.2,62.07,202.9,2025,Banashankari,17
12G,Ashok Leyland Viking,Diesel,29.4,39.11,110.7,2025,BTM Layout,23
290E,Ashok Leyland Viking,Diesel,44.5,33.39,101,2025,Mysuru Road,59
43E,Ashok Leyland Viking,Diesel,49.2,19,72.7,2025,Hebbal,11
401A,Tata Marcopolo,CNG,49.9,80.99,264.1,2025,RT Nagar,28
348C,Ashok Leyland Viking,Diesel,44,41.53,147.2,2025,Marathahalli,45
201R,Volvo 9400XL,Diesel,45.4,33.1,93.9,2025,Yelahanka,24
215K,Ashok Leyland Viking,Diesel,38.4,32.22,109.2,2025,Kengeri,49
201R,Volvo 9400XL,Diesel,27.3,49.16,187.6,2025,Yelahanka,78
290E,Ashok Leyland Viking,Diesel,28.2,30.89,118.4,2025,Mysuru Road,65
279F,Eicher Skyline Pro,CNG,46.6,64.12,270.2,2025,Peenya,21
60A,Volvo 8400 B7RLE,Diesel,38.8,77.63,204.2,2025,Indiranagar,48
215K,Switch EiV 12,Electric,34.3,0,149.9,2025,Kengeri,67
600A,Switch EiV 12,Electric,43.1,0,117.1,2025,Banashankari,29
279F,Volvo 8400 B7RLE,Diesel,27,59.75,169.1,2025,Peenya,51
V500C,Volvo 9400XL,Diesel,26.9,55.68,210.3,2025,ITPL,13
356C,Switch EiV 12,Electric,37,0,168.9,2025,Majestic,76
96E,Volvo 9400XL,Diesel,45.6,62.98,190.3,2025,Electronic City,50
213K,Ashok Leyland Viking,Diesel,39.1,72.12,209.2,2025,Banerghatta,33
43E,Volvo 9400XL,Diesel,44.9,72.63,253.3,2025,Hebbal,33
500D,Tata Marcopolo,CNG,46.7,60.82,247.1,2025,Whitefield,60
96E,Eicher Skyline Pro,CNG,42.4,60.72,244.1,2025,Electronic City,10
348C,Eicher Skyline Pro,CNG,43.8,60.56,196.1,2025,Marathahalli,50
401A,Tata Marcopolo,CNG,46.8,83.38,253.8,2025,RT Nagar,26
201R,Tata Marcopolo,CNG,28.2,69,241.7,2025,Yelahanka,17
401A,Switch EiV 12,Electric,29,0,223.6,2025,RT Nagar,22
201R,Switch EiV 12,Electric,45.8,0,240,2025,Yelahanka,18
290E,Volvo 9400XL,Diesel,25.2,58.56,171.6,2025,Mysuru Road,54
252H,Tata Marcopolo,CNG,49.5,49.57,195.7,2025,Bommanahalli,72
213K,Switch EiV 12,Electric,40.9,0,117.2,2025,Banerghatta,46
K1,Ashok Leyland Viking,Diesel,44.5,67.21,178.8,2025,Koramangala,39
600A,Ashok Leyland Viking,Diesel,38.5,57.65,227.4,2025,Banashankari,49
290E,Switch EiV 12,Electric,40.8,0,135.2,2025,Mysuru Road,56
60A,Eicher Skyline Pro,CNG,27.6,60.15,265,2025,Indiranagar,37
60A,Ashok Leyland Viking,Diesel,26.7,71.59,211.3,2025,Indiranagar,57
213K,Tata Marcopolo,CNG,26.7,55.72,215.8,2025,Banerghatta,47
201R,Switch EiV 12,Electric,40.5,0,136.1,2025,Yelahanka,19
77E,Volvo 8400 B7RLE,Diesel,46.8,17.7,70.1,2025,KR Puram,12
290E,Ashok Leyland Viking,Diesel,43.7,101.37,273.2,2025,Mysuru Road,15
201R,Eicher Skyline Pro,CNG,25.6,74.77,226.8,2025,Yelahanka,24
279F,Ashok Leyland Viking,Diesel,37.2,35.89,131.2,2025,Peenya,54
348C,Switch EiV 12,Electric,36.1,0,210.3,2025,Marathahalli,71
96E,Volvo 8400 B7RLE,Diesel,49.9,38.29,120.2,2025,Electronic City,67
356C,Volvo 9400XL,Diesel,29.1,43.14,159.3,2025,Majestic,16
12G,Switch EiV 12,Electric,30.5,0,212.6,2025,BTM Layout,51
213K,Volvo 9400XL,Diesel,42,22.43,78.1,2025,Banerghatta,54
365B,Switch EiV 12,Electric,48.8,0,120.1,2025,Silk Board,30
600A,Tata Marcopolo,CNG,35.8,21.11,93.2,2025,Banashankari,65
96E,Switch EiV 12,Electric,41,0,152.3,2025,Electronic City,32
290E,Volvo 9400XL,Diesel,31.9,37.1,147.5,2025,Mysuru Road,12
V500C,Switch EiV 12,Electric,47.4,0,150.1,2025,ITPL,29
43E,Switch EiV 12,Electric,30.3,0,110.6,2025,Hebbal,56
V500C,Ashok Leyland Viking,Diesel,41.3,21.88,66.8,2025,ITPL,21
96E,Ashok Leyland Viking,Diesel,36.8,63.31,250.2,2025,Electronic City,67
348C,Switch EiV 12,Electric,46.7,0,100.8,2025,Marathahalli,78
43E,Tata Marcopolo,CNG,44.3,54.11,230.9,2025,Hebbal,27
600A,Volvo 9400XL,Diesel,40.7,84.32,227.4,2025,Banashankari,42
365B,Ashok Leyland Viking,Diesel,48,19.62,67.2,2025,Silk Board,45
348C,Ashok Leyland Viking,Diesel,37,87.89,235.2,2025,Marathahalli,61
401A,Ashok Leyland Viking,Diesel,42.1,27.82,87.5,2025,RT Nagar,66
365B,Volvo 8400 B7RLE,Diesel,37.3,40.1,104.1,2025,Silk Board,12
500D,Ashok Leyland Viking,Diesel,31.7,50.86,188,2025,Whitefield,31
290E,Switch EiV 12,Electric,36.4,0,128.3,2025,Mysuru Road,77
500D,Eicher Skyline Pro,CNG,26.8,17.44,62.6,2025,Whitefield,15
348C,Eicher Skyline Pro,CNG,40,48.17,165.6,2025,Marathahalli,26
V500C,Tata Marcopolo,CNG,46.5,51.06,212.9,2025,ITPL,57
600A,Eicher Skyline Pro,CNG,37,21.76,68.7,2025,Banashankari,22
215K,Eicher Skyline Pro,CNG,49.7,35.22,113.2,2025,Kengeri,40
V500C,Switch EiV 12,Electric,40.5,0,169.8,2025,ITPL,21
356C,Volvo 9400XL,Diesel,39,85.3,214.5,2025,Majestic,66
348C,Tata Marcopolo,CNG,37.9,42.08,131.8,2025,Marathahalli,55
401A,Volvo 8400 B7RLE,Diesel,25.8,52.37,137.1,2025,RT Nagar,15
210N,Eicher Skyline Pro,CNG,28.3,38.25,147.3,2025,Jayanagar,53
356C,Volvo 8400 B7RLE,Diesel,45,75.6,211.7,2025,Majestic,58
600A,Eicher Skyline Pro,CNG,27.6,24.48,96.8,2025,Banashankari,59
290E,Ashok Leyland Viking,Diesel,25.8,55.17,215.4,2025,Mysuru Road,48
43E,Volvo 8400 B7RLE,Diesel,38.5,20.04,71.4,2025,Hebbal,25
213K,Volvo 9400XL,Diesel,42.9,67.95,251.6,2025,Banerghatta,23
77E,Ashok Leyland Viking,Diesel,45.4,51.41,134.7,2025,KR Puram,80
12G,Volvo 9400XL,Diesel,38.7,68.95,256.9,2025,BTM Layout,17
290E,Volvo 9400XL,Diesel,41.1,48.49,159.5,2025,Mysuru Road,77
96E,Volvo 9400XL,Diesel,27,85.27,220.9,2025,Electronic City,51
96E,Tata Marcopolo,CNG,29,26.56,114.4,2025,Electronic City,78
201R,Tata Marcopolo,CNG,49.4,30.87,108.2,2025,Yelahanka,79
348C,Volvo 9400XL,Diesel,44.7,28.7,100.1,2025,Marathahalli,20
356C,Eicher Skyline Pro,CNG,38.9,41.58,169.6,2025,Majestic,63
12G,Ashok Leyland Viking,Diesel,49.9,27.84,110.3,2025,BTM Layout,79
K1,Switch EiV 12,Electric,30,0,203.1,2025,Koramangala,22
V500C,Ashok Leyland Viking,Diesel,26.8,82.37,209.7,2025,ITPL,14
500D,Volvo 9400XL,Diesel,36.6,30.69,116.7,2025,Whitefield,39
348C,Volvo 8400 B7RLE,Diesel,43.6,70.1,220,2025,Marathahalli,53
V500C,Eicher Skyline Pro,CNG,34.3,30.37,136.1,2025,ITPL,37
600A,Tata Marcopolo,CNG,46.7,17.79,68.8,2025,Banashankari,33
96E,Volvo 8400 B7RLE,Diesel,43.1,48.45,156.5,2025,Electronic City,70
290E,Ashok Leyland Viking,Diesel,47.5,80.51,252.2,2025,Mysuru Road,53
348C,Tata Marcopolo,CNG,39.8,27.68,120.9,2025,Marathahalli,66
600A,Switch EiV 12,Electric,40.6,0,106.3,2025,Banashankari,14
43E,Volvo 9400XL,Diesel,43.3,73.74,198.9,2025,Hebbal,33
401A,Tata Marcopolo,CNG,47.7,66.52,217.5,2025,RT Nagar,65
12G,Volvo 8400 B7RLE,Diesel,49.3,40.52,112.3,2025,BTM Layout,58
290E,Switch EiV 12,Electric,37.3,0,248,2025,Mysuru Road,39
96E,Volvo 8400 B7RLE,Diesel,46.8,36.11,114.4,2025,Electronic City,45
V500C,Tata Marcopolo,CNG,34,44.56,173.3,2025,ITPL,40
356C,Volvo 9400XL,Diesel,34.8,24.28,96,2025,Majestic,56
96E,Eicher Skyline Pro,CNG,41.4,33.49,116.8,2025,Electronic City,29
210N,Volvo 8400 B7RLE,Diesel,28.3,58.21,230.2,2025,Jayanagar,80
60A,Eicher Skyline Pro,CNG,30.9,51.38,159.8,2025,Indiranagar,76
365B,Tata Marcopolo,CNG,38,27.76,97.3,2025,Silk Board,79
96E,Tata Marcopolo,CNG,35.8,71.86,242.4,2025,Electronic City,78
252H,Volvo 8400 B7RLE,Diesel,42.7,71.19,195.8,2025,Bommanahalli,12
V500C,Ashok Leyland Viking,Diesel,25.9,26.88,96.9,2025,ITPL,19
401A,Volvo 9400XL,Diesel,36.9,54.7,206,2025,RT Nagar,65
252H,Tata Marcopolo,CNG,39.6,55.13,237.2,2025,Bommanahalli,54
252H,Switch EiV 12,Electric,27.8,0,105.3,2025,Bommanahalli,65
279F,Switch EiV 12,Electric,26.4,0,119.3,2025,Peenya,16
252H,Switch EiV 12,Electric,48.4,0,176.9,2025,Bommanahalli,30
500D,Ashok Leyland Viking,Diesel,28.1,21.62,68.7,2025,Whitefield,67
96E,Volvo 8400 B7RLE,Diesel,32.9,81.42,265.5,2025,Electronic City,23
348C,Volvo 9400XL,Diesel,28.7,17.36,69.1,2025,Marathahalli,24
201R,Tata Marcopolo,CNG,25.1,61.5,272.3,2025,Yelahanka,10
365B,Volvo 8400 B7RLE,Diesel,46.7,63.04,200.6,2025,Silk Board,54
401A,Volvo 8400 B7RLE,Diesel,37.2,49.54,173.4,2025,RT Nagar,63
500D,Ashok Leyland Viking,Diesel,25.7,30.62,90.7,2025,Whitefield,61
V500C,Eicher Skyline Pro,CNG,30,53.61,215,2025,ITPL,44
V500C,Ashok Leyland Viking,Diesel,27.3,77.92,273.4,2025,ITPL,34
356C,Volvo 8400 B7RLE,Diesel,46.7,56.98,157.6,2025,Majestic,20
43E,Eicher Skyline Pro,CNG,46,48.09,212.4,2025,Hebbal,31
215K,Ashok Leyland Viking,Diesel,37.4,61.37,210.3,2025,Kengeri,75
279F,Ashok Leyland Viking,Diesel,39.3,98.68,251.2,2025,Peenya,77
60A,Ashok Leyland Viking,Diesel,42.2,75.34,264.8,2025,Indiranagar,35
210N,Tata Marcopolo,CNG,41.5,29.91,107.4,2025,Jayanagar,37
77E,Eicher Skyline Pro,CNG,27.7,50.99,203.3,2025,KR Puram,12
V500C,Switch EiV 12,Electric,26.2,0,279.9,2025,ITPL,59
365B,Tata Marcopolo,CNG,35.2,63.86,275,2025,Silk Board,14
60A,Volvo 8400 B7RLE,Diesel,39.2,64.34,232.1,2025,Indiranagar,29
77E,Volvo 8400 B7RLE,Diesel,35.1,84.7,253.3,2025,KR Puram,20
V500C,Eicher Skyline Pro,CNG,45.2,49.93,206.9,2025,ITPL,65
290E,Tata Marcopolo,CNG,35.9,55.72,235.5,2025,Mysuru Road,48
K1,Eicher Skyline Pro,CNG,38.6,28.72,86.4,2025,Koramangala,54
96E,Volvo 8400 B7RLE,Diesel,34.2,42.47,131.4,2025,Electronic City,51
290E,Eicher Skyline Pro,CNG,34.7,57.99,213,2025,Mysuru Road,78
V500C,Volvo 9400XL,Diesel,34.3,39.53,112.3,2025,ITPL,38
201R,Volvo 9400XL,Diesel,40.1,21.73,76.1,2025,Yelahanka,54
252H,Tata Marcopolo,CNG,36.6,54.99,196.3,2025,Bommanahalli,67
356C,Eicher Skyline Pro,CNG,38,67.2,249.9,2025,Majestic,34
500D,Tata Marcopolo,CNG,33.5,18.37,65.6,2025,Whitefield,47
210N,Eicher Skyline Pro,CNG,39.5,38.86,147.7,2025,Jayanagar,52
252H,Tata Marcopolo,CNG,44.1,45.91,193.7,2025,Bommanahalli,41
600A,Eicher Skyline Pro,CNG,48.9,72.01,218,2025,Banashankari,17
600A,Eicher Skyline Pro,CNG,25.2,25.96,103.1,2025,Banashankari,31
43E,Switch EiV 12,Electric,31.1,0,257.6,2025,Hebbal,48
210N,Ashok Leyland Viking,Diesel,26.5,67.64,263.9,2025,Jayanagar,25
348C,Volvo 9400XL,Diesel,27.5,42.55,137.4,2025,Marathahalli,69
348C,Eicher Skyline Pro,CNG,32.1,33.66,116.5,2025,Marathahalli,80
201R,Volvo 8400 B7RLE,Diesel,38.5,79.78,236.7,2025,Yelahanka,17
365B,Switch EiV 12,Electric,42.9,0,194.3,2025,Silk Board,50
290E,Volvo 9400XL,Diesel,35.3,44.73,120,2025,Mysuru Road,60
77E,Volvo 8400 B7RLE,Diesel,42,36.04,99.9,2025,KR Puram,42
215K,Tata Marcopolo,CNG,42.7,55.53,175.5,2025,Kengeri,11
348C,Volvo 8400 B7RLE,Diesel,31.4,46.85,184.8,2025,Marathahalli,22
V500C,Eicher Skyline Pro,CNG,45.1,43.5,166.4,2025,ITPL,42
279F,Ashok Leyland Viking,Diesel,40.8,17.72,69.6,2025,Peenya,44
96E,Tata Marcopolo,CNG,45.5,44.47,192.4,2025,Electronic City,46
401A,Tata Marcopolo,CNG,30.3,28.14,110.2,2025,RT Nagar,66
290E,Volvo 8400 B7RLE,Diesel,46,39.06,150.4,2025,Mysuru Road,36
60A,Ashok Leyland Viking,Diesel,30.9,37.54,137.8,2025,Indiranagar,35
365B,Volvo 8400 B7RLE,Diesel,45.6,38.43,120.5,2025,Silk Board,32
77E,Volvo 8400 B7RLE,Diesel,27.4,60.22,206.9,2025,KR Puram,21
60A,Volvo 9400XL,Diesel,39.7,57.92,159.4,2025,Indiranagar,67
60A,Ashok Leyland Viking,Diesel,46.6,78.62,222.1,2025,Indiranagar,52
365B,Eicher Skyline Pro,CNG,25.6,20.46,81.1,2025,Silk Board,31
252H,Volvo 9400XL,Diesel,38.7,67.98,193.6,2025,Bommanahalli,30
279F,Ashok Leyland Viking,Diesel,39.9,44.99,146,2025,Peenya,70
356C,Volvo 8400 B7RLE,Diesel,28.4,78.27,277.3,2025,Majestic,42
77E,Eicher Skyline Pro,CNG,35.7,36.55,149,2025,KR Puram,27
600A,Ashok Leyland Viking,Diesel,49.8,78.85,212.3,2025,Banashankari,65
12G,Eicher Skyline Pro,CNG,43.1,21.43,82.9,2025,BTM Layout,42
290E,Volvo 8400 B7RLE,Diesel,27,45.77,120.3,2025,Mysuru Road,71
V500C,Volvo 9400XL,Diesel,29.8,85.99,256.7,2025,ITPL,28
12G,Volvo 8400 B7RLE,Diesel,33.9,42.2,109.9,2025,BTM Layout,60
401A,Ashok Leyland Viking,Diesel,26.7,47.07,174.2,2025,RT Nagar,46
279F,Volvo 9400XL,Diesel,38.5,29.16,111.4,2025,Peenya,21
215K,Switch EiV 12,Electric,38.3,0,203.2,2025,Kengeri,62
401A,Eicher Skyline Pro,CNG,33.3,32.82,131.4,2025,RT Nagar,37
213K,Volvo 9400XL,Diesel,41.5,83.53,278.7,2025,Banerghatta,28
12G,Ashok Leyland Viking,Diesel,36.6,85.21,220.7,2025,BTM Layout,69
600A,Ashok Leyland Viking,Diesel,48.9,66.49,183.7,2025,Banashankari,31
77E,Ashok Leyland Viking,Diesel,30,64.11,211.8,2025,KR Puram,27
401A,Tata Marcopolo,CNG,36.3,19.67,81.3,2025,RT Nagar,77
96E,Volvo 8400 B7RLE,Diesel,41.6,36.96,136.5,2025,Electronic City,17
401A,Eicher Skyline Pro,CNG,30.9,73.35,264,2025,RT Nagar,56
43E,Eicher Skyline Pro,CNG,49.8,21.3,93.5,2025,Hebbal,54
279F,Ashok Leyland Viking,Diesel,46.1,54.49,178.8,2025,Peenya,68
213K,Volvo 8400 B7RLE,Diesel,27.2,54.28,197.2,2025,Banerghatta,53
210N,Volvo 9400XL,Diesel,45.7,23.99,88.1,2025,Jayanagar,30
279F,Ashok Leyland Viking,Diesel,25.9,73.07,215.9,2025,Peenya,79
290E,Eicher Skyline Pro,CNG,34,37.65,117.9,2025,Mysuru Road,52
60A,Tata Marcopolo,CNG,38.8,76.95,266.1,2025,Indiranagar,58
12G,Switch EiV 12,Electric,36.2,0,147.3,2025,BTM Layout,73
96E,Volvo 8400 B7RLE,Diesel,37.9,49.52,192.1,2025,Electronic City,63
V500C,Volvo 8400 B7RLE,Diesel,49.8,44.82,169.3,2025,ITPL,26
12G,Volvo 8400 B7RLE,Diesel,48.3,39.6,105.9,2025,BTM Layout,27
K1,Switch EiV 12,Electric,34.5,0,239.8,2025,Koramangala,53
K1,Volvo 8400 B7RLE,Diesel,46.7,68.27,253.2,2025,Koramangala,72
279F,Eicher Skyline Pro,CNG,32.6,74.9,233.8,2025,Peenya,51
600A,Switch EiV 12,Electric,29.3,0,148.7,2025,Banashankari,66
252H,Switch EiV 12,Electric,33.7,0,212.9,2025,Bommanahalli,41
12G,Ashok Leyland Viking,Diesel,41,73.55,274.6,2025,BTM Layout,73
348C,Switch EiV 12,Electric,46.6,0,89.2,2025,Marathahalli,35
210N,Tata Marcopolo,CNG,37.2,67.27,263,2025,Jayanagar,47
290E,Volvo 9400XL,Diesel,29.4,70.16,228.3,2025,Mysuru Road,43
K1,Ashok Leyland Viking,Diesel,28.7,48.41,147.7,2025,Koramangala,48
252H,Ashok Leyland Viking,Diesel,25.6,27.75,75,2025,Bommanahalli,10
96E,Ashok Leyland Viking,Diesel,38.7,68.86,271.9,2025,Electronic City,74
356C,Ashok Leyland Viking,Diesel,32.8,47.59,155.1,2025,Majestic,63
96E,Volvo 9400XL,Diesel,27.6,45.27,156.7,2025,Electronic City,42
356C,Volvo 9400XL,Diesel,40.5,30.93,107.5,2025,Majestic,45
96E,Volvo 9400XL,Diesel,26.5,25.44,93.4,2025,Electronic City,60
348C,Switch EiV 12,Electric,26.5,0,161.2,2025,Marathahalli,43
V500C,Ashok Leyland Viking,Diesel,26.4,78.73,278.9,2025,ITPL,49
201R,Ashok Leyland Viking,Diesel,31,101.87,276.4,2025,Yelahanka,22
215K,Volvo 8400 B7RLE,Diesel,32.6,32.7,86.7,2025,Kengeri,52
K1,Volvo 9400XL,Diesel,26.6,65.04,212.3,2025,Koramangala,54
96E,Switch EiV 12,Electric,45.3,0,279.3,2025,Electronic City,11
279F,Ashok Leyland Viking,Diesel,32.7,56.84,195.3,2025,Peenya,65
43E,Switch EiV 12,Electric,35.7,0,175.9,2025,Hebbal,22
600A,Eicher Skyline Pro,CNG,47.2,24.17,88.8,2025,Banashankari,10
365B,Volvo 9400XL,Diesel,34.2,32.94,102.8,2025,Silk Board,65
201R,Volvo 9400XL,Diesel,43.3,66.26,242.1,2025,Yelahanka,20
279F,Ashok Leyland Viking,Diesel,35.4,19.37,62.4,2025,Peenya,17
500D,Ashok Leyland Viking,Diesel,31.5,17.64,64.2,2025,Whitefield,32
77E,Eicher Skyline Pro,CNG,38.4,27.15,90.2,2025,KR Puram,15
252H,Ashok Leyland Viking,Diesel,31,15.82,62.7,2025,Bommanahalli,19
V500C,Eicher Skyline Pro,CNG,49,63.32,236.3,2025,ITPL,53
348C,Volvo 9400XL,Diesel,38.7,26.43,84.1,2025,Marathahalli,43
77E,Switch EiV 12,Electric,27.5,0,245.8,2025,KR Puram,60
600A,Eicher Skyline Pro,CNG,28.8,48.01,167.4,2025,Banashankari,25
201R,Ashok Leyland Viking,Diesel,36.9,72.52,222.2,2025,Yelahanka,68
500D,Eicher Skyline Pro,CNG,36.5,35.14,146.8,2025,Whitefield,12
279F,Ashok Leyland Viking,Diesel,48.9,69.64,256.3,2025,Peenya,21
43E,Ashok Leyland Viking,Diesel,42.2,41,129.4,2025,Hebbal,49
401A,Volvo 8400 B7RLE,Diesel,46,45.35,116,2025,RT Nagar,67
252H,Switch EiV 12,Electric,36.5,0,258.4,2025,Bommanahalli,57
12G,Volvo 8400 B7RLE,Diesel,41.5,52.1,200.2,2025,BTM Layout,73
215K,Eicher Skyline Pro,CNG,40.3,64.55,200.1,2025,Kengeri,12
77E,Ashok Leyland Viking,Diesel,28.8,48.25,174,2025,KR Puram,53
279F,Volvo 9400XL,Diesel,42,67.39,172.7,2025,Peenya,34
213K,Tata Marcopolo,CNG,42.9,25.32,78.7,2025,Banerghatta,56
201R,Ashok Leyland Viking,Diesel,25.3,19.24,75.7,2025,Yelahanka,18
356C,Volvo 9400XL,Diesel,33.8,75.49,222.3,2025,Majestic,10
215K,Tata Marcopolo,CNG,44.4,34.29,136.9,2025,Kengeri,32
365B,Volvo 9400XL,Diesel,29.4,38.03,100.7,2025,Silk Board,65
213K,Volvo 8400 B7RLE,Diesel,44.1,70.85,205.3,2025,Banerghatta,66
365B,Eicher Skyline Pro,CNG,27.1,14.51,64.6,2025,Silk Board,20
401A,Tata Marcopolo,CNG,44.2,31.75,125,2025,RT Nagar,10
215K,Volvo 9400XL,Diesel,30.1,53.69,144,2025,Kengeri,42
365B,Eicher Skyline Pro,CNG,44.4,49.25,195.3,2025,Silk Board,23
96E,Volvo 9400XL,Diesel,26,44.7,176.7,2025,Electronic City,11
V500C,Volvo 9400XL,Diesel,32.3,59.37,235.7,2025,ITPL,45
600A,Switch EiV 12,Electric,39.6,0,192.4,2025,Banashankari,17
V500C,Volvo 9400XL,Diesel,45.3,64.45,224.6,2025,ITPL,23
348C,Volvo 8400 B7RLE,Diesel,33.5,22.66,88.2,2025,Marathahalli,44
43E,Switch EiV 12,Electric,34.3,0,109.4,2025,Hebbal,44
290E,Tata Marcopolo,CNG,36,39.57,155.1,2025,Mysuru Road,18
356C,Eicher Skyline Pro,CNG,31,84.06,267.5,2025,Majestic,40
348C,Ashok Leyland Viking,Diesel,47.2,29.81,103.4,2025,Marathahalli,42
201R,Volvo 9400XL,Diesel,45.4,32.41,122.9,2025,Yelahanka,36
365B,Volvo 9400XL,Diesel,48,85.53,246.2,2025,Silk Board,64
356C,Switch EiV 12,Electric,36.5,0,226.1,2025,Majestic,21
600A,Volvo 9400XL,Diesel,43.2,66.91,245.2,2025,Banashankari,25
213K,Tata Marcopolo,CNG,29.4,53.54,204.4,2025,Banerghatta,46
213K,Tata Marcopolo,CNG,48.4,90.25,276.6,2025,Banerghatta,37
210N,Ashok Leyland Viking,Diesel,28.3,26.83,96.3,2025,Jayanagar,43
213K,Eicher Skyline Pro,CNG,30.3,63.82,239.9,2025,Banerghatta,68
290E,Switch EiV 12,Electric,43.3,0,245,2025,Mysuru Road,14
600A,Volvo 8400 B7RLE,Diesel,39.8,54.96,179.3,2025,Banashankari,41
365B,Volvo 9400XL,Diesel,39.1,35.52,125.5,2025,Silk Board,14
401A,Ashok Leyland Viking,Diesel,40.9,69.23,252.1,2025,RT Nagar,43
210N,Eicher Skyline Pro,CNG,36.5,31.59,95.2,2025,Jayanagar,69
77E,Tata Marcopolo,CNG,43.2,25.47,114.3,2025,KR Puram,54
348C,Switch EiV 12,Electric,35,0,81.8,2025,Marathahalli,59
252H,Tata Marcopolo,CNG,30.1,61.58,236,2025,Bommanahalli,10
K1,Eicher Skyline Pro,CNG,40.4,67.43,221.3,2025,Koramangala,44
401A,Tata Marcopolo,CNG,44.6,36.07,138.2,2025,RT Nagar,76
V500C,Ashok Leyland Viking,Diesel,44,23.97,61.2,2025,ITPL,75
348C,Volvo 9400XL,Diesel,30.1,56.92,224.1,2025,Marathahalli,45
43E,Eicher Skyline Pro,CNG,33.2,43.71,140.9,2025,Hebbal,25
348C,Switch EiV 12,Electric,46.9,0,127.2,2025,Marathahalli,41
201R,Tata Marcopolo,CNG,34.2,76.02,279.2,2025,Yelahanka,19
348C,Volvo 8400 B7RLE,Diesel,47.2,64.58,218.9,2025,Marathahalli,79
V500C,Ashok Leyland Viking,Diesel,35.3,41.23,146.1,2025,ITPL,43
290E,Switch EiV 12,Electric,40.5,0,60.7,2025,Mysuru Road,69
401A,Volvo 9400XL,Diesel,44.9,52.36,138.2,2025,RT Nagar,15
201R,Volvo 9400XL,Diesel,37,54.68,189.4,2025,Yelahanka,52
213K,Eicher Skyline Pro,CNG,39.5,19.34,74.3,2025,Banerghatta,62
348C,Eicher Skyline Pro,CNG,40.1,45.66,183.3,2025,Marathahalli,74
348C,Tata Marcopolo,CNG,31.7,55.95,237.1,2025,Marathahalli,50
500D,Volvo 8400 B7RLE,Diesel,26.9,65.54,169.6,2025,Whitefield,25
252H,Ashok Leyland Viking,Diesel,44.6,37.48,133.5,2025,Bommanahalli,43
500D,Switch EiV 12,Electric,37.9,0,233.5,2025,Whitefield,22
279F,Volvo 9400XL,Diesel,28.7,52.4,156.8,2025,Peenya,80
60A,Eicher Skyline Pro,CNG,27.2,46.68,155.5,2025,Indiranagar,17
252H,Ashok Leyland Viking,Diesel,43.4,47.93,191.6,2025,Bommanahalli,19
401A,Eicher Skyline Pro,CNG,41.1,73.05,265.3,2025,RT Nagar,73
V500C,Ashok Leyland Viking,Diesel,44.6,74.7,200,2025,ITPL,50
201R,Volvo 9400XL,Diesel,46,48.83,150.2,2025,Yelahanka,63
279F,Volvo 9400XL,Diesel,39.7,66.91,185.8,2025,Peenya,62
201R,Ashok Leyland Viking,Diesel,33.4,55.02,139.7,2025,Yelahanka,47
600A,Ashok Leyland Viking,Diesel,45.8,22.44,65.3,2025,Banashankari,72
43E,Tata Marcopolo,CNG,32.5,39.45,174,2025,Hebbal,52
290E,Switch EiV 12,Electric,35.7,0,117,2025,Mysuru Road,12
252H,Switch EiV 12,Electric,46,0,252,2025,Bommanahalli,23
K1,Switch EiV 12,Electric,45.1,0,100.9,2025,Koramangala,17
213K,Volvo 9400XL,Diesel,37.1,59.55,160.8,2025,Banerghatta,11
60A,Volvo 9400XL,Diesel,43.2,23.95,77.7,2025,Indiranagar,53
43E,Volvo 9400XL,Diesel,43.2,42.79,156.1,2025,Hebbal,16
279F,Ashok Leyland Viking,Diesel,40.3,35.15,95,2025,Peenya,44
252H,Switch EiV 12,Electric,41.4,0,225.3,2025,Bommanahalli,72
365B,Volvo 9400XL,Diesel,26.7,104.62,270.5,2025,Silk Board,15
348C,Ashok Leyland Viking,Diesel,31.5,42.54,122.1,2025,Marathahalli,35
279F,Eicher Skyline Pro,CNG,31.2,76.12,259.4,2025,Peenya,48
356C,Volvo 9400XL,Diesel,36.2,61.96,227.1,2025,Majestic,51
348C,Ashok Leyland Viking,Diesel,37.2,29.17,74.4,2025,Marathahalli,11
43E,Eicher Skyline Pro,CNG,47.7,23,73.8,2025,Hebbal,76
500D,Volvo 8400 B7RLE,Diesel,35.3,58.62,177.1,2025,Whitefield,70
43E,Switch EiV 12,Electric,25.5,0,258,2025,Hebbal,73
96E,Tata Marcopolo,CNG,49.1,53.64,206,2025,Electronic City,52
348C,Volvo 8400 B7RLE,Diesel,26.3,85.07,266.1,2025,Marathahalli,65
252H,Switch EiV 12,Electric,43.3,0,117.2,2025,Bommanahalli,50
77E,Switch EiV 12,Electric,31.4,0,275.9,2025,KR Puram,44
600A,Ashok Leyland Viking,Diesel,30,60.9,203.9,2025,Banashankari,80
96E,Switch EiV 12,Electric,49.3,0,162.1,2025,Electronic City,22
252H,Volvo 9400XL,Diesel,33.7,72.59,193.9,2025,Bommanahalli,26
K1,Switch EiV 12,Electric,30.6,0,93.3,2025,Koramangala,58
600A,Volvo 9400XL,Diesel,46.3,34.47,115.2,2025,Banashankari,43
43E,Volvo 8400 B7RLE,Diesel,27.9,46.2,175.1,2025,Hebbal,76
356C,Switch EiV 12,Electric,26.7,0,219,2025,Majestic,72
252H,Eicher Skyline Pro,CNG,38.6,69.08,215.7,2025,Bommanahalli,43
279F,Volvo 8400 B7RLE,Diesel,37.1,58.5,160.8,2025,Peenya,71
279F,Volvo 9400XL,Diesel,46.2,76.52,268.1,2025,Peenya,28
401A,Tata Marcopolo,CNG,35.3,40.66,161.7,2025,RT Nagar,18
365B,Switch EiV 12,Electric,26.6,0,180,2025,Silk Board,44
348C,Volvo 9400XL,Diesel,45.2,54.19,172.8,2025,Marathahalli,52
213K,Ashok Leyland Viking,Diesel,44.7,25.48,71.4,2025,Banerghatta,14
96E,Tata Marcopolo,CNG,29.1,33.44,116.9,2025,Electronic City,56
210N,Switch EiV 12,Electric,38,0,226.5,2025,Jayanagar,80
43E,Tata Marcopolo,CNG,46.9,24.33,105.1,2025,Hebbal,10
600A,Eicher Skyline Pro,CNG,31,68.4,251.5,2025,Banashankari,43
K1,Volvo 9400XL,Diesel,44.3,108.9,276.7,2025,Koramangala,46
60A,Tata Marcopolo,CNG,36.6,17.03,74.3,2025,Indiranagar,13
96E,Eicher Skyline Pro,CNG,37.4,56.52,178.5,2025,Electronic City,64
60A,Eicher Skyline Pro,CNG,45.6,57.27,204.5,2025,Indiranagar,61
500D,Switch EiV 12,Electric,49.1,0,230.6,2025,Whitefield,12
600A,Ashok Leyland Viking,Diesel,38.1,35.76,104.8,2025,Banashankari,41
V500C,Ashok Leyland Viking,Diesel,39.4,67.91,234.4,2025,ITPL,77
348C,Volvo 8400 B7RLE,Diesel,34.9,60.81,235.5,2025,Marathahalli,11
201R,Volvo 9400XL,Diesel,28.9,50.03,177.3,2025,Yelahanka,44
401A,Volvo 9400XL,Diesel,32.9,61.94,234.5,2025,RT Nagar,28
215K,Eicher Skyline Pro,CNG,31.9,57.96,259.4,2025,Kengeri,38
210N,Volvo 8400 B7RLE,Diesel,30.1,32.78,91,2025,Jayanagar,74
43E,Tata Marcopolo,CNG,41.4,79.52,256.7,2025,Hebbal,17
43E,Volvo 8400 B7RLE,Diesel,40.4,59.77,156.9,2025,Hebbal,58
210N,Tata Marcopolo,CNG,45.1,67.62,254.1,2025,Jayanagar,46
500D,Volvo 8400 B7RLE,Diesel,35.4,68.61,272.8,2025,Whitefield,36
12G,Volvo 8400 B7RLE,Diesel,40.9,75.27,206.9,2025,BTM Layout,32
348C,Eicher Skyline Pro,CNG,35.7,78.31,254,2025,Marathahalli,62
12G,Eicher Skyline Pro,CNG,39,16.57,62.8,2025,BTM Layout,29
290E,Tata Marcopolo,CNG,47.3,69.99,218.3,2025,Mysuru Road,13
12G,Eicher Skyline Pro,CNG,29.7,51.52,220.9,2025,BTM Layout,32
213K,Tata Marcopolo,CNG,38.5,59.08,240.2,2025,Banerghatta,67
252H,Eicher Skyline Pro,CNG,36.8,30.53,129.2,2025,Bommanahalli,40
K1,Volvo 8400 B7RLE,Diesel,33.9,49.67,161,2025,Koramangala,57
348C,Switch EiV 12,Electric,33.4,0,242.2,2025,Marathahalli,75
600A,Switch EiV 12,Electric,42.8,0,98.2,2025,Banashankari,39
500D,Volvo 9400XL,Diesel,27.5,84.52,241.7,2025,Whitefield,38
43E,Ashok Leyland Viking,Diesel,33.7,28.72,91.2,2025,Hebbal,73
V500C,Volvo 9400XL,Diesel,41.3,65.48,224.7,2025,ITPL,21
60A,Tata Marcopolo,CNG,46,37.09,137.5,2025,Indiranagar,69
215K,Tata Marcopolo,CNG,40.9,86.35,275.4,2025,Kengeri,53
365B,Volvo 9400XL,Diesel,33.1,59.16,208.8,2025,Silk Board,27
201R,Volvo 8400 B7RLE,Diesel,29.4,19.9,75.3,2025,Yelahanka,33
210N,Tata Marcopolo,CNG,45.9,32.17,110,2025,Jayanagar,69
348C,Tata Marcopolo,CNG,42.4,53.44,201.4,2025,Marathahalli,27
500D,Eicher Skyline Pro,CNG,30.3,41.71,127.2,2025,Whitefield,40
210N,Switch EiV 12,Electric,41.3,0,126.9,2025,Jayanagar,45
290E,Switch EiV 12,Electric,46.8,0,266.4,2025,Mysuru Road,16
215K,Eicher Skyline Pro,CNG,44.7,57.16,228.5,2025,Kengeri,25
279F,Tata Marcopolo,CNG,47.7,29.28,117.3,2025,Peenya,58
60A,Volvo 9400XL,Diesel,27.8,57.81,183.3,2025,Indiranagar,56
290E,Ashok Leyland Viking,Diesel,46.6,48.58,161.3,2025,Mysuru Road,66
252H,Ashok Leyland Viking,Diesel,49.4,53.9,143.7,2025,Bommanahalli,76
60A,Eicher Skyline Pro,CNG,26.1,37.23,153,2025,Indiranagar,59
213K,Switch EiV 12,Electric,32,0,262,2025,Banerghatta,41
401A,Volvo 8400 B7RLE,Diesel,32.3,64.35,248.8,2025,RT Nagar,40
215K,Volvo 8400 B7RLE,Diesel,45.1,89.39,225.9,2025,Kengeri,78
401A,Volvo 9400XL,Diesel,43.2,91.91,271.8,2025,RT Nagar,19
401A,Volvo 8400 B7RLE,Diesel,32,63.66,242.5,2025,RT Nagar,69
201R,Ashok Leyland Viking,Diesel,42.6,25.61,84.8,2025,Yelahanka,31
500D,Eicher Skyline Pro,CNG,31,26.9,81.2,2025,Whitefield,20
600A,Tata Marcopolo,CNG,32.5,41.85,163.1,2025,Banashankari,73
356C,Volvo 9400XL,Diesel,32.5,34.69,125.4,2025,Majestic,47
43E,Tata Marcopolo,CNG,47.6,16.5,70.6,2025,Hebbal,15
213K,Ashok Leyland Viking,Diesel,39.8,53.9,206.9,2025,Banerghatta,55
96E,Volvo 8400 B7RLE,Diesel,27,35.25,100.8,2025,Electronic City,67
365B,Ashok Leyland Viking,Diesel,25.9,69.59,234.8,2025,Silk Board,66
77E,Volvo 9400XL,Diesel,46.4,85,279,2025,KR Puram,27
210N,Volvo 9400XL,Diesel,45.8,21.77,74,2025,Jayanagar,30
K1,Switch EiV 12,Electric,27.3,0,85.3,2025,Koramangala,63
201R,Eicher Skyline Pro,CNG,41.7,61.29,260.1,2025,Yelahanka,21
348C,Volvo 8400 B7RLE,Diesel,39.3,77.35,253.4,2025,Marathahalli,27
60A,Volvo 9400XL,Diesel,32.9,49.08,154.7,2025,Indiranagar,28
210N,Eicher Skyline Pro,CNG,40,53.08,230.3,2025,Jayanagar,11
201R,Volvo 9400XL,Diesel,40.2,45.69,157.5,2025,Yelahanka,64
213K,Volvo 8400 B7RLE,Diesel,42.6,66.59,190.2,2025,Banerghatta,31
12G,Eicher Skyline Pro,CNG,27.6,48.28,172.7,2025,BTM Layout,17
500D,Switch EiV 12,Electric,41.3,0,167.3,2025,Whitefield,63
348C,Eicher Skyline Pro,CNG,40,65.39,269.1,2025,Marathahalli,38
279F,Ashok Leyland Viking,Diesel,40.9,65.76,171.4,2025,Peenya,80
252H,Tata Marcopolo,CNG,34,31.28,116,2025,Bommanahalli,39
215K,Ashok Leyland Viking,Diesel,28.5,24.01,70,2025,Kengeri,52
77E,Volvo 8400 B7RLE,Diesel,33.3,84.92,273.7,2025,KR Puram,13
600A,Eicher Skyline Pro,CNG,40.3,30.14,103.1,2025,Banashankari,53
252H,Tata Marcopolo,CNG,37.9,35.07,105.5,2025,Bommanahalli,40
12G,Volvo 8400 B7RLE,Diesel,30.5,24.15,61.7,2025,BTM Layout,54
213K,Ashok Leyland Viking,Diesel,33.5,22.62,83.8,2025,Banerghatta,12
500D,Eicher Skyline Pro,CNG,37.8,54.04,185.9,2025,Whitefield,26
600A,Switch EiV 12,Electric,34.9,0,265,2025,Banashankari,53
600A,Ashok Leyland Viking,Diesel,40.4,29.65,79.2,2025,Banashankari,27
290E,Ashok Leyland Viking,Diesel,37.7,35.66,135.9,2025,Mysuru Road,78
60A,Volvo 9400XL,Diesel,42.6,42.26,168.6,2025,Indiranagar,43
12G,Eicher Skyline Pro,CNG,31.9,24.75,88.9,2025,BTM Layout,40
210N,Ashok Leyland Viking,Diesel,35.3,39.57,152.8,2025,Jayanagar,22
252H,Volvo 8400 B7RLE,Diesel,40.2,73.24,217.1,2025,Bommanahalli,74
365B,Eicher Skyline Pro,CNG,48.9,57,241.2,2025,Silk Board,34
401A,Volvo 9400XL,Diesel,40.9,23.4,60.3,2025,RT Nagar,33
96E,Eicher Skyline Pro,CNG,26.5,29.88,116.7,2025,Electronic City,59
356C,Switch EiV 12,Electric,27.9,0,211,2025,Majestic,36
43E,Volvo 9400XL,Diesel,36.4,47.29,144.4,2025,Hebbal,34
77E,Volvo 8400 B7RLE,Diesel,35.5,23.88,86.6,2025,KR Puram,63
213K,Eicher Skyline Pro,CNG,27,21.4,75.6,2025,Banerghatta,23
K1,Volvo 8400 B7RLE,Diesel,41.7,75.95,267.2,2025,Koramangala,58
356C,Volvo 9400XL,Diesel,39.8,55.5,139.6,2025,Majestic,30
215K,Tata Marcopolo,CNG,47.8,51.01,199.9,2025,Kengeri,28
356C,Switch EiV 12,Electric,43.1,0,252.2,2025,Majestic,54
500D,Tata Marcopolo,CNG,47.6,27.91,86.5,2025,Whitefield,79
365B,Volvo 9400XL,Diesel,28.6,70.5,177.5,2025,Silk Board,71
600A,Volvo 9400XL,Diesel,32.4,47.32,152.8,2025,Banashankari,46
43E,Tata Marcopolo,CNG,26.1,58.72,187,2025,Hebbal,80
365B,Tata Marcopolo,CNG,33.6,44.68,182.9,2025,Silk Board,26
12G,Switch EiV 12,Electric,46.1,0,203.5,2025,BTM Layout,56
12G,Ashok Leyland Viking,Diesel,35.7,60.49,212.3,2025,BTM Layout,74
348C,Switch EiV 12,Electric,32.7,0,120.6,2025,Marathahalli,54
252H,Tata Marcopolo,CNG,36.2,55.65,233.6,2025,Bommanahalli,25
43E,Switch EiV 12,Electric,46.4,0,240.9,2025,Hebbal,30
365B,Tata Marcopolo,CNG,35.8,75.24,261.7,2025,Silk Board,13
210N,Ashok Leyland Viking,Diesel,34.3,55.3,188.1,2025,Jayanagar,56
365B,Volvo 9400XL,Diesel,42.2,70.28,215.2,2025,Silk Board,38
96E,Tata Marcopolo,CNG,35.8,30.09,96.7,2025,Electronic City,46
77E,Switch EiV 12,Electric,33.6,0,255.8,2025,KR Puram,72
96E,Tata Marcopolo,CNG,25.6,23.69,94,2025,Electronic City,29
600A,Switch EiV 12,Electric,33.5,0,200.1,2025,Banashankari,58
V500C,Eicher Skyline Pro,CNG,35.2,21.86,75.8,2025,ITPL,62
356C,Ashok Leyland Viking,Diesel,40.1,68.59,209,2025,Majestic,73
12G,Ashok Leyland Viking,Diesel,49.7,33.92,107.9,2025,BTM Layout,26
215K,Volvo 9400XL,Diesel,28.5,65.48,211.4,2025,Kengeri,55
500D,Tata Marcopolo,CNG,37.6,14.87,66.1,2025,Whitefield,52
201R,Switch EiV 12,Electric,26,0,144.5,2025,Yelahanka,61
77E,Eicher Skyline Pro,CNG,34.7,20.62,66.8,2025,KR Puram,61
215K,Eicher Skyline Pro,CNG,43.9,17.65,65.1,2025,Kengeri,18
V500C,Ashok Leyland Viking,Diesel,47.5,46.22,123.6,2025,ITPL,57
252H,Eicher Skyline Pro,CNG,32.8,62.39,270.3,2025,Bommanahalli,70
401A,Volvo 9400XL,Diesel,45.7,48.44,192.6,2025,RT Nagar,78
356C,Switch EiV 12,Electric,49,0,123.4,2025,Majestic,61
96E,Eicher Skyline Pro,CNG,34.6,41.5,145.7,2025,Electronic City,41
K1,Volvo 8400 B7RLE,Diesel,28.9,53.77,179.1,2025,Koramangala,79
V500C,Volvo 8400 B7RLE,Diesel,44,47.78,179.2,2025,ITPL,41
279F,Switch EiV 12,Electric,32.6,0,156.9,2025,Peenya,23
348C,Volvo 8400 B7RLE,Diesel,29.9,45.27,117.1,2025,Marathahalli,59
K1,Eicher Skyline Pro,CNG,31.8,30.41,135.3,2025,Koramangala,73
252H,Eicher Skyline Pro,CNG,33.7,47.2,182.7,2025,Bommanahalli,39
348C,Ashok Leyland Viking,Diesel,36.1,26.34,90.6,2025,Marathahalli,77
279F,Eicher Skyline Pro,CNG,35,37.32,167.6,2025,Peenya,64
60A,Tata Marcopolo,CNG,40.6,65.83,253.7,2025,Indiranagar,10
96E,Ashok Leyland Viking,Diesel,30,63.54,196.5,2025,Electronic City,59
K1,Volvo 9400XL,Diesel,36.9,20.73,68.7,2025,Koramangala,62
V500C,Ashok Leyland Viking,Diesel,49.1,28.49,110.1,2025,ITPL,16
60A,Switch EiV 12,Electric,38.3,0,218.9,2025,Indiranagar,25
290E,Tata Marcopolo,CNG,28.3,60.06,251.4,2025,Mysuru Road,17
290E,Volvo 9400XL,Diesel,44.9,30.03,87.5,2025,Mysuru Road,38
60A,Volvo 8400 B7RLE,Diesel,48.6,92.91,253,2025,Indiranagar,34
43E,Ashok Leyland Viking,Diesel,49.5,50.17,161.8,2025,Hebbal,24
500D,Tata Marcopolo,CNG,39.7,70.17,250,2025,Whitefield,61
96E,Tata Marcopolo,CNG,30.1,29.67,122.9,2025,Electronic City,13
210N,Switch EiV 12,Electric,37.8,0,145,2025,Jayanagar,76
60A,Tata Marcopolo,CNG,39.4,39.15,168.3,2025,Indiranagar,29
213K,Switch EiV 12,Electric,35.2,0,275.8,2025,Banerghatta,60
210N,Volvo 8400 B7RLE,Diesel,44.1,72.05,242.1,2025,Jayanagar,32
365B,Volvo 8400 B7RLE,Diesel,30,101.47,270.3,2025,Silk Board,72
12G,Switch EiV 12,Electric,36,0,247.9,2025,BTM Layout,55
V500C,Switch EiV 12,Electric,47.3,0,246.3,2025,ITPL,63
365B,Eicher Skyline Pro,CNG,47.1,20.07,73.7,2025,Silk Board,41
K1,Switch EiV 12,Electric,40.7,0,172.3,2025,Koramangala,48
201R,Eicher Skyline Pro,CNG,25.5,71,263.8,2025,Yelahanka,11
252H,Tata Marcopolo,CNG,43.1,52.32,211.3,2025,Bommanahalli,11
279F,Eicher Skyline Pro,CNG,32.5,25.32,89.6,2025,Peenya,17
V500C,Eicher Skyline Pro,CNG,32,71.47,237,2025,ITPL,42
213K,Eicher Skyline Pro,CNG,25.2,60.18,270.6,2025,Banerghatta,69
201R,Ashok Leyland Viking,Diesel,45.7,71.01,208.9,2025,Yelahanka,24
96E,Volvo 8400 B7RLE,Diesel,43.4,16.82,63.1,2025,Electronic City,21
279F,Volvo 9400XL,Diesel,28.6,61.4,222.9,2025,Peenya,49
213K,Ashok Leyland Viking,Diesel,41.5,62.81,229.2,2025,Banerghatta,62
201R,Switch EiV 12,Electric,40.3,0,246.1,2025,Yelahanka,79
290E,Tata Marcopolo,CNG,37.2,25.51,79.5,2025,Mysuru Road,56
V500C,Volvo 8400 B7RLE,Diesel,35.2,57.6,149.7,2025,ITPL,51
600A,Tata Marcopolo,CNG,27.8,32.45,136.7,2025,Banashankari,59
60A,Volvo 9400XL,Diesel,26.8,68.27,268.5,2025,Indiranagar,32
60A,Tata Marcopolo,CNG,32.5,56.17,175,2025,Indiranagar,30
500D,Volvo 9400XL,Diesel,44.9,47.77,170.1,2025,Whitefield,55
43E,Tata Marcopolo,CNG,26.8,19.7,71,2025,Hebbal,74
12G,Eicher Skyline Pro,CNG,30.8,36.53,125,2025,BTM Layout,42
201R,Volvo 9400XL,Diesel,48.2,76.2,236.8,2025,Yelahanka,14
215K,Ashok Leyland Viking,Diesel,33,80.66,259.3,2025,Kengeri,14
V500C,Eicher Skyline Pro,CNG,41,24.55,109.7,2025,ITPL,27
213K,Switch EiV 12,Electric,33.9,0,192.8,2025,Banerghatta,14
K1,Volvo 9400XL,Diesel,28.1,52.83,202.5,2025,Koramangala,30
348C,Tata Marcopolo,CNG,36.2,44.01,170.7,2025,Marathahalli,11
60A,Volvo 8400 B7RLE,Diesel,26.8,56.05,197.5,2025,Indiranagar,71
V500C,Ashok Leyland Viking,Diesel,42.8,30.32,113.2,2025,ITPL,17
201R,Volvo 8400 B7RLE,Diesel,38.8,72.22,236.9,2025,Yelahanka,61
12G,Tata Marcopolo,CNG,44.4,26.83,91.4,2025,BTM Layout,58
210N,Volvo 8400 B7RLE,Diesel,32.1,62.69,169.3,2025,Jayanagar,79
252H,Switch EiV 12,Electric,26.4,0,198.5,2025,Bommanahalli,59
279F,Ashok Leyland Viking,Diesel,32.9,89.87,224.7,2025,Peenya,64
77E,Volvo 8400 B7RLE,Diesel,26.2,59.16,172.4,2025,KR Puram,71
365B,Ashok Leyland Viking,Diesel,26.6,57.33,215.5,2025,Silk Board,73
401A,Volvo 8400 B7RLE,Diesel,31.2,16.84,60.8,2025,RT Nagar,44
252H,Volvo 8400 B7RLE,Diesel,27.5,42.63,129.6,2025,Bommanahalli,26
K1,Tata Marcopolo,CNG,46.1,34.44,119.5,2025,Koramangala,18
279F,Volvo 8400 B7RLE,Diesel,47.3,74.14,233.6,2025,Peenya,11
96E,Switch EiV 12,Electric,34.4,0,260.2,2025,Electronic City,75
279F,Eicher Skyline Pro,CNG,27.2,67.51,272.1,2025,Peenya,66
600A,Tata Marcopolo,CNG,34.7,42.69,168.6,2025,Banashankari,27
96E,Eicher Skyline Pro,CNG,25.1,66.08,214.8,2025,Electronic City,59
215K,Switch EiV 12,Electric,41.7,0,216.9,2025,Kengeri,18
600A,Ashok Leyland Viking,Diesel,44,69.41,272.5,2025,Banashankari,64
215K,Eicher Skyline Pro,CNG,32.5,67.95,214.6,2025,Kengeri,14
201R,Switch EiV 12,Electric,41.1,0,232,2025,Yelahanka,43
77E,Volvo 8400 B7RLE,Diesel,34,17.94,70.6,2025,KR Puram,78
96E,Volvo 9400XL,Diesel,35.8,53.38,170.1,2025,Electronic City,68
V500C,Tata Marcopolo,CNG,34.2,29.82,106,2025,ITPL,37
290E,Tata Marcopolo,CNG,44.2,19.73,71.5,2025,Mysuru Road,30
12G,Volvo 9400XL,Diesel,46.3,85.49,240.9,2025,BTM Layout,17
60A,Ashok Leyland Viking,Diesel,36.8,53.56,204.6,2025,Indiranagar,47
356C,Eicher Skyline Pro,CNG,41.9,27.48,107.5,2025,Majestic,41
12G,Volvo 9400XL,Diesel,28.4,35.95,125,2025,BTM Layout,29
600A,Volvo 9400XL,Diesel,32.9,64.17,222.5,2025,Banashankari,43
290E,Ashok Leyland Viking,Diesel,42.8,52.49,146.9,2025,Mysuru Road,20
290E,Volvo 9400XL,Diesel,32.2,83.82,255.8,2025,Mysuru Road,40
77E,Tata Marcopolo,CNG,27.8,19.29,72.8,2025,KR Puram,30
V500C,Eicher Skyline Pro,CNG,45.9,39.34,118.9,2025,ITPL,13
500D,Volvo 8400 B7RLE,Diesel,33.4,56.7,143.4,2025,Whitefield,21
77E,Switch EiV 12,Electric,35.3,0,87.4,2025,KR Puram,18
213K,Ashok Leyland Viking,Diesel,35.1,51.09,168.4,2025,Banerghatta,49
348C,Tata Marcopolo,CNG,25.2,51.65,190.9,2025,Marathahalli,29
V500C,Tata Marcopolo,CNG,38,67.72,272,2025,ITPL,60
96E,Switch EiV 12,Electric,44.3,0,128.6,2025,Electronic City,56
348C,Volvo 9400XL,Diesel,38,58.02,230,2025,Marathahalli,68
290E,Volvo 8400 B7RLE,Diesel,25.4,23.97,87.6,2025,Mysuru Road,59
60A,Volvo 8400 B7RLE,Diesel,28,81.98,237.6,2025,Indiranagar,55
356C,Volvo 9400XL,Diesel,32.3,17.46,63.9,2025,Majestic,33
96E,Switch EiV 12,Electric,33.7,0,174,2025,Electronic City,52
12G,Switch EiV 12,Electric,25,0,141.8,2025,BTM Layout,49
210N,Volvo 8400 B7RLE,Diesel,41.2,31.81,126,2025,Jayanagar,26
252H,Ashok Leyland Viking,Diesel,25.6,64.04,246.4,2025,Bommanahalli,35
K1,Ashok Leyland Viking,Diesel,44.5,72.89,232.3,2025,Koramangala,24
290E,Volvo 9400XL,Diesel,32.6,56.8,147.6,2025,Mysuru Road,61
252H,Volvo 9400XL,Diesel,31.2,34.16,110.2,2025,Bommanahalli,39
V500C,Switch EiV 12,Electric,36.8,0,224.4,2025,ITPL,42
12G,Tata Marcopolo,CNG,48.9,16.47,72.7,2025,BTM Layout,67
12G,Switch EiV 12,Electric,49.8,0,232.7,2025,BTM Layout,65
290E,Switch EiV 12,Electric,49.1,0,179.8,2025,Mysuru Road,65
96E,Eicher Skyline Pro,CNG,34.1,22.95,76.6,2025,Electronic City,56
V500C,Tata Marcopolo,CNG,28.5,26.21,103.1,2025,ITPL,28
K1,Volvo 9400XL,Diesel,39.5,85.24,231.9,2025,Koramangala,54
500D,Volvo 8400 B7RLE,Diesel,40.9,77.35,238.4,2025,Whitefield,57
201R,Volvo 9400XL,Diesel,31.5,69.02,208.3,2025,Yelahanka,60
348C,Switch EiV 12,Electric,32.3,0,261.8,2025,Marathahalli,56
V500C,Ashok Leyland Viking,Diesel,47.3,45.88,163.4,2025,ITPL,74
213K,Tata Marcopolo,CNG,28.7,24.47,73.7,2025,Banerghatta,70
600A,Volvo 8400 B7RLE,Diesel,36.2,73.59,198.8,2025,Banashankari,69
96E,Switch EiV 12,Electric,38.2,0,270.7,2025,Electronic City,33
12G,Ashok Leyland Viking,Diesel,37.5,32.16,113.2,2025,BTM Layout,45
356C,Ashok Leyland Viking,Diesel,31.9,20.7,76.8,2025,Majestic,34
213K,Eicher Skyline Pro,CNG,38.7,44.15,161.1,2025,Banerghatta,40
201R,Switch EiV 12,Electric,29.1,0,69.7,2025,Yelahanka,73
213K,Switch EiV 12,Electric,30.2,0,158,2025,Banerghatta,26
12G,Eicher Skyline Pro,CNG,46.1,15.88,71,2025,BTM Layout,24
348C,Volvo 8400 B7RLE,Diesel,46.3,81.91,234.5,2025,Marathahalli,24
210N,Eicher Skyline Pro,CNG,29.9,61.28,271.3,2025,Jayanagar,66
401A,Volvo 9400XL,Diesel,42.8,70.22,278.9,2025,RT Nagar,19
215K,Volvo 8400 B7RLE,Diesel,31.5,58.72,185.3,2025,Kengeri,69
252H,Volvo 8400 B7RLE,Diesel,26.8,55.51,190.6,2025,Bommanahalli,15
213K,Tata Marcopolo,CNG,29.8,65.86,275.9,2025,Banerghatta,38
401A,Ashok Leyland Viking,Diesel,48.6,65.91,259.7,2025,RT Nagar,14
V500C,Tata Marcopolo,CNG,49.4,42.24,174.7,2025,ITPL,69
348C,Eicher Skyline Pro,CNG,36.9,23.45,95.6,2025,Marathahalli,10
96E,Tata Marcopolo,CNG,41,28.6,114.4,2025,Electronic City,60
500D,Volvo 9400XL,Diesel,39.1,26.19,95.8,2025,Whitefield,75
252H,Volvo 8400 B7RLE,Diesel,25.3,67.55,169.8,2025,Bommanahalli,51
210N,Eicher Skyline Pro,CNG,48.2,41.43,138.5,2025,Jayanagar,33
252H,Switch EiV 12,Electric,30.6,0,199.6,2025,Bommanahalli,77
401A,Eicher Skyline Pro,CNG,46.2,31.95,130.8,2025,RT Nagar,50
356C,Volvo 8400 B7RLE,Diesel,35.7,31.84,81,2025,Majestic,27
V500C,Volvo 8400 B7RLE,Diesel,41.6,61.92,165.8,2025,ITPL,43
252H,Volvo 8400 B7RLE,Diesel,34.9,31.86,123.6,2025,Bommanahalli,17
96E,Switch EiV 12,Electric,26.1,0,278.5,2025,Electronic City,68
201R,Volvo 8400 B7RLE,Diesel,34.3,73.62,227.4,2025,Yelahanka,14
K1,Tata Marcopolo,CNG,48,51.03,225.9,2025,Koramangala,21
96E,Switch EiV 12,Electric,33.9,0,187,2025,Electronic City,76
77E,Switch EiV 12,Electric,31.3,0,233.3,2025,KR Puram,73
279F,Ashok Leyland Viking,Diesel,34,52.83,184.1,2025,Peenya,22
600A,Volvo 8400 B7RLE,Diesel,29.8,29.12,112.9,2025,Banashankari,79
279F,Tata Marcopolo,CNG,37.6,24.74,82.4,2025,Peenya,62
V500C,Ashok Leyland Viking,Diesel,25.9,24.83,68.6,2025,ITPL,53
12G,Eicher Skyline Pro,CNG,32.1,56.65,250.7,2025,BTM Layout,76
60A,Ashok Leyland Viking,Diesel,35.9,55.78,188,2025,Indiranagar,70
348C,Volvo 9400XL,Diesel,44,59.41,173.7,2025,Marathahalli,10
77E,Volvo 9400XL,Diesel,47.4,35.13,137.7,2025,KR Puram,73
365B,Eicher Skyline Pro,CNG,35.5,61.48,256.4,2025,Silk Board,32
210N,Tata Marcopolo,CNG,37.4,49.83,164.8,2025,Jayanagar,39
365B,Tata Marcopolo,CNG,29.7,54.33,190,2025,Silk Board,70
500D,Switch EiV 12,Electric,30.2,0,248.1,2025,Whitefield,34
213K,Volvo 9400XL,Diesel,26.7,19.35,75.7,2025,Banerghatta,71
213K,Ashok Leyland Viking,Diesel,35.2,46.15,171.5,2025,Banerghatta,36
600A,Ashok Leyland Viking,Diesel,33.3,68.89,243.9,2025,Banashankari,59
356C,Switch EiV 12,Electric,41.4,0,229.6,2025,Majestic,12
290E,Switch EiV 12,Electric,46.9,0,93.4,2025,Mysuru Road,61
348C,Tata Marcopolo,CNG,32.1,49.1,178.6,2025,Marathahalli,53
365B,Ashok Leyland Viking,Diesel,28.2,18.72,68.3,2025,Silk Board,65
290E,Tata Marcopolo,CNG,35.4,15.86,60,2025,Mysuru Road,36
60A,Volvo 8400 B7RLE,Diesel,49.3,25.36,72,2025,Indiranagar,48
12G,Switch EiV 12,Electric,32.6,0,126.9,2025,BTM Layout,21
348C,Eicher Skyline Pro,CNG,25,27.04,110.7,2025,Marathahalli,34
12G,Ashok Leyland Viking,Diesel,30.6,78.04,272.7,2025,BTM Layout,79
210N,Switch EiV 12,Electric,46.2,0,223.2,2025,Jayanagar,44
96E,Switch EiV 12,Electric,32.6,0,153,2025,Electronic City,30
60A,Tata Marcopolo,CNG,42.8,31.15,131.6,2025,Indiranagar,63
43E,Ashok Leyland Viking,Diesel,34.3,25.95,100,2025,Hebbal,57
96E,Switch EiV 12,Electric,49.6,0,237.5,2025,Electronic City,11
500D,Switch EiV 12,Electric,34.8,0,225.9,2025,Whitefield,31
201R,Volvo 9400XL,Diesel,41.5,72.55,189.9,2025,Yelahanka,69
43E,Switch EiV 12,Electric,42.7,0,179.8,2025,Hebbal,27
201R,Switch EiV 12,Electric,44.5,0,96.8,2025,Yelahanka,45
215K,Eicher Skyline Pro,CNG,48.8,61.5,188.4,2025,Kengeri,67
12G,Eicher Skyline Pro,CNG,40,34.37,118.4,2025,BTM Layout,66
365B,Tata Marcopolo,CNG,44,68.87,217.2,2025,Silk Board,21
401A,Tata Marcopolo,CNG,37.7,48.68,173,2025,RT Nagar,39
43E,Switch EiV 12,Electric,45.7,0,265.2,2025,Hebbal,70
201R,Tata Marcopolo,CNG,42.9,57.79,213.4,2025,Yelahanka,66
365B,Switch EiV 12,Electric,42.4,0,262.6,2025,Silk Board,38
401A,Ashok Leyland Viking,Diesel,46.5,75.71,220.4,2025,RT Nagar,55
500D,Eicher Skyline Pro,CNG,29.9,67.54,237.6,2025,Whitefield,52
365B,Tata Marcopolo,CNG,49.5,31.23,133.8,2025,Silk Board,10
96E,Tata Marcopolo,CNG,43.2,55.76,214.3,2025,Electronic City,59
96E,Ashok Leyland Viking,Diesel,37.4,87.4,268.4,2025,Electronic City,49
V500C,Switch EiV 12,Electric,44.7,0,95.9,2025,ITPL,57
12G,Volvo 8400 B7RLE,Diesel,34.6,87.32,221.6,2025,BTM Layout,51
K1,Volvo 9400XL,Diesel,25.3,68.79,244.6,2025,Koramangala,62
201R,Switch EiV 12,Electric,35.9,0,273.5,2025,Yelahanka,26
96E,Tata Marcopolo,CNG,42.6,26.43,111.7,2025,Electronic City,63
60A,Volvo 9400XL,Diesel,49.2,69.91,180.2,2025,Indiranagar,70
252H,Volvo 8400 B7RLE,Diesel,43,45.1,171.1,2025,Bommanahalli,68
77E,Ashok Leyland Viking,Diesel,45,29.86,99.4,2025,KR Puram,53
252H,Tata Marcopolo,CNG,28.3,34.25,147.2,2025,Bommanahalli,49
348C,Volvo 9400XL,Diesel,32.7,32.23,94.6,2025,Marathahalli,43
201R,Switch EiV 12,Electric,41.8,0,251.7,2025,Yelahanka,21
210N,Eicher Skyline Pro,CNG,31.3,59.76,235.3,2025,Jayanagar,74
77E,Tata Marcopolo,CNG,45.8,42.62,185.8,2025,KR Puram,58
213K,Switch EiV 12,Electric,41.9,0,62.7,2025,Banerghatta,63
290E,Eicher Skyline Pro,CNG,38.7,20.81,71.4,2025,Mysuru Road,18
600A,Tata Marcopolo,CNG,33.8,32.43,127.5,2025,Banashankari,49
60A,Volvo 8400 B7RLE,Diesel,43.3,42.97,133.5,2025,Indiranagar,43
201R,Tata Marcopolo,CNG,44.6,21.87,75,2025,Yelahanka,24
290E,Eicher Skyline Pro,CNG,42.1,44.36,155.2,2025,Mysuru Road,72
500D,Switch EiV 12,Electric,34.3,0,72.4,2025,Whitefield,53
V500C,Switch EiV 12,Electric,41,0,267.8,2025,ITPL,70
213K,Switch EiV 12,Electric,40.8,0,207.7,2025,Banerghatta,22
365B,Volvo 8400 B7RLE,Diesel,35.5,28.62,103.8,2025,Silk Board,63
77E,Volvo 8400 B7RLE,Diesel,31.9,28.24,82.3,2025,KR Puram,25
290E,Volvo 8400 B7RLE,Diesel,49.5,59.59,155,2025,Mysuru Road,13
77E,Tata Marcopolo,CNG,29.5,39.07,174.1,2025,KR Puram,50
401A,Switch EiV 12,Electric,35.1,0,84.9,2025,RT Nagar,28
K1,Ashok Leyland Viking,Diesel,42.6,70.93,222.3,2025,Koramangala,75
356C,Tata Marcopolo,CNG,34.9,40.1,136.2,2025,Majestic,18
213K,Volvo 9400XL,Diesel,37.1,36.24,105.2,2025,Banerghatta,51
252H,Switch EiV 12,Electric,41.4,0,123.2,2025,Bommanahalli,45
500D,Ashok Leyland Viking,Diesel,40.1,104.42,273.1,2025,Whitefield,22
210N,Tata Marcopolo,CNG,48.8,22.23,76.6,2025,Jayanagar,21
600A,Ashok Leyland Viking,Diesel,40,23.37,80.3,2025,Banashankari,13
600A,Volvo 8400 B7RLE,Diesel,31.7,80.35,202.7,2025,Banashankari,22
201R,Volvo 8400 B7RLE,Diesel,31.3,77.49,272.3,2025,Yelahanka,23
77E,Volvo 8400 B7RLE,Diesel,40.3,72.57,215.5,2025,KR Puram,66
43E,Tata Marcopolo,CNG,39.9,27.82,119.6,2025,Hebbal,27
215K,Switch EiV 12,Electric,27.6,0,268.3,2025,Kengeri,24
348C,Switch EiV 12,Electric,48.6,0,94.1,2025,Marathahalli,37
290E,Volvo 9400XL,Diesel,47.1,79.17,222,2025,Mysuru Road,62
77E,Switch EiV 12,Electric,42.5,0,189.3,2025,KR Puram,67
365B,Switch EiV 12,Electric,35.2,0,209.6,2025,Silk Board,54
213K,Volvo 8400 B7RLE,Diesel,39.6,22.02,63.4,2025,Banerghatta,76
215K,Ashok Leyland Viking,Diesel,48.9,51.35,159.1,2025,Kengeri,74
252H,Volvo 9400XL,Diesel,29.7,69.77,244.8,2025,Bommanahalli,49
77E,Eicher Skyline Pro,CNG,27.5,91.25,274.9,2025,KR Puram,43
215K,Ashok Leyland Viking,Diesel,27.3,42.9,155.4,2025,Kengeri,20
96E,Volvo 9400XL,Diesel,35.9,90.44,261.2,2025,Electronic City,66
252H,Eicher Skyline Pro,CNG,43.1,51.63,155.6,2025,Bommanahalli,60
290E,Eicher Skyline Pro,CNG,40.3,47.95,189.7,2025,Mysuru Road,78
210N,Ashok Leyland Viking,Diesel,42.9,42.93,113.2,2025,Jayanagar,49
77E,Volvo 9400XL,Diesel,46.9,28.77,103.8,2025,KR Puram,14
210N,Volvo 9400XL,Diesel,31.2,22.33,63,2025,Jayanagar,41
252H,Tata Marcopolo,CNG,31.2,38.66,119.6,2025,Bommanahalli,26
43E,Volvo 9400XL,Diesel,43.3,47.21,161,2025,Hebbal,77
60A,Eicher Skyline Pro,CNG,27,46.98,208,2025,Indiranagar,35
210N,Ashok Leyland Viking,Diesel,45.1,65.47,244.5,2025,Jayanagar,50
210N,Volvo 9400XL,Diesel,38.6,94.7,265.2,2025,Jayanagar,57
77E,Volvo 8400 B7RLE,Diesel,43.6,54.26,195.7,2025,KR Puram,19
290E,Switch EiV 12,Electric,26.7,0,174.7,2025,Mysuru Road,37
356C,Tata Marcopolo,CNG,48,36.53,141.6,2025,Majestic,38
201R,Tata Marcopolo,CNG,31.7,50.22,178.4,2025,Yelahanka,76
60A,Tata Marcopolo,CNG,41.7,61.47,257,2025,Indiranagar,25
279F,Ashok Leyland Viking,Diesel,40.8,55.7,160,2025,Peenya,42
500D,Volvo 8400 B7RLE,Diesel,35.7,68.02,215.2,2025,Whitefield,51
365B,Ashok Leyland Viking,Diesel,48.4,78.16,202.9,2025,Silk Board,32
600A,Eicher Skyline Pro,CNG,32.3,65.85,241.4,2025,Banashankari,24
60A,Switch EiV 12,Electric,32.5,0,64.8,2025,Indiranagar,25
213K,Switch EiV 12,Electric,26.4,0,170.6,2025,Banerghatta,27
600A,Volvo 9400XL,Diesel,48.2,63.2,168,2025,Banashankari,75
215K,Volvo 9400XL,Diesel,35.2,65.52,228.2,2025,Kengeri,22
210N,Tata Marcopolo,CNG,29,36.2,117.3,2025,Jayanagar,50
43E,Volvo 8400 B7RLE,Diesel,29.6,21.59,75.5,2025,Hebbal,41
215K,Volvo 9400XL,Diesel,45.4,72,254,2025,Kengeri,46
96E,Eicher Skyline Pro,CNG,32.2,24.33,84.3,2025,Electronic City,29
600A,Volvo 9400XL,Diesel,37.9,34.81,115,2025,Banashankari,15
K1,Ashok Leyland Viking,Diesel,33.8,37,138.5,2025,Koramangala,11
356C,Tata Marcopolo,CNG,32.7,53.45,233.6,2025,Majestic,44
K1,Volvo 9400XL,Diesel,33.2,88.93,269.6,2025,Koramangala,28
V500C,Ashok Leyland Viking,Diesel,48.5,44.88,171.2,2025,ITPL,49
60A,Switch EiV 12,Electric,34.8,0,82.6,2025,Indiranagar,49
600A,Eicher Skyline Pro,CNG,37.6,55.21,181.7,2025,Banashankari,49
V500C,Tata Marcopolo,CNG,41.9,58.47,248.9,2025,ITPL,62
348C,Switch EiV 12,Electric,43.7,0,248.9,2025,Marathahalli,52
290E,Volvo 8400 B7RLE,Diesel,40.3,57.14,156.6,2025,Mysuru Road,40
600A,Volvo 8400 B7RLE,Diesel,29.5,58.8,208.2,2025,Banashankari,19
252H,Eicher Skyline Pro,CNG,27.9,34.02,110.5,2025,Bommanahalli,42
348C,Tata Marcopolo,CNG,43,14.74,60.4,2025,Marathahalli,56
12G,Switch EiV 12,Electric,29,0,173.3,2025,BTM Layout,37
201R,Volvo 8400 B7RLE,Diesel,25.5,28.52,78.4,2025,Yelahanka,72
600A,Ashok Leyland Viking,Diesel,31,84.45,256,2025,Banashankari,46
600A,Volvo 9400XL,Diesel,30.6,25.37,83.2,2025,Banashankari,79
V500C,Volvo 8400 B7RLE,Diesel,31.1,74.89,193.7,2025,ITPL,50
12G,Tata Marcopolo,CNG,30.9,43.85,146,2025,BTM Layout,51
77E,Eicher Skyline Pro,CNG,40.4,70.71,271.2,2025,KR Puram,31
210N,Switch EiV 12,Electric,35.7,0,151.5,2025,Jayanagar,11
600A,Volvo 8400 B7RLE,Diesel,42.4,50.38,179,2025,Banashankari,30
V500C,Volvo 9400XL,Diesel,37.5,31.37,97.8,2025,ITPL,55
43E,Switch EiV 12,Electric,40.8,0,251.5,2025,Hebbal,44
356C,Switch EiV 12,Electric,27.9,0,177.2,2025,Majestic,19
365B,Eicher Skyline Pro,CNG,27.9,55.11,193.2,2025,Silk Board,40
356C,Volvo 9400XL,Diesel,42.3,32.53,91.4,2025,Majestic,68
12G,Switch EiV 12,Electric,47.4,0,146.2,2025,BTM Layout,45
279F,Volvo 9400XL,Diesel,37.7,33.53,104.9,2025,Peenya,76
K1,Eicher Skyline Pro,CNG,44.8,20.62,64,2025,Koramangala,46
201R,Tata Marcopolo,CNG,39,41.67,164.3,2025,Yelahanka,46
252H,Switch EiV 12,Electric,31.3,0,211.5,2025,Bommanahalli,77
213K,Tata Marcopolo,CNG,43.1,16.35,62.2,2025,Banerghatta,68
77E,Switch EiV 12,Electric,45.5,0,243.9,2025,KR Puram,71
96E,Switch EiV 12,Electric,37.1,0,245.5,2025,Electronic City,48
356C,Volvo 9400XL,Diesel,44.8,41.99,133.4,2025,Majestic,22
60A,Ashok Leyland Viking,Diesel,46.4,26.26,100.4,2025,Indiranagar,67
401A,Volvo 8400 B7RLE,Diesel,26.9,52.76,162.6,2025,RT Nagar,72
210N,Volvo 8400 B7RLE,Diesel,47.5,84.41,236.8,2025,Jayanagar,62
356C,Ashok Leyland Viking,Diesel,46.9,24.22,74.7,2025,Majestic,52
201R,Switch EiV 12,Electric,49.2,0,179.2,2025,Yelahanka,69
96E,Tata Marcopolo,CNG,41.2,23.98,74.6,2025,Electronic City,27
60A,Ashok Leyland Viking,Diesel,45.1,45.27,142.6,2025,Indiranagar,23
348C,Volvo 9400XL,Diesel,39,93.7,279.4,2025,Marathahalli,73
401A,Volvo 9400XL,Diesel,33.8,35.44,108.4,2025,RT Nagar,60
348C,Volvo 8400 B7RLE,Diesel,34.2,23.5,75.1,2025,Marathahalli,62
365B,Volvo 9400XL,Diesel,41.4,61.46,219,2025,Silk Board,80
96E,Ashok Leyland Viking,Diesel,30.4,17.69,61.8,2025,Electronic City,59
365B,Eicher Skyline Pro,CNG,25.1,39.58,166.5,2025,Silk Board,54
600A,Eicher Skyline Pro,CNG,38.7,74.2,230,2025,Banashankari,58
500D,Eicher Skyline Pro,CNG,39.6,54.78,228.6,2025,Whitefield,59
210N,Volvo 8400 B7RLE,Diesel,45.1,68.78,225.4,2025,Jayanagar,68
201R,Volvo 8400 B7RLE,Diesel,41.8,26.5,90.9,2025,Yelahanka,53
348C,Ashok Leyland Viking,Diesel,29.2,79.97,223.3,2025,Marathahalli,54
77E,Switch EiV 12,Electric,43.7,0,255.9,2025,KR Puram,79
213K,Eicher Skyline Pro,CNG,44,66.69,259.8,2025,Banerghatta,39
500D,Switch EiV 12,Electric,47.2,0,203.9,2025,Whitefield,80
201R,Eicher Skyline Pro,CNG,40.8,57.9,187.3,2025,Yelahanka,16
600A,Eicher Skyline Pro,CNG,42.9,48.23,164.3,2025,Banashankari,74
365B,Ashok Leyland Viking,Diesel,32.8,36.51,104.5,2025,Silk Board,11
77E,Ashok Leyland Viking,Diesel,35.6,27.79,107.3,2025,KR Puram,45
12G,Switch EiV 12,Electric,29.7,0,171.6,2025,BTM Layout,14
43E,Eicher Skyline Pro,CNG,42.4,21.52,76.9,2025,Hebbal,33
356C,Volvo 9400XL,Diesel,41.5,65.18,240.8,2025,Majestic,77
43E,Switch EiV 12,Electric,42.3,0,119.8,2025,Hebbal,10
215K,Volvo 8400 B7RLE,Diesel,48.5,34.19,118.1,2025,Kengeri,24
201R,Ashok Leyland Viking,Diesel,31.7,47.16,131.4,2025,Yelahanka,25
K1,Ashok Leyland Viking,Diesel,30.5,62.72,212.8,2025,Koramangala,34
600A,Ashok Leyland Viking,Diesel,41.5,31.75,118.2,2025,Banashankari,61
356C,Volvo 9400XL,Diesel,44,83.12,231.2,2025,Majestic,41
365B,Volvo 9400XL,Diesel,42.5,26.01,79.4,2025,Silk Board,63
K1,Eicher Skyline Pro,CNG,25.8,45.76,155.1,2025,Koramangala,14
252H,Volvo 8400 B7RLE,Diesel,47,23.52,67.4,2025,Bommanahalli,12
12G,Eicher Skyline Pro,CNG,26,45.65,182.6,2025,BTM Layout,73
